{
"file": "fishing_great_record_sheet1.png",
"frames": {
    "fishing_great_bg_1_png":{"x":1,"y": 1,"w": 655, "h":90,"offX":0,"offY":0,"sourceW":655,"sourceH":90}, 
    "fishing_great_bg_2_png":{"x":1,"y": 92,"w": 655, "h":90,"offX":0,"offY":0,"sourceW":655,"sourceH":90}, 
    "fishing_great_btn_back_png":{"x":1,"y": 183,"w": 169, "h":66,"offX":0,"offY":0,"sourceW":169,"sourceH":66}, 
    "fishing_great_crown_png":{"x":171,"y": 183,"w": 32, "h":30,"offX":0,"offY":0,"sourceW":32,"sourceH":30}
},
"SmartUpdateHash": "$TexturePacker:SmartUpdate:1d0cc0b99592ce27cfdbb46e29fe73f1:8bed94cc0b7b520f5fcc02bca250928a:1341b83d0803b85af82f795bf716beb4$"
}