{
"file": "rps_hero3_sheet1.png",
"frames": {
    "rps_head_3_1_png":{"x":139,"y": 1,"w": 109, "h":109,"offX":0,"offY":0,"sourceW":109,"sourceH":109}, 
    "rps_head_3_2_png":{"x":139,"y": 111,"w": 109, "h":109,"offX":0,"offY":0,"sourceW":109,"sourceH":109}, 
    "rps_head_3_3_png":{"x":1,"y": 367,"w": 109, "h":109,"offX":0,"offY":0,"sourceW":109,"sourceH":109}, 
    "rps_hero_3_1_png":{"x":132,"y": 221,"w": 119, "h":186,"offX":0,"offY":0,"sourceW":119,"sourceH":186}, 
    "rps_hero_3_2_png":{"x":1,"y": 201,"w": 130, "h":165,"offX":0,"offY":0,"sourceW":130,"sourceH":165}, 
    "rps_hero_3_3_png":{"x":1,"y": 1,"w": 137, "h":199,"offX":0,"offY":0,"sourceW":137,"sourceH":199}
},
"SmartUpdateHash": "$TexturePacker:SmartUpdate:a1f7e64499733d7b0fbaadc8639b2887:c4474f920163a12a04083396d75c0308:1da4dd6fbb32deef2eb376ee3175dff1$"
}