{
"file": "luck_bet_record_sheet1.png",
"frames": {
    "luck_bet_arrow_png":{"x":716,"y": 125,"w": 35, "h":47,"offX":0,"offY":0,"sourceW":35,"sourceH":47}, 
    "luck_bet_btn1_png":{"x":247,"y": 125,"w": 468, "h":73,"offX":0,"offY":0,"sourceW":468,"sourceH":73}, 
    "luck_bet_btn2_png":{"x":247,"y": 199,"w": 329, "h":65,"offX":0,"offY":0,"sourceW":329,"sourceH":65}, 
    "luck_bet_btn3_png":{"x":247,"y": 265,"w": 329, "h":65,"offX":0,"offY":0,"sourceW":329,"sourceH":65}, 
    "luck_bet_detail_png":{"x":1,"y": 125,"w": 245, "h":244,"offX":0,"offY":0,"sourceW":245,"sourceH":244}, 
    "luck_bet_title_png":{"x":1,"y": 1,"w": 750, "h":123,"offX":0,"offY":0,"sourceW":750,"sourceH":123}
},
"SmartUpdateHash": "$TexturePacker:SmartUpdate:6ce54733af66502dc1a3c4a46870003f:0a1c5e30e25667157f5be46d2ae0e6ae:5ae7e29766aad19482695db153426e1b$"
}