{
"file": "zoo_frenzy_num_effect_sheet1.png",
"frames": {
    "zoo_frenzy_num_effect_4_png":{"x":365,"y": 382,"w": 367, "h":370,"offX":4,"offY":14,"sourceW":375,"sourceH":390}, 
    "zoo_frenzy_num_effect_5_png":{"x":363,"y": 1,"w": 375, "h":380,"offX":0,"offY":8,"sourceW":375,"sourceH":390}, 
    "zoo_frenzy_num_effect_6_png":{"x":1,"y": 1,"w": 361, "h":388,"offX":14,"offY":2,"sourceW":375,"sourceH":390}, 
    "zoo_frenzy_num_effect_7_png":{"x":1,"y": 390,"w": 363, "h":368,"offX":12,"offY":0,"sourceW":375,"sourceH":390}
},
"SmartUpdateHash": "$TexturePacker:SmartUpdate:25779d81cef9bc4fe77c0ac1eef7191d:e8c8669354b14ee394f9df2175fe2b12:576b0c1c1355b07474211756899317f8$"
}