{
"file": "Goods_sheet1.png",
"frames": {
    "prize_chip_png":{"x":154,"y": 222,"w": 130, "h":132,"offX":0,"offY":0,"sourceW":130,"sourceH":132}, 
    "prize_gold_png":{"x":285,"y": 222,"w": 110, "h":109,"offX":0,"offY":0,"sourceW":110,"sourceH":109}, 
    "prize_gprs_png":{"x":443,"y": 169,"w": 193, "h":193,"offX":0,"offY":0,"sourceW":193,"sourceH":193}, 
    "prize_jd_card_png":{"x":1,"y": 1,"w": 220, "h":220,"offX":0,"offY":0,"sourceW":220,"sourceH":220}, 
    "prize_phone_card_png":{"x":222,"y": 1,"w": 220, "h":220,"offX":0,"offY":0,"sourceW":220,"sourceH":220}, 
    "prize_red_bag_png":{"x":1,"y": 222,"w": 152, "h":150,"offX":0,"offY":0,"sourceW":152,"sourceH":150}, 
    "prizep_phone_bg_png":{"x":443,"y": 1,"w": 259, "h":167,"offX":0,"offY":0,"sourceW":259,"sourceH":167}
},
"SmartUpdateHash": "$TexturePacker:SmartUpdate:efeb3ea3378f90b6b52db770b5321fad:26abda9013c8be76c716d55b3b8f319f:d7d0a7bca8811054904b64119ec77427$"
}