{
"file": "zoo_num_sheet1.png",
"frames": {
    "zoo_num_pur_0_png":{"x":1,"y": 1,"w": 46, "h":60,"offX":0,"offY":0,"sourceW":46,"sourceH":60}, 
    "zoo_num_pur_1_png":{"x":455,"y": 1,"w": 28, "h":58,"offX":7,"offY":1,"sourceW":46,"sourceH":60}, 
    "zoo_num_pur_10_png":{"x":408,"y": 1,"w": 46, "h":46,"offX":0,"offY":7,"sourceW":46,"sourceH":60}, 
    "zoo_num_pur_2_png":{"x":320,"y": 1,"w": 42, "h":60,"offX":2,"offY":0,"sourceW":46,"sourceH":60}, 
    "zoo_num_pur_3_png":{"x":95,"y": 1,"w": 44, "h":60,"offX":1,"offY":0,"sourceW":46,"sourceH":60}, 
    "zoo_num_pur_4_png":{"x":1,"y": 62,"w": 46, "h":60,"offX":0,"offY":0,"sourceW":46,"sourceH":60}, 
    "zoo_num_pur_5_png":{"x":95,"y": 62,"w": 44, "h":60,"offX":1,"offY":0,"sourceW":46,"sourceH":60}, 
    "zoo_num_pur_6_png":{"x":140,"y": 1,"w": 44, "h":60,"offX":1,"offY":0,"sourceW":46,"sourceH":60}, 
    "zoo_num_pur_7_png":{"x":363,"y": 1,"w": 44, "h":58,"offX":1,"offY":1,"sourceW":46,"sourceH":60}, 
    "zoo_num_pur_8_png":{"x":140,"y": 62,"w": 44, "h":60,"offX":1,"offY":0,"sourceW":46,"sourceH":60}, 
    "zoo_num_pur_9_png":{"x":185,"y": 1,"w": 44, "h":60,"offX":1,"offY":0,"sourceW":46,"sourceH":60}, 
    "zoo_num_yel_0_png":{"x":48,"y": 1,"w": 46, "h":60,"offX":0,"offY":0,"sourceW":46,"sourceH":60}, 
    "zoo_num_yel_1_png":{"x":455,"y": 60,"w": 28, "h":58,"offX":7,"offY":1,"sourceW":46,"sourceH":60}, 
    "zoo_num_yel_10_png":{"x":408,"y": 48,"w": 46, "h":46,"offX":0,"offY":7,"sourceW":46,"sourceH":60}, 
    "zoo_num_yel_2_png":{"x":320,"y": 62,"w": 42, "h":60,"offX":2,"offY":0,"sourceW":46,"sourceH":60}, 
    "zoo_num_yel_3_png":{"x":185,"y": 62,"w": 44, "h":60,"offX":1,"offY":0,"sourceW":46,"sourceH":60}, 
    "zoo_num_yel_4_png":{"x":48,"y": 62,"w": 46, "h":60,"offX":0,"offY":0,"sourceW":46,"sourceH":60}, 
    "zoo_num_yel_5_png":{"x":230,"y": 1,"w": 44, "h":60,"offX":1,"offY":0,"sourceW":46,"sourceH":60}, 
    "zoo_num_yel_6_png":{"x":230,"y": 62,"w": 44, "h":60,"offX":1,"offY":0,"sourceW":46,"sourceH":60}, 
    "zoo_num_yel_7_png":{"x":363,"y": 60,"w": 44, "h":58,"offX":1,"offY":1,"sourceW":46,"sourceH":60}, 
    "zoo_num_yel_8_png":{"x":275,"y": 1,"w": 44, "h":60,"offX":1,"offY":0,"sourceW":46,"sourceH":60}, 
    "zoo_num_yel_9_png":{"x":275,"y": 62,"w": 44, "h":60,"offX":1,"offY":0,"sourceW":46,"sourceH":60}
},
"SmartUpdateHash": "$TexturePacker:SmartUpdate:96e00d9f97ddde1454c6a09d21e5ea46:17ed2f947af0a8ffa22b0172b4f5ae16:6fa05e11ca69815240990508e84f70ff$"
}