{
"file": "guess_daily_sheet1.png",
"frames": {
    "guess_daily_bg2_png":{"x":1,"y": 1,"w": 615, "h":629,"offX":0,"offY":0,"sourceW":615,"sourceH":629}, 
    "guess_daily_close1_png":{"x":617,"y": 257,"w": 69, "h":69,"offX":0,"offY":0,"sourceW":69,"sourceH":69}, 
    "guess_daily_close2_png":{"x":617,"y": 111,"w": 72, "h":72,"offX":0,"offY":0,"sourceW":72,"sourceH":72}, 
    "guess_daily_close3_png":{"x":617,"y": 184,"w": 72, "h":72,"offX":0,"offY":0,"sourceW":72,"sourceH":72}, 
    "guess_daily_coin_png":{"x":617,"y": 1,"w": 110, "h":109,"offX":0,"offY":0,"sourceW":110,"sourceH":109}, 
    "guess_daily_tanhao_png":{"x":569,"y": 631,"w": 147, "h":147,"offX":0,"offY":0,"sourceW":147,"sourceH":147}, 
    "guess_daily_title_png":{"x":1,"y": 631,"w": 567, "h":312,"offX":0,"offY":0,"sourceW":567,"sourceH":312}, 
    "guess_daily_yes_png":{"x":569,"y": 779,"w": 147, "h":147,"offX":0,"offY":0,"sourceW":147,"sourceH":147}
},
"SmartUpdateHash": "$TexturePacker:SmartUpdate:ce1b44a252e8f6fb9acfa492a98a7e9d:868f3291d40978452f525298c377a4c2:9f4fa30fcd4cfc1a0b1ebf5b83498b97$"
}