{
"file": "fishing_gift_animation_sheet1.png",
"frames": {
    "fishing_big_gold_1_png":{"x":535,"y": 395,"w": 91, "h":97,"offX":0,"offY":0,"sourceW":91,"sourceH":97}, 
    "fishing_big_gold_2_png":{"x":535,"y": 592,"w": 77, "h":102,"offX":0,"offY":0,"sourceW":77,"sourceH":102}, 
    "fishing_big_gold_3_png":{"x":535,"y": 293,"w": 97, "h":101,"offX":0,"offY":0,"sourceW":97,"sourceH":101}, 
    "fishing_big_gold_4_png":{"x":535,"y": 493,"w": 84, "h":98,"offX":0,"offY":0,"sourceW":84,"sourceH":98}, 
    "fishing_big_gold_5_png":{"x":1,"y": 827,"w": 235, "h":139,"offX":0,"offY":0,"sourceW":235,"sourceH":139}, 
    "fishing_big_gold_light_png":{"x":1,"y": 293,"w": 533, "h":533,"offX":0,"offY":0,"sourceW":533,"sourceH":533}, 
    "fishing_big_gold_title_png":{"x":1,"y": 1,"w": 641, "h":291,"offX":0,"offY":0,"sourceW":641,"sourceH":291}
},
"SmartUpdateHash": "$TexturePacker:SmartUpdate:6b8d50ab3c0e36753c9bd51d06fa6502:45af402fb624ae84577bd979fa632a27:47b9a94b9aca417d02c8b26fd4e8cf9e$"
}