{
"file": "login_mayiyoule_sheet1.png",
"frames": {
    "login_306_png":{"x":1,"y": 480,"w": 528, "h":69,"offX":0,"offY":0,"sourceW":528,"sourceH":69}, 
    "login_311_png":{"x":1,"y": 550,"w": 514, "h":55,"offX":0,"offY":0,"sourceW":514,"sourceH":55}, 
    "login_mayiyoule_10_png":{"x":1,"y": 606,"w": 440, "h":92,"offX":0,"offY":0,"sourceW":440,"sourceH":94}, 
    "login_mayiyoule_11_png":{"x":213,"y": 699,"w": 253, "h":149,"offX":4,"offY":3,"sourceW":257,"sourceH":157}, 
    "login_mayiyoule_13_png":{"x":213,"y": 849,"w": 245, "h":92,"offX":0,"offY":0,"sourceW":245,"sourceH":94}, 
    "login_mayiyoule_14_png":{"x":467,"y": 657,"w": 253, "h":148,"offX":4,"offY":0,"sourceW":257,"sourceH":150}, 
    "login_mayiyoule_15_png":{"x":467,"y": 806,"w": 136, "h":96,"offX":0,"offY":0,"sourceW":136,"sourceH":96}, 
    "login_mayiyoule_2_png":{"x":1,"y": 699,"w": 211, "h":239,"offX":0,"offY":0,"sourceW":211,"sourceH":239}, 
    "login_mayiyoule_3_png":{"x":1,"y": 1,"w": 750, "h":478,"offX":0,"offY":2,"sourceW":750,"sourceH":482}, 
    "login_mayiyoule_5_png":{"x":459,"y": 903,"w": 120, "h":93,"offX":0,"offY":0,"sourceW":120,"sourceH":93}, 
    "login_mayiyoule_7_png":{"x":604,"y": 806,"w": 134, "h":106,"offX":0,"offY":0,"sourceW":134,"sourceH":106}, 
    "login_mayiyoule_8_png":{"x":530,"y": 480,"w": 158, "h":176,"offX":3,"offY":0,"sourceW":170,"sourceH":176}
},
"SmartUpdateHash": "$TexturePacker:SmartUpdate:9f7d3ee1281d6648e99db646f5347643:f9e1a29a8fa0c8e7567dc84c28af3ac5:5c8b5f7369c4ab8bb1af2cb6aac0d85b$"
}