{
"file": "daily_sign_sheet1.png",
"frames": {
    "sign_bg_png":{"x":147,"y": 83,"w": 60, "h":60,"offX":0,"offY":0,"sourceW":60,"sourceH":60}, 
    "sign_cell_png":{"x":1,"y": 1,"w": 145, "h":144,"offX":0,"offY":0,"sourceW":145,"sourceH":144}, 
    "sign_label_png":{"x":147,"y": 1,"w": 81, "h":81,"offX":0,"offY":0,"sourceW":81,"sourceH":81}
},
"SmartUpdateHash": "$TexturePacker:SmartUpdate:d5666aa8c4d7eae9954d4f79733f6ee4:6f25eae2fd856b77e99ef5974eed7279:4bc53912a794e4167dfeb96f36f266a8$"
}