{
"file": "zoo_sheet2.png",
"frames": {
    "zoo_btn_focus_png":{"x":690,"y": 426,"w": 52, "h":80,"offX":0,"offY":0,"sourceW":52,"sourceH":80}, 
    "zoo_ele_win_bg_png":{"x":393,"y": 470,"w": 296, "h":296,"offX":0,"offY":0,"sourceW":296,"sourceH":296}, 
    "zoo_ele_win_title_png":{"x":1,"y": 862,"w": 391, "h":101,"offX":0,"offY":0,"sourceW":391,"sourceH":101}, 
    "zoo_glass_png":{"x":1,"y": 1,"w": 750, "h":229,"offX":0,"offY":0,"sourceW":750,"sourceH":229}, 
    "zoo_gold_png":{"x":698,"y": 838,"w": 61, "h":52,"offX":0,"offY":0,"sourceW":61,"sourceH":52}, 
    "zoo_gold_cirle_png":{"x":1,"y": 470,"w": 391, "h":391,"offX":0,"offY":0,"sourceW":391,"sourceH":391}, 
    "zoo_gold_title_png":{"x":1,"y": 231,"w": 658, "h":238,"offX":0,"offY":0,"sourceW":658,"sourceH":238}, 
    "zoo_hip_win_title_png":{"x":393,"y": 887,"w": 304, "h":78,"offX":0,"offY":0,"sourceW":304,"sourceH":78}, 
    "zoo_multi_light_png":{"x":689,"y": 767,"w": 70, "h":70,"offX":0,"offY":0,"sourceW":70,"sourceH":70}, 
    "zoo_redbag_png":{"x":660,"y": 231,"w": 86, "h":110,"offX":0,"offY":4,"sourceW":86,"sourceH":116}, 
    "zoo_redbag_s_png":{"x":690,"y": 507,"w": 39, "h":51,"offX":0,"offY":1,"sourceW":39,"sourceH":53}, 
    "zoo_score_png":{"x":698,"y": 891,"w": 52, "h":52,"offX":0,"offY":0,"sourceW":52,"sourceH":52}, 
    "zoo_shape_png":{"x":698,"y": 948,"w": 17, "h":17,"offX":0,"offY":0,"sourceW":17,"sourceH":17}, 
    "zoo_shining_png":{"x":730,"y": 507,"w": 11, "h":11,"offX":0,"offY":0,"sourceW":11,"sourceH":11}, 
    "zoo_skill_lock_aim_png":{"x":660,"y": 342,"w": 83, "h":83,"offX":0,"offY":0,"sourceW":83,"sourceH":83}, 
    "zoo_skill_lock_dot_png":{"x":660,"y": 426,"w": 26, "h":26,"offX":5,"offY":5,"sourceW":36,"sourceH":36}, 
    "zoo_star_png":{"x":690,"y": 595,"w": 20, "h":19,"offX":0,"offY":0,"sourceW":20,"sourceH":19}, 
    "zoo_task_3_png":{"x":698,"y": 944,"w": 58, "h":3,"offX":0,"offY":0,"sourceW":58,"sourceH":3}, 
    "zoo_task_4_png":{"x":660,"y": 453,"w": 20, "h":14,"offX":0,"offY":0,"sourceW":20,"sourceH":14}, 
    "zoo_task_6_png":{"x":393,"y": 767,"w": 295, "h":119,"offX":0,"offY":0,"sourceW":295,"sourceH":119}, 
    "zoo_voice_png":{"x":690,"y": 559,"w": 42, "h":35,"offX":0,"offY":0,"sourceW":42,"sourceH":35}
},
"SmartUpdateHash": "$TexturePacker:SmartUpdate:54bcc42b5d342359cba08cf128548c1f:c3f4224177ce33cd77ca903e2b42a380:024b74e855a5cbd636cfd7887dcd0809$"
}