{
"file": "zoo_sheet3.png",
"frames": {
    "zoo_btn_menu_png":{"x":656,"y": 641,"w": 76, "h":76,"offX":0,"offY":0,"sourceW":76,"sourceH":76}, 
    "zoo_btn_return_png":{"x":654,"y": 718,"w": 76, "h":76,"offX":0,"offY":0,"sourceW":76,"sourceH":76}, 
    "zoo_effect_1_1_png":{"x":656,"y": 438,"w": 101, "h":131,"offX":19,"offY":0,"sourceW":135,"sourceH":133}, 
    "zoo_gold_bg_png":{"x":1,"y": 199,"w": 446, "h":179,"offX":0,"offY":0,"sourceW":446,"sourceH":179}, 
    "zoo_gold_text_png":{"x":448,"y": 199,"w": 284, "h":238,"offX":0,"offY":0,"sourceW":284,"sourceH":238}, 
    "zoo_head_bg4_png":{"x":419,"y": 669,"w": 163, "h":163,"offX":0,"offY":0,"sourceW":163,"sourceH":163}, 
    "zoo_hip_win_bg_png":{"x":1,"y": 379,"w": 247, "h":247,"offX":0,"offY":0,"sourceW":247,"sourceH":247}, 
    "zoo_ice_frozen_png":{"x":656,"y": 570,"w": 99, "h":70,"offX":0,"offY":0,"sourceW":99,"sourceH":70}, 
    "zoo_ice_frozen_light_png":{"x":425,"y": 438,"w": 230, "h":230,"offX":0,"offY":0,"sourceW":230,"sourceH":230}, 
    "zoo_lock_light_png":{"x":583,"y": 669,"w": 70, "h":70,"offX":0,"offY":0,"sourceW":70,"sourceH":70}, 
    "zoo_menu_png":{"x":1,"y": 912,"w": 193, "h":57,"offX":0,"offY":0,"sourceW":193,"sourceH":57}, 
    "zoo_reward_png":{"x":525,"y": 889,"w": 76, "h":76,"offX":0,"offY":0,"sourceW":76,"sourceH":76}, 
    "zoo_self_3_png":{"x":249,"y": 613,"w": 169, "h":235,"offX":5,"offY":0,"sourceW":197,"sourceH":235}, 
    "zoo_self_4_png":{"x":249,"y": 379,"w": 175, "h":233,"offX":2,"offY":2,"sourceW":197,"sourceH":235}, 
    "zoo_shadow_png":{"x":525,"y": 833,"w": 190, "h":55,"offX":0,"offY":0,"sourceW":190,"sourceH":55}, 
    "zoo_shape2_png":{"x":1,"y": 858,"w": 218, "h":53,"offX":0,"offY":0,"sourceW":218,"sourceH":53}, 
    "zoo_task_1_png":{"x":232,"y": 849,"w": 292, "h":116,"offX":0,"offY":0,"sourceW":292,"sourceH":116}, 
    "zoo_tree_png":{"x":1,"y": 1,"w": 750, "h":197,"offX":0,"offY":0,"sourceW":750,"sourceH":197}, 
    "zoo_win_light_png":{"x":1,"y": 627,"w": 230, "h":230,"offX":0,"offY":0,"sourceW":230,"sourceH":230}
},
"SmartUpdateHash": "$TexturePacker:SmartUpdate:54bcc42b5d342359cba08cf128548c1f:c3f4224177ce33cd77ca903e2b42a380:024b74e855a5cbd636cfd7887dcd0809$"
}