{
"file": "race_animal_sheet1.png",
"frames": {
    "race_ani_1_1_png":{"x":1,"y": 599,"w": 150, "h":80,"offX":15,"offY":11,"sourceW":182,"sourceH":102}, 
    "race_ani_1_2_png":{"x":379,"y": 559,"w": 162, "h":74,"offX":9,"offY":14,"sourceW":182,"sourceH":102}, 
    "race_ani_1_3_png":{"x":1,"y": 407,"w": 162, "h":102,"offX":10,"offY":0,"sourceW":182,"sourceH":102}, 
    "race_ani_1_mud_png":{"x":379,"y": 634,"w": 160, "h":60,"offX":11,"offY":39,"sourceW":182,"sourceH":102}, 
    "race_ani_1_ready_png":{"x":1,"y": 510,"w": 158, "h":88,"offX":9,"offY":8,"sourceW":182,"sourceH":102}, 
    "race_ani_1_water_png":{"x":371,"y": 695,"w": 160, "h":54,"offX":10,"offY":46,"sourceW":182,"sourceH":102}, 
    "race_ani_2_1_png":{"x":540,"y": 671,"w": 206, "h":106,"offX":53,"offY":47,"sourceW":266,"sourceH":156}, 
    "race_ani_2_2_png":{"x":274,"y": 750,"w": 218, "h":92,"offX":48,"offY":43,"sourceW":266,"sourceH":156}, 
    "race_ani_2_3_png":{"x":1,"y": 158,"w": 196, "h":156,"offX":59,"offY":0,"sourceW":266,"sourceH":156}, 
    "race_ani_2_mud_png":{"x":274,"y": 843,"w": 198, "h":78,"offX":16,"offY":68,"sourceW":266,"sourceH":156}, 
    "race_ani_2_ready_png":{"x":409,"y": 426,"w": 156, "h":132,"offX":74,"offY":13,"sourceW":266,"sourceH":156}, 
    "race_ani_2_water_png":{"x":1,"y": 847,"w": 232, "h":64,"offX":0,"offY":85,"sourceW":266,"sourceH":156}, 
    "race_ani_3_1_png":{"x":198,"y": 310,"w": 210, "h":119,"offX":30,"offY":24,"sourceW":244,"sourceH":169}, 
    "race_ani_3_2_png":{"x":542,"y": 563,"w": 216, "h":107,"offX":28,"offY":33,"sourceW":244,"sourceH":169}, 
    "race_ani_3_3_png":{"x":238,"y": 140,"w": 204, "h":169,"offX":34,"offY":0,"sourceW":244,"sourceH":169}, 
    "race_ani_3_mud_png":{"x":493,"y": 778,"w": 218, "h":89,"offX":13,"offY":35,"sourceW":244,"sourceH":169}, 
    "race_ani_3_ready_png":{"x":152,"y": 646,"w": 218, "h":99,"offX":26,"offY":35,"sourceW":244,"sourceH":169}, 
    "race_ani_3_water_png":{"x":1,"y": 315,"w": 192, "h":91,"offX":30,"offY":43,"sourceW":244,"sourceH":169}, 
    "race_ani_4_1_png":{"x":495,"y": 1,"w": 234, "h":150,"offX":40,"offY":6,"sourceW":284,"sourceH":156}, 
    "race_ani_4_2_png":{"x":238,"y": 1,"w": 256, "h":138,"offX":28,"offY":10,"sourceW":284,"sourceH":156}, 
    "race_ani_4_3_png":{"x":1,"y": 1,"w": 236, "h":156,"offX":39,"offY":0,"sourceW":284,"sourceH":156}, 
    "race_ani_4_mud_png":{"x":164,"y": 430,"w": 242, "h":102,"offX":0,"offY":43,"sourceW":284,"sourceH":156}, 
    "race_ani_4_ready_png":{"x":160,"y": 533,"w": 218, "h":112,"offX":21,"offY":29,"sourceW":284,"sourceH":156}, 
    "race_ani_4_water_png":{"x":59,"y": 746,"w": 214, "h":100,"offX":31,"offY":39,"sourceW":284,"sourceH":156}, 
    "race_ani_5_1_png":{"x":615,"y": 303,"w": 143, "h":143,"offX":15,"offY":0,"sourceW":185,"sourceH":153}, 
    "race_ani_5_2_png":{"x":443,"y": 152,"w": 175, "h":143,"offX":0,"offY":0,"sourceW":185,"sourceH":153}, 
    "race_ani_5_3_png":{"x":443,"y": 296,"w": 171, "h":129,"offX":1,"offY":7,"sourceW":185,"sourceH":153}, 
    "race_ani_5_mud_png":{"x":566,"y": 447,"w": 165, "h":115,"offX":20,"offY":38,"sourceW":185,"sourceH":153}, 
    "race_ani_5_ready_png":{"x":615,"y": 303,"w": 143, "h":143,"offX":15,"offY":0,"sourceW":185,"sourceH":153}, 
    "race_ani_5_water_png":{"x":619,"y": 152,"w": 125, "h":119,"offX":41,"offY":34,"sourceW":185,"sourceH":153}, 
    "race_arrow_1_png":{"x":1,"y": 680,"w": 57, "h":33,"offX":0,"offY":0,"sourceW":57,"sourceH":33}, 
    "race_arrow_2_png":{"x":59,"y": 680,"w": 57, "h":33,"offX":0,"offY":0,"sourceW":57,"sourceH":33}, 
    "race_arrow_3_png":{"x":1,"y": 714,"w": 57, "h":33,"offX":0,"offY":0,"sourceW":57,"sourceH":33}, 
    "race_shadow_png":{"x":619,"y": 272,"w": 133, "h":30,"offX":0,"offY":0,"sourceW":133,"sourceH":30}
},
"SmartUpdateHash": "$TexturePacker:SmartUpdate:1cd58b7a9f99a2553107120c6c8c35f8:95b2036319c72a50cb7a77c8dd96321d:e3188ad45303e932585fa13d12cff827$"
}