{
"file": "login_fengkuangjingji_sheet2.png",
"frames": {
    "login_fengkuangjingji_19_png":{"x":1,"y": 523,"w": 164, "h":71,"offX":0,"offY":0,"sourceW":164,"sourceH":71}, 
    "login_fengkuangjingji_4_png":{"x":1,"y": 595,"w": 164, "h":70,"offX":0,"offY":0,"sourceW":164,"sourceH":70}, 
    "login_fengkuangjingji_6_png":{"x":1,"y": 1,"w": 249, "h":260,"offX":0,"offY":0,"sourceW":249,"sourceH":260}, 
    "login_fengkuangjingji_7_png":{"x":1,"y": 262,"w": 249, "h":260,"offX":0,"offY":0,"sourceW":249,"sourceH":260}
},
"SmartUpdateHash": "$TexturePacker:SmartUpdate:a37761a8fa373a3cbac64daeb169ecbe:7040a82adc1862c3ec0b0253671f2312:8e0b336f00bded83421481446a09aa1f$"
}