{
"file": "login_haoku_sheet2.png",
"frames": {
    "login_306_png":{"x":1,"y": 1,"w": 528, "h":69,"offX":0,"offY":0,"sourceW":528,"sourceH":69}, 
    "login_311_png":{"x":1,"y": 71,"w": 514, "h":55,"offX":0,"offY":0,"sourceW":514,"sourceH":55}, 
    "login_haoku_10_png":{"x":1,"y": 520,"w": 220, "h":85,"offX":4,"offY":3,"sourceW":224,"sourceH":91}, 
    "login_haoku_11_png":{"x":310,"y": 358,"w": 254, "h":255,"offX":1,"offY":1,"sourceW":256,"sourceH":257}, 
    "login_haoku_13_png":{"x":383,"y": 307,"w": 86, "h":47,"offX":0,"offY":0,"sourceW":88,"sourceH":49}, 
    "login_haoku_14_png":{"x":383,"y": 259,"w": 127, "h":47,"offX":2,"offY":0,"sourceW":131,"sourceH":49}, 
    "login_haoku_15_png":{"x":393,"y": 211,"w": 129, "h":47,"offX":0,"offY":0,"sourceW":131,"sourceH":49}, 
    "login_haoku_2_png":{"x":1,"y": 213,"w": 381, "h":144,"offX":0,"offY":0,"sourceW":381,"sourceH":144}, 
    "login_haoku_3_png":{"x":393,"y": 127,"w": 151, "h":83,"offX":0,"offY":3,"sourceW":151,"sourceH":89}, 
    "login_haoku_6_png":{"x":1,"y": 358,"w": 308, "h":161,"offX":0,"offY":2,"sourceW":308,"sourceH":165}, 
    "login_haoku_7_png":{"x":1,"y": 614,"w": 254, "h":255,"offX":0,"offY":1,"sourceW":254,"sourceH":257}, 
    "login_haoku_8_png":{"x":1,"y": 127,"w": 391, "h":85,"offX":4,"offY":3,"sourceW":395,"sourceH":91}, 
    "login_haoku_9_png":{"x":256,"y": 614,"w": 254, "h":255,"offX":0,"offY":1,"sourceW":254,"sourceH":257}
},
"SmartUpdateHash": "$TexturePacker:SmartUpdate:1941a398a12ce90c1fea11351545b213:172f42dd1a55a574b210aaed4d6cb40a:88bac8e0f73088be218ac0718aa57c35$"
}