{
"file": "login_aileyouxiba_sheet2.png",
"frames": {
    "login_306_png":{"x":1,"y": 491,"w": 528, "h":69,"offX":0,"offY":0,"sourceW":528,"sourceH":69}, 
    "login_311_png":{"x":1,"y": 561,"w": 514, "h":55,"offX":0,"offY":0,"sourceW":514,"sourceH":55}, 
    "login_aileyouxiba_11_png":{"x":164,"y": 629,"w": 481, "h":126,"offX":3,"offY":4,"sourceW":487,"sourceH":134}, 
    "login_aileyouxiba_14_png":{"x":1,"y": 1,"w": 637, "h":489,"offX":0,"offY":7,"sourceW":637,"sourceH":501}, 
    "login_aileyouxiba_16_png":{"x":1,"y": 629,"w": 162, "h":167,"offX":3,"offY":1,"sourceW":168,"sourceH":171}, 
    "login_aileyouxiba_7_png":{"x":530,"y": 491,"w": 132, "h":137,"offX":3,"offY":1,"sourceW":138,"sourceH":141}
},
"SmartUpdateHash": "$TexturePacker:SmartUpdate:264f30b1ceccf7c3634ab4049c82cc89:e57c0d799d63f8053e00dbadf7a5cf05:9f7cea69143842451285bfaad9fcc27e$"
}