{
"file": "zoo_extral_ani_sheet1.png",
"frames": {
    "zoo_animal_13_1_png":{"x":339,"y": 155,"w": 165, "h":157,"offX":7,"offY":0,"sourceW":181,"sourceH":157}, 
    "zoo_animal_13_2_png":{"x":505,"y": 155,"w": 167, "h":157,"offX":5,"offY":0,"sourceW":181,"sourceH":157}, 
    "zoo_animal_13_3_png":{"x":173,"y": 1,"w": 169, "h":153,"offX":2,"offY":2,"sourceW":181,"sourceH":157}, 
    "zoo_animal_13_4_png":{"x":1,"y": 1,"w": 171, "h":149,"offX":1,"offY":5,"sourceW":181,"sourceH":157}, 
    "zoo_animal_13_5_png":{"x":343,"y": 1,"w": 171, "h":153,"offX":0,"offY":3,"sourceW":181,"sourceH":157}, 
    "zoo_animal_13_6_png":{"x":515,"y": 1,"w": 167, "h":153,"offX":2,"offY":3,"sourceW":181,"sourceH":157}, 
    "zoo_animal_13_7_png":{"x":1,"y": 151,"w": 167, "h":155,"offX":4,"offY":1,"sourceW":181,"sourceH":157}, 
    "zoo_animal_13_8_png":{"x":169,"y": 155,"w": 169, "h":155,"offX":6,"offY":0,"sourceW":181,"sourceH":157}, 
    "zoo_animal_14_1_png":{"x":275,"y": 488,"w": 140, "h":204,"offX":1,"offY":0,"sourceW":144,"sourceH":206}, 
    "zoo_animal_14_2_png":{"x":416,"y": 488,"w": 138, "h":204,"offX":1,"offY":0,"sourceW":144,"sourceH":206}, 
    "zoo_animal_14_3_png":{"x":1,"y": 665,"w": 138, "h":206,"offX":1,"offY":0,"sourceW":144,"sourceH":206}, 
    "zoo_animal_14_4_png":{"x":140,"y": 693,"w": 138, "h":206,"offX":0,"offY":0,"sourceW":144,"sourceH":206}, 
    "zoo_animal_14_5_png":{"x":555,"y": 492,"w": 140, "h":204,"offX":0,"offY":1,"sourceW":144,"sourceH":206}, 
    "zoo_animal_14_6_png":{"x":279,"y": 693,"w": 142, "h":206,"offX":0,"offY":0,"sourceW":144,"sourceH":206}, 
    "zoo_animal_14_7_png":{"x":422,"y": 697,"w": 142, "h":206,"offX":0,"offY":0,"sourceW":144,"sourceH":206}, 
    "zoo_animal_14_8_png":{"x":565,"y": 697,"w": 140, "h":206,"offX":1,"offY":0,"sourceW":144,"sourceH":206}, 
    "zoo_animal_15_1_png":{"x":118,"y": 311,"w": 118, "h":172,"offX":8,"offY":4,"sourceW":144,"sourceH":178}, 
    "zoo_animal_15_2_png":{"x":600,"y": 313,"w": 124, "h":178,"offX":6,"offY":0,"sourceW":144,"sourceH":178}, 
    "zoo_animal_15_3_png":{"x":1,"y": 484,"w": 132, "h":176,"offX":7,"offY":0,"sourceW":144,"sourceH":178}, 
    "zoo_animal_15_4_png":{"x":237,"y": 313,"w": 118, "h":174,"offX":13,"offY":3,"sourceW":144,"sourceH":178}, 
    "zoo_animal_15_5_png":{"x":1,"y": 307,"w": 116, "h":170,"offX":9,"offY":4,"sourceW":144,"sourceH":178}, 
    "zoo_animal_15_6_png":{"x":356,"y": 313,"w": 118, "h":174,"offX":9,"offY":1,"sourceW":144,"sourceH":178}, 
    "zoo_animal_15_7_png":{"x":134,"y": 488,"w": 140, "h":176,"offX":4,"offY":0,"sourceW":144,"sourceH":178}, 
    "zoo_animal_15_8_png":{"x":475,"y": 313,"w": 124, "h":174,"offX":7,"offY":0,"sourceW":144,"sourceH":178}
},
"SmartUpdateHash": "$TexturePacker:SmartUpdate:8e9f6a358064b77c530b87d34ea4113c:198c43e2f75b19c885a7210f2f296065:4ebb72bfa0861a5b0e1e2ba8dcfecab2$"
}