{
"file": "daily_gold_sheet1.png",
"frames": {
    "daily_gold_bg_png":{"x":1,"y": 1,"w": 640, "h":481,"offX":0,"offY":0,"sourceW":640,"sourceH":481}, 
    "daily_gold_btn_1_png":{"x":208,"y": 735,"w": 430, "h":77,"offX":0,"offY":0,"sourceW":430,"sourceH":77}, 
    "daily_gold_btn_2_png":{"x":208,"y": 813,"w": 430, "h":77,"offX":0,"offY":0,"sourceW":430,"sourceH":77}, 
    "daily_gold_close_png":{"x":509,"y": 483,"w": 90, "h":90,"offX":0,"offY":0,"sourceW":90,"sourceH":90}, 
    "daily_gold_gift_png":{"x":1,"y": 735,"w": 206, "h":208,"offX":0,"offY":0,"sourceW":206,"sourceH":208}, 
    "daily_gold_title_png":{"x":1,"y": 483,"w": 507, "h":251,"offX":0,"offY":0,"sourceW":507,"sourceH":251}
},
"SmartUpdateHash": "$TexturePacker:SmartUpdate:5ef809bd412d3ea11f7c8d30bcc7e12a:36c44c4dcd297fc7f665d2a83e45bc52:8db8d24976ce4f177ed6dc18510bbd0d$"
}