{
"file": "zoo_effect2_sheet1.png",
"frames": {
    "zoo_effect_2_1_png":{"x":271,"y": 115,"w": 101, "h":131,"offX":19,"offY":0,"sourceW":135,"sourceH":133}, 
    "zoo_effect_2_2_png":{"x":1,"y": 1,"w": 115, "h":101,"offX":13,"offY":21,"sourceW":135,"sourceH":133}, 
    "zoo_effect_2_3_png":{"x":251,"y": 1,"w": 129, "h":113,"offX":5,"offY":13,"sourceW":135,"sourceH":133}, 
    "zoo_effect_2_4_png":{"x":117,"y": 1,"w": 133, "h":109,"offX":0,"offY":17,"sourceW":135,"sourceH":133}, 
    "zoo_effect_2_5_png":{"x":1,"y": 111,"w": 133, "h":109,"offX":0,"offY":17,"sourceW":135,"sourceH":133}, 
    "zoo_effect_2_6_png":{"x":135,"y": 115,"w": 135, "h":113,"offX":0,"offY":15,"sourceW":135,"sourceH":133}
},
"SmartUpdateHash": "$TexturePacker:SmartUpdate:834e69732f6f190777546e567c09733c:50800ebbd7acfd299be845f4bad05dba:775d9ec4336c74b10dfeab836ba666b5$"
}