{
"file": "login_tudouyule_sheet2.png",
"frames": {
    "login_tudouyule_11_png":{"x":1,"y": 502,"w": 188, "h":188,"offX":0,"offY":0,"sourceW":188,"sourceH":188}, 
    "login_tudouyule_5_png":{"x":1,"y": 204,"w": 216, "h":79,"offX":0,"offY":0,"sourceW":216,"sourceH":79}, 
    "login_tudouyule_6_png":{"x":1,"y": 691,"w": 163, "h":84,"offX":0,"offY":0,"sourceW":163,"sourceH":84}, 
    "login_tudouyule_7_png":{"x":1,"y": 1,"w": 237, "h":202,"offX":0,"offY":0,"sourceW":237,"sourceH":202}, 
    "login_tudouyule_8_png":{"x":1,"y": 284,"w": 192, "h":217,"offX":0,"offY":0,"sourceW":192,"sourceH":217}
},
"SmartUpdateHash": "$TexturePacker:SmartUpdate:192e30444cb664921c851090af6de0fc:00b079945a64f36f10a618276add6de9:920e6058d30287c5f7e61d79594b5dcf$"
}