{
"file": "login_tudouyule_sheet1.png",
"frames": {
    "login_tudouyule_10_png":{"x":1,"y": 1,"w": 658, "h":598,"offX":0,"offY":0,"sourceW":658,"sourceH":598}, 
    "login_tudouyule_2_png":{"x":1,"y": 600,"w": 358, "h":358,"offX":0,"offY":0,"sourceW":358,"sourceH":358}, 
    "login_tudouyule_3_png":{"x":360,"y": 600,"w": 386, "h":79,"offX":0,"offY":0,"sourceW":386,"sourceH":79}, 
    "login_tudouyule_4_png":{"x":360,"y": 680,"w": 386, "h":79,"offX":0,"offY":0,"sourceW":386,"sourceH":79}, 
    "login_tudouyule_9_png":{"x":360,"y": 760,"w": 292, "h":182,"offX":0,"offY":0,"sourceW":292,"sourceH":182}
},
"SmartUpdateHash": "$TexturePacker:SmartUpdate:192e30444cb664921c851090af6de0fc:00b079945a64f36f10a618276add6de9:920e6058d30287c5f7e61d79594b5dcf$"
}