{
"file": "zoo_rank_sheet1.png",
"frames": {
    "zoo_rank_arrow_png":{"x":441,"y": 262,"w": 29, "h":42,"offX":0,"offY":0,"sourceW":29,"sourceH":42}, 
    "zoo_rank_icon_png":{"x":207,"y": 338,"w": 53, "h":20,"offX":0,"offY":0,"sourceW":53,"sourceH":20}, 
    "zoo_rank_no1_png":{"x":207,"y": 262,"w": 77, "h":75,"offX":0,"offY":0,"sourceW":77,"sourceH":75}, 
    "zoo_rank_no2_png":{"x":285,"y": 262,"w": 77, "h":75,"offX":0,"offY":0,"sourceW":77,"sourceH":75}, 
    "zoo_rank_no3_png":{"x":363,"y": 262,"w": 77, "h":75,"offX":0,"offY":0,"sourceW":77,"sourceH":75}, 
    "zoo_rank_prev_png":{"x":1,"y": 262,"w": 102, "h":102,"offX":0,"offY":0,"sourceW":102,"sourceH":102}, 
    "zoo_rank_title_png":{"x":1,"y": 1,"w": 750, "h":260,"offX":0,"offY":0,"sourceW":750,"sourceH":260}, 
    "zoo_rank_today_png":{"x":104,"y": 262,"w": 102, "h":102,"offX":0,"offY":0,"sourceW":102,"sourceH":102}
},
"SmartUpdateHash": "$TexturePacker:SmartUpdate:98e2fd1f0b9c788636d1dba09a99e89f:43857201cfe9985ee67c1c7a134154e7:201016ce584ef0c4f2fccf97a250eda2$"
}