{
"file": "zoopc_sheet4.png",
"frames": {
    "zoopc_1094_png":{"x":457,"y": 1,"w": 283, "h":285,"offX":0,"offY":0,"sourceW":283,"sourceH":285}, 
    "zoopc_845_png":{"x":453,"y": 628,"w": 284, "h":337,"offX":0,"offY":0,"sourceW":284,"sourceH":337}, 
    "zoopc_850_png":{"x":457,"y": 287,"w": 282, "h":340,"offX":0,"offY":0,"sourceW":282,"sourceH":340}, 
    "zoopc_998_png":{"x":1,"y": 1,"w": 455, "h":491,"offX":15,"offY":47,"sourceW":481,"sourceH":565}, 
    "zoopc_999_png":{"x":1,"y": 493,"w": 451, "h":505,"offX":11,"offY":44,"sourceW":481,"sourceH":565}
},
"SmartUpdateHash": "$TexturePacker:SmartUpdate:f79fd74418f911686ff84d8b0e1bc876:1ec79295f31c83c0b6cd8367eefd2a86:f34002ecc052de056600da3f7103cc4a$"
}