{
"file": "zoopc_sheet2.png",
"frames": {
    "zoopc_1000_png":{"x":224,"y": 1,"w": 467, "h":513,"offX":5,"offY":19,"sourceW":481,"sourceH":565}, 
    "zoopc_1043_png":{"x":1,"y": 1,"w": 222, "h":900,"offX":0,"offY":0,"sourceW":222,"sourceH":900}, 
    "zoopc_996_png":{"x":224,"y": 515,"w": 457, "h":475,"offX":11,"offY":36,"sourceW":481,"sourceH":565}
},
"SmartUpdateHash": "$TexturePacker:SmartUpdate:f79fd74418f911686ff84d8b0e1bc876:1ec79295f31c83c0b6cd8367eefd2a86:f34002ecc052de056600da3f7103cc4a$"
}