{
"file": "zoopc_sheet5.png",
"frames": {
    "zoopc_1003_png":{"x":557,"y": 653,"w": 200, "h":203,"offX":99,"offY":77,"sourceW":396,"sourceH":401}, 
    "zoopc_1037_png":{"x":427,"y": 1,"w": 325, "h":325,"offX":0,"offY":0,"sourceW":325,"sourceH":325}, 
    "zoopc_1038_png":{"x":427,"y": 327,"w": 325, "h":325,"offX":0,"offY":0,"sourceW":325,"sourceH":325}, 
    "zoopc_846_png":{"x":1,"y": 653,"w": 277, "h":345,"offX":0,"offY":0,"sourceW":277,"sourceH":345}, 
    "zoopc_847_png":{"x":279,"y": 653,"w": 277, "h":341,"offX":0,"offY":0,"sourceW":277,"sourceH":341}, 
    "zoopc_928_png":{"x":1,"y": 467,"w": 185, "h":185,"offX":0,"offY":0,"sourceW":185,"sourceH":185}, 
    "zoopc_934_png":{"x":187,"y": 467,"w": 185, "h":185,"offX":0,"offY":0,"sourceW":185,"sourceH":185}, 
    "zoopc_995_png":{"x":1,"y": 1,"w": 425, "h":465,"offX":14,"offY":39,"sourceW":481,"sourceH":565}
},
"SmartUpdateHash": "$TexturePacker:SmartUpdate:f79fd74418f911686ff84d8b0e1bc876:1ec79295f31c83c0b6cd8367eefd2a86:f34002ecc052de056600da3f7103cc4a$"
}