{
"file": "zoopc_sheet7.png",
"frames": {
    "zoopc_1004_png":{"x":1,"y": 663,"w": 260, "h":267,"offX":67,"offY":48,"sourceW":396,"sourceH":401}, 
    "zoopc_1007_png":{"x":383,"y": 1,"w": 374, "h":381,"offX":11,"offY":5,"sourceW":396,"sourceH":401}, 
    "zoopc_1090_png":{"x":512,"y": 663,"w": 221, "h":227,"offX":31,"offY":19,"sourceW":283,"sourceH":285}, 
    "zoopc_1091_png":{"x":262,"y": 663,"w": 249, "h":255,"offX":17,"offY":9,"sourceW":283,"sourceH":285}, 
    "zoopc_1092_png":{"x":1,"y": 391,"w": 267, "h":271,"offX":9,"offY":4,"sourceW":283,"sourceH":285}, 
    "zoopc_1100_png":{"x":383,"y": 383,"w": 279, "h":279,"offX":0,"offY":0,"sourceW":279,"sourceH":279}, 
    "zoopc_994_png":{"x":1,"y": 1,"w": 381, "h":389,"offX":26,"offY":72,"sourceW":481,"sourceH":565}
},
"SmartUpdateHash": "$TexturePacker:SmartUpdate:f79fd74418f911686ff84d8b0e1bc876:1ec79295f31c83c0b6cd8367eefd2a86:f34002ecc052de056600da3f7103cc4a$"
}