{
"file": "zoo_effect4_sheet1.png",
"frames": {
    "zoo_effect_4_1_png":{"x":271,"y": 115,"w": 101, "h":131,"offX":19,"offY":0,"sourceW":135,"sourceH":133}, 
    "zoo_effect_4_2_png":{"x":1,"y": 1,"w": 115, "h":101,"offX":13,"offY":21,"sourceW":135,"sourceH":133}, 
    "zoo_effect_4_3_png":{"x":251,"y": 1,"w": 129, "h":113,"offX":5,"offY":13,"sourceW":135,"sourceH":133}, 
    "zoo_effect_4_4_png":{"x":117,"y": 1,"w": 133, "h":109,"offX":0,"offY":17,"sourceW":135,"sourceH":133}, 
    "zoo_effect_4_5_png":{"x":1,"y": 111,"w": 133, "h":109,"offX":0,"offY":17,"sourceW":135,"sourceH":133}, 
    "zoo_effect_4_6_png":{"x":135,"y": 115,"w": 135, "h":113,"offX":0,"offY":15,"sourceW":135,"sourceH":133}
},
"SmartUpdateHash": "$TexturePacker:SmartUpdate:dbc2bb31ce2d6ee65508c5e6b4cc5144:f1ff1d7fc08443cf1fbf398ab5ed49a4:df9a0bd2ea0b067881b3b8cbddd11b22$"
}