{
"file": "lot_common_sheet1.png",
"frames": {
    "lot_arrow_png":{"x":139,"y": 953,"w": 28, "h":15,"offX":0,"offY":0,"sourceW":28,"sourceH":15}, 
    "lot_bet_del_png":{"x":139,"y": 853,"w": 36, "h":36,"offX":0,"offY":0,"sourceW":36,"sourceH":36}, 
    "lot_bet_lose_png":{"x":1,"y": 1,"w": 750, "h":283,"offX":0,"offY":0,"sourceW":750,"sourceH":283}, 
    "lot_bet_succ_png":{"x":1,"y": 853,"w": 137, "h":137,"offX":0,"offY":0,"sourceW":137,"sourceH":137}, 
    "lot_bet_wait_png":{"x":1,"y": 285,"w": 750, "h":283,"offX":0,"offY":0,"sourceW":750,"sourceH":283}, 
    "lot_bet_win_png":{"x":1,"y": 569,"w": 750, "h":283,"offX":0,"offY":0,"sourceW":750,"sourceH":283}, 
    "lot_random_png":{"x":139,"y": 922,"w": 33, "h":30,"offX":0,"offY":0,"sourceW":33,"sourceH":30}, 
    "lot_voice_png":{"x":139,"y": 890,"w": 36, "h":31,"offX":0,"offY":0,"sourceW":36,"sourceH":31}
},
"SmartUpdateHash": "$TexturePacker:SmartUpdate:946b16521e793cc773811492bbf34228:72059eadc5005c1fb20fcf65ac062616:2d7d9c547f970d496c51e7fe026ecc89$"
}