{
"file": "game_icon_sheet1.png",
"frames": {
    "game_help_cell_png":{"x":1,"y": 321,"w": 610, "h":99,"offX":0,"offY":0,"sourceW":610,"sourceH":99}, 
    "game_help_icon_png":{"x":1,"y": 733,"w": 77, "h":77,"offX":0,"offY":0,"sourceW":77,"sourceH":77}, 
    "game_help_title_png":{"x":1,"y": 1,"w": 659, "h":178,"offX":0,"offY":0,"sourceW":659,"sourceH":178}, 
    "game_icon_1_png":{"x":612,"y": 321,"w": 40, "h":39,"offX":0,"offY":0,"sourceW":40,"sourceH":39}, 
    "game_icon_2_png":{"x":133,"y": 733,"w": 40, "h":39,"offX":0,"offY":0,"sourceW":40,"sourceH":39}, 
    "game_icon_3_png":{"x":79,"y": 733,"w": 53, "h":28,"offX":0,"offY":0,"sourceW":53,"sourceH":28}, 
    "game_icon_4_png":{"x":79,"y": 762,"w": 53, "h":28,"offX":0,"offY":0,"sourceW":53,"sourceH":28}, 
    "game_icon_5_png":{"x":1,"y": 180,"w": 659, "h":140,"offX":0,"offY":0,"sourceW":659,"sourceH":140}, 
    "game_icon_6_png":{"x":313,"y": 726,"w": 82, "h":82,"offX":0,"offY":0,"sourceW":82,"sourceH":82}, 
    "home_game_11x5_png":{"x":1,"y": 421,"w": 103, "h":103,"offX":0,"offY":0,"sourceW":103,"sourceH":103}, 
    "home_game_3dlotto_png":{"x":1,"y": 525,"w": 103, "h":103,"offX":0,"offY":0,"sourceW":103,"sourceH":103}, 
    "home_game_animal_png":{"x":417,"y": 421,"w": 96, "h":96,"offX":0,"offY":0,"sourceW":96,"sourceH":96}, 
    "home_game_cat_fish_png":{"x":313,"y": 629,"w": 96, "h":96,"offX":0,"offY":0,"sourceW":96,"sourceH":96}, 
    "home_game_doll_png":{"x":105,"y": 421,"w": 103, "h":103,"offX":0,"offY":0,"sourceW":103,"sourceH":103}, 
    "home_game_farm_png":{"x":417,"y": 518,"w": 96, "h":96,"offX":0,"offY":0,"sourceW":96,"sourceH":96}, 
    "home_game_fight_png":{"x":1,"y": 629,"w": 103, "h":103,"offX":0,"offY":0,"sourceW":103,"sourceH":103}, 
    "home_game_finger_guess_png":{"x":105,"y": 525,"w": 103, "h":103,"offX":0,"offY":0,"sourceW":103,"sourceH":103}, 
    "home_game_fish_png":{"x":514,"y": 421,"w": 96, "h":96,"offX":0,"offY":0,"sourceW":96,"sourceH":96}, 
    "home_game_football_png":{"x":209,"y": 421,"w": 103, "h":103,"offX":0,"offY":0,"sourceW":103,"sourceH":103}, 
    "home_game_fruit_png":{"x":514,"y": 518,"w": 96, "h":96,"offX":0,"offY":0,"sourceW":96,"sourceH":96}, 
    "home_game_guess_png":{"x":105,"y": 629,"w": 103, "h":103,"offX":0,"offY":0,"sourceW":103,"sourceH":103}, 
    "home_game_guessgold_png":{"x":209,"y": 525,"w": 103, "h":103,"offX":0,"offY":0,"sourceW":103,"sourceH":103}, 
    "home_game_luck_png":{"x":417,"y": 615,"w": 96, "h":96,"offX":0,"offY":0,"sourceW":96,"sourceH":96}, 
    "home_game_panda_png":{"x":514,"y": 615,"w": 96, "h":96,"offX":0,"offY":0,"sourceW":96,"sourceH":96}, 
    "home_game_shares_png":{"x":410,"y": 712,"w": 96, "h":96,"offX":0,"offY":0,"sourceW":96,"sourceH":96}, 
    "home_game_superlotto_png":{"x":313,"y": 421,"w": 103, "h":103,"offX":0,"offY":0,"sourceW":103,"sourceH":103}, 
    "home_game_treasure_png":{"x":507,"y": 712,"w": 96, "h":96,"offX":0,"offY":0,"sourceW":96,"sourceH":96}, 
    "home_game_unionlotto_png":{"x":209,"y": 629,"w": 103, "h":103,"offX":0,"offY":0,"sourceW":103,"sourceH":103}, 
    "home_game_xiyouji_png":{"x":313,"y": 525,"w": 103, "h":103,"offX":0,"offY":0,"sourceW":103,"sourceH":103}
},
"SmartUpdateHash": "$TexturePacker:SmartUpdate:7b7079ee19712101b25e17488d6021c5:4fd6e2f675ff4c60bbde4f265b03528c:62543892ff14ecedfec94382440521d5$"
}