{
"file": "guess_record_sheet2.png",
"frames": {
    "guess_record_bg1_png":{"x":1,"y": 1,"w": 750, "h":454,"offX":0,"offY":0,"sourceW":750,"sourceH":454}, 
    "guess_record_bg_head_png":{"x":439,"y": 456,"w": 183, "h":183,"offX":0,"offY":0,"sourceW":183,"sourceH":183}, 
    "guess_record_light_png":{"x":1,"y": 456,"w": 437, "h":310,"offX":0,"offY":0,"sourceW":437,"sourceH":310}, 
    "guess_record_win_png":{"x":1,"y": 767,"w": 417, "h":132,"offX":0,"offY":0,"sourceW":417,"sourceH":132}
},
"SmartUpdateHash": "$TexturePacker:SmartUpdate:b975276246767e9adbb92356f0f00c12:c8c84129620abf94706d5a16818e8928:d21e162ec4115282f0556e7213905aef$"
}