{
"file": "zoo_ice_effect_sheet1.png",
"frames": {
    "zoo_ice_effect1_png":{"x":529,"y": 606,"w": 170, "h":276,"offX":57,"offY":38,"sourceW":270,"sourceH":328}, 
    "zoo_ice_effect4_png":{"x":268,"y": 606,"w": 260, "h":328,"offX":10,"offY":0,"sourceW":270,"sourceH":328}, 
    "zoo_ice_effect5_png":{"x":1,"y": 606,"w": 266, "h":328,"offX":4,"offY":0,"sourceW":270,"sourceH":328}, 
    "zoo_ice_effect6_png":{"x":1,"y": 1,"w": 268, "h":328,"offX":2,"offY":0,"sourceW":270,"sourceH":328}, 
    "zoo_ice_effect7_png":{"x":270,"y": 1,"w": 270, "h":312,"offX":0,"offY":16,"sourceW":270,"sourceH":328}, 
    "zoo_ice_word_png":{"x":1,"y": 330,"w": 575, "h":275,"offX":0,"offY":0,"sourceW":575,"sourceH":275}, 
    "zoo_ice_word1_png":{"x":577,"y": 287,"w": 45, "h":61,"offX":0,"offY":19,"sourceW":233,"sourceH":83}, 
    "zoo_ice_word2_png":{"x":541,"y": 161,"w": 65, "h":63,"offX":15,"offY":20,"sourceW":233,"sourceH":83}, 
    "zoo_ice_word3_png":{"x":541,"y": 225,"w": 63, "h":61,"offX":50,"offY":20,"sourceW":233,"sourceH":83}, 
    "zoo_ice_word4_png":{"x":605,"y": 225,"w": 63, "h":59,"offX":84,"offY":24,"sourceW":233,"sourceH":83}, 
    "zoo_ice_word5_png":{"x":541,"y": 1,"w": 75, "h":83,"offX":116,"offY":0,"sourceW":233,"sourceH":83}, 
    "zoo_ice_word6_png":{"x":541,"y": 85,"w": 67, "h":75,"offX":151,"offY":8,"sourceW":233,"sourceH":83}, 
    "zoo_ice_word7_png":{"x":607,"y": 161,"w": 45, "h":59,"offX":187,"offY":21,"sourceW":233,"sourceH":83}
},
"SmartUpdateHash": "$TexturePacker:SmartUpdate:3178994108ef9cdbbd513874db1c37ab:489c122891af5bbc8ef8f03d777050a1:ea821d2eb92f030fe3dbb60a7d33de86$"
}