{
"file": "zoo_ice_effect_sheet2.png",
"frames": {
    "zoo_ice_effect2_png":{"x":244,"y": 1,"w": 238, "h":276,"offX":26,"offY":38,"sourceW":270,"sourceH":328}, 
    "zoo_ice_effect3_png":{"x":1,"y": 1,"w": 242, "h":328,"offX":22,"offY":0,"sourceW":270,"sourceH":328}, 
    "zoo_ice_effect8_png":{"x":483,"y": 1,"w": 270, "h":252,"offX":0,"offY":22,"sourceW":270,"sourceH":328}
},
"SmartUpdateHash": "$TexturePacker:SmartUpdate:3178994108ef9cdbbd513874db1c37ab:489c122891af5bbc8ef8f03d777050a1:ea821d2eb92f030fe3dbb60a7d33de86$"
}