{
"file": "treasure_sheet2.png",
"frames": {
    "treasure_bg_3_png":{"x":1,"y": 359,"w": 197, "h":50,"offX":0,"offY":0,"sourceW":197,"sourceH":50}, 
    "treasure_btn_3_png":{"x":655,"y": 1,"w": 87, "h":55,"offX":0,"offY":0,"sourceW":87,"sourceH":55}, 
    "treasure_btn_change_png":{"x":292,"y": 269,"w": 211, "h":54,"offX":0,"offY":0,"sourceW":211,"sourceH":54}, 
    "treasure_btn_start_1_png":{"x":1,"y": 289,"w": 146, "h":69,"offX":0,"offY":0,"sourceW":146,"sourceH":69}, 
    "treasure_btn_start_2_png":{"x":199,"y": 324,"w": 146, "h":69,"offX":0,"offY":0,"sourceW":146,"sourceH":69}, 
    "treasure_grea_6_png":{"x":548,"y": 214,"w": 198, "h":198,"offX":0,"offY":0,"sourceW":198,"sourceH":198}, 
    "treasure_object_11_png":{"x":655,"y": 57,"w": 80, "h":42,"offX":0,"offY":0,"sourceW":80,"sourceH":42}, 
    "treasure_object_4_png":{"x":1,"y": 226,"w": 290, "h":62,"offX":0,"offY":0,"sourceW":290,"sourceH":62}, 
    "treasure_object_5_png":{"x":292,"y": 218,"w": 255, "h":50,"offX":0,"offY":0,"sourceW":255,"sourceH":50}, 
    "treasure_planet_1_png":{"x":225,"y": 1,"w": 216, "h":216,"offX":0,"offY":0,"sourceW":216,"sourceH":216}, 
    "treasure_planet_2_png":{"x":1,"y": 1,"w": 223, "h":224,"offX":0,"offY":0,"sourceW":223,"sourceH":224}, 
    "treasure_planet_3_png":{"x":442,"y": 1,"w": 212, "h":212,"offX":0,"offY":0,"sourceW":212,"sourceH":212}, 
    "treasure_word_1_png":{"x":346,"y": 324,"w": 149, "h":41,"offX":0,"offY":0,"sourceW":149,"sourceH":41}
},
"SmartUpdateHash": "$TexturePacker:SmartUpdate:5025d90675ea13e45ccc88b641b543d2:3a7386c89871af38ad26c0ec59a09709:59cf0ccaa0945f6f15e9cd0054998f9c$"
}