{
"file": "zoo_sheet4.png",
"frames": {
    "zoo_effect_1_2_png":{"x":554,"y": 393,"w": 115, "h":101,"offX":13,"offY":21,"sourceW":135,"sourceH":133}, 
    "zoo_effect_1_3_png":{"x":554,"y": 279,"w": 129, "h":113,"offX":5,"offY":13,"sourceW":135,"sourceH":133}, 
    "zoo_effect_1_4_png":{"x":165,"y": 308,"w": 133, "h":109,"offX":0,"offY":17,"sourceW":135,"sourceH":133}, 
    "zoo_effect_1_5_png":{"x":299,"y": 308,"w": 133, "h":109,"offX":0,"offY":17,"sourceW":135,"sourceH":133}, 
    "zoo_effect_1_6_png":{"x":489,"y": 165,"w": 135, "h":113,"offX":0,"offY":15,"sourceW":135,"sourceH":133}, 
    "zoo_head_bg1_png":{"x":199,"y": 1,"w": 163, "h":163,"offX":0,"offY":0,"sourceW":163,"sourceH":163}, 
    "zoo_head_bg2_png":{"x":363,"y": 1,"w": 163, "h":163,"offX":0,"offY":0,"sourceW":163,"sourceH":163}, 
    "zoo_head_bg3_png":{"x":527,"y": 1,"w": 163, "h":163,"offX":0,"offY":0,"sourceW":163,"sourceH":163}, 
    "zoo_ice_full_png":{"x":433,"y": 308,"w": 120, "h":120,"offX":0,"offY":0,"sourceW":120,"sourceH":120}, 
    "zoo_ice_gray_png":{"x":625,"y": 165,"w": 70, "h":70,"offX":25,"offY":25,"sourceW":120,"sourceH":120}, 
    "zoo_ice_light_png":{"x":419,"y": 429,"w": 70, "h":70,"offX":25,"offY":25,"sourceW":120,"sourceH":120}, 
    "zoo_lock_png":{"x":199,"y": 165,"w": 144, "h":142,"offX":0,"offY":2,"sourceW":144,"sourceH":144}, 
    "zoo_rage_png":{"x":344,"y": 165,"w": 144, "h":142,"offX":0,"offY":1,"sourceW":144,"sourceH":144}, 
    "zoo_self_1_png":{"x":1,"y": 1,"w": 197, "h":219,"offX":0,"offY":16,"sourceW":197,"sourceH":235}, 
    "zoo_self_2_png":{"x":1,"y": 221,"w": 163, "h":231,"offX":2,"offY":4,"sourceW":197,"sourceH":235}, 
    "zoo_task_2_png":{"x":345,"y": 418,"w": 73, "h":73,"offX":0,"offY":0,"sourceW":73,"sourceH":73}, 
    "zoo_task_5_png":{"x":165,"y": 418,"w": 106, "h":82,"offX":0,"offY":0,"sourceW":106,"sourceH":82}, 
    "zoo_task_7_png":{"x":272,"y": 418,"w": 72, "h":77,"offX":0,"offY":0,"sourceW":72,"sourceH":77}
},
"SmartUpdateHash": "$TexturePacker:SmartUpdate:54bcc42b5d342359cba08cf128548c1f:c3f4224177ce33cd77ca903e2b42a380:024b74e855a5cbd636cfd7887dcd0809$"
}