{
"file": "race_sheet1.png",
"frames": {
    "race_bet_type1_png":{"x":250,"y": 706,"w": 257, "h":48,"offX":0,"offY":0,"sourceW":257,"sourceH":48}, 
    "race_bet_type2_png":{"x":250,"y": 657,"w": 262, "h":48,"offX":0,"offY":0,"sourceW":262,"sourceH":48}, 
    "race_bg_bet_png":{"x":250,"y": 755,"w": 144, "h":144,"offX":0,"offY":0,"sourceW":144,"sourceH":144}, 
    "race_bg_betvalue_png":{"x":250,"y": 900,"w": 141, "h":74,"offX":0,"offY":0,"sourceW":141,"sourceH":74}, 
    "race_bg_glass_png":{"x":1,"y": 186,"w": 750, "h":137,"offX":0,"offY":0,"sourceW":750,"sourceH":137}, 
    "race_bg_menu_png":{"x":1,"y": 557,"w": 248, "h":377,"offX":0,"offY":0,"sourceW":248,"sourceH":377}, 
    "race_bg_mountain_png":{"x":1,"y": 1,"w": 750, "h":184,"offX":0,"offY":0,"sourceW":750,"sourceH":184}, 
    "race_bg_sky_png":{"x":1,"y": 324,"w": 750, "h":134,"offX":0,"offY":0,"sourceW":750,"sourceH":134}, 
    "race_bighead_3_png":{"x":513,"y": 657,"w": 57, "h":93,"offX":13,"offY":2,"sourceW":91,"sourceH":95}, 
    "race_btn_bet1_png":{"x":567,"y": 860,"w": 138, "h":63,"offX":0,"offY":0,"sourceW":138,"sourceH":63}, 
    "race_btn_bet2_png":{"x":567,"y": 924,"w": 138, "h":63,"offX":0,"offY":0,"sourceW":138,"sourceH":63}, 
    "race_btn_cancel_png":{"x":620,"y": 557,"w": 134, "h":102,"offX":0,"offY":0,"sourceW":134,"sourceH":102}, 
    "race_btn_fixed1_png":{"x":578,"y": 793,"w": 162, "h":66,"offX":0,"offY":0,"sourceW":162,"sourceH":66}, 
    "race_btn_fixed2_png":{"x":578,"y": 660,"w": 164, "h":61,"offX":0,"offY":0,"sourceW":164,"sourceH":61}, 
    "race_cry_png":{"x":1,"y": 935,"w": 47, "h":48,"offX":11,"offY":6,"sourceW":73,"sourceH":76}, 
    "race_fear_png":{"x":49,"y": 935,"w": 45, "h":48,"offX":14,"offY":7,"sourceW":73,"sourceH":76}, 
    "race_fence_png":{"x":1,"y": 459,"w": 750, "h":68,"offX":0,"offY":0,"sourceW":750,"sourceH":68}, 
    "race_flag_png":{"x":706,"y": 860,"w": 29, "h":41,"offX":0,"offY":0,"sourceW":29,"sourceH":41}, 
    "race_go_png":{"x":395,"y": 755,"w": 182, "h":99,"offX":0,"offY":0,"sourceW":182,"sourceH":99}, 
    "race_mud_png":{"x":578,"y": 722,"w": 161, "h":70,"offX":0,"offY":0,"sourceW":161,"sourceH":70}, 
    "race_ready_png":{"x":250,"y": 557,"w": 369, "h":99,"offX":0,"offY":0,"sourceW":369,"sourceH":99}, 
    "race_thumb_png":{"x":1,"y": 528,"w": 718, "h":28,"offX":0,"offY":0,"sourceW":718,"sourceH":28}, 
    "race_water_png":{"x":395,"y": 855,"w": 171, "h":96,"offX":0,"offY":0,"sourceW":171,"sourceH":96}
},
"SmartUpdateHash": "$TexturePacker:SmartUpdate:800f077a529bdc6b25bf8fa8fd159272:8e4e0e78b59e224bcdb5e8430f8bbc66:ce12c371fa7416e89de5dd4d1da305cb$"
}