{
"file": "zoo_frenzy_num_effect_sheet2.png",
"frames": {
    "zoo_frenzy_num_effect_1_png":{"x":1,"y": 358,"w": 331, "h":318,"offX":22,"offY":43,"sourceW":375,"sourceH":390}, 
    "zoo_frenzy_num_effect_2_png":{"x":337,"y": 354,"w": 349, "h":338,"offX":13,"offY":35,"sourceW":375,"sourceH":390}, 
    "zoo_frenzy_num_effect_3_png":{"x":337,"y": 1,"w": 361, "h":352,"offX":6,"offY":25,"sourceW":375,"sourceH":390}, 
    "zoo_frenzy_num_effect_8_png":{"x":1,"y": 1,"w": 335, "h":356,"offX":11,"offY":12,"sourceW":375,"sourceH":390}
},
"SmartUpdateHash": "$TexturePacker:SmartUpdate:25779d81cef9bc4fe77c0ac1eef7191d:e8c8669354b14ee394f9df2175fe2b12:576b0c1c1355b07474211756899317f8$"
}