{
"file": "zoo_animal_sheet1.png",
"frames": {
    "zoo_animal_10_4_png":{"x":1,"y": 1,"w": 276, "h":199,"offX":0,"offY":2,"sourceW":276,"sourceH":201}, 
    "zoo_animal_11_1_png":{"x":425,"y": 243,"w": 165, "h":152,"offX":0,"offY":1,"sourceW":167,"sourceH":158}, 
    "zoo_animal_11_3_png":{"x":1,"y": 575,"w": 155, "h":152,"offX":12,"offY":5,"sourceW":167,"sourceH":158}, 
    "zoo_animal_11_5_png":{"x":1,"y": 416,"w": 155, "h":158,"offX":12,"offY":0,"sourceW":167,"sourceH":158}, 
    "zoo_animal_11_8_png":{"x":157,"y": 591,"w": 153, "h":156,"offX":12,"offY":1,"sourceW":167,"sourceH":158}, 
    "zoo_animal_12_5_png":{"x":213,"y": 210,"w": 211, "h":202,"offX":0,"offY":47,"sourceW":213,"sourceH":250}, 
    "zoo_animal_12_7_png":{"x":278,"y": 1,"w": 213, "h":208,"offX":0,"offY":32,"sourceW":213,"sourceH":250}, 
    "zoo_animal_12_8_png":{"x":1,"y": 201,"w": 211, "h":214,"offX":0,"offY":14,"sourceW":213,"sourceH":250}, 
    "zoo_animal_1_1_png":{"x":250,"y": 748,"w": 88, "h":84,"offX":7,"offY":0,"sourceW":96,"sourceH":84}, 
    "zoo_animal_1_2_png":{"x":339,"y": 733,"w": 92, "h":82,"offX":3,"offY":1,"sourceW":96,"sourceH":84}, 
    "zoo_animal_1_3_png":{"x":448,"y": 836,"w": 96, "h":76,"offX":0,"offY":7,"sourceW":96,"sourceH":84}, 
    "zoo_animal_1_4_png":{"x":448,"y": 913,"w": 92, "h":80,"offX":3,"offY":1,"sourceW":96,"sourceH":84}, 
    "zoo_animal_2_1_png":{"x":1,"y": 866,"w": 95, "h":101,"offX":4,"offY":0,"sourceW":99,"sourceH":101}, 
    "zoo_animal_2_2_png":{"x":97,"y": 866,"w": 91, "h":101,"offX":8,"offY":0,"sourceW":99,"sourceH":101}, 
    "zoo_animal_2_3_png":{"x":492,"y": 143,"w": 97, "h":99,"offX":1,"offY":1,"sourceW":99,"sourceH":101}, 
    "zoo_animal_2_4_png":{"x":152,"y": 748,"w": 97, "h":99,"offX":0,"offY":1,"sourceW":99,"sourceH":101}, 
    "zoo_animal_5_6_png":{"x":189,"y": 848,"w": 138, "h":137,"offX":2,"offY":0,"sourceW":150,"sourceH":151}, 
    "zoo_animal_5_8_png":{"x":1,"y": 728,"w": 150, "h":137,"offX":0,"offY":14,"sourceW":150,"sourceH":151}, 
    "zoo_animal_6_1_png":{"x":492,"y": 1,"w": 102, "h":141,"offX":2,"offY":0,"sourceW":110,"sourceH":145}, 
    "zoo_animal_6_2_png":{"x":311,"y": 591,"w": 104, "h":141,"offX":0,"offY":0,"sourceW":110,"sourceH":145}, 
    "zoo_animal_7_1_png":{"x":328,"y": 833,"w": 119, "h":135,"offX":6,"offY":12,"sourceW":133,"sourceH":147}, 
    "zoo_animal_7_2_png":{"x":448,"y": 700,"w": 119, "h":135,"offX":3,"offY":12,"sourceW":133,"sourceH":147}, 
    "zoo_animal_7_4_png":{"x":448,"y": 700,"w": 119, "h":135,"offX":3,"offY":12,"sourceW":133,"sourceH":147}, 
    "zoo_animal_7_5_png":{"x":328,"y": 833,"w": 119, "h":135,"offX":6,"offY":12,"sourceW":133,"sourceH":147}, 
    "zoo_animal_8_4_png":{"x":213,"y": 413,"w": 205, "h":177,"offX":0,"offY":6,"sourceW":235,"sourceH":183}, 
    "zoo_animal_9_3_png":{"x":425,"y": 396,"w": 165, "h":151,"offX":0,"offY":3,"sourceW":167,"sourceH":155}, 
    "zoo_animal_9_6_png":{"x":419,"y": 548,"w": 163, "h":151,"offX":0,"offY":1,"sourceW":167,"sourceH":155}
},
"SmartUpdateHash": "$TexturePacker:SmartUpdate:ccadff4984e6654f1eb00371cb3126b3:913a6ba9dcb8e51810c9860d77a2a6cf:3957d3a19c760c279f00860c01df9410$"
}