{
"file": "zoopcact_sheet1.png",
"frames": {
    "zoopcact_276_png":{"x":275,"y": 821,"w": 59, "h":60,"offX":0,"offY":0,"sourceW":59,"sourceH":60}, 
    "zoopcact_277_png":{"x":395,"y": 805,"w": 58, "h":60,"offX":0,"offY":0,"sourceW":58,"sourceH":60}, 
    "zoopcact_281_png":{"x":454,"y": 803,"w": 58, "h":60,"offX":0,"offY":0,"sourceW":58,"sourceH":60}, 
    "zoopcact_286_png":{"x":511,"y": 655,"w": 66, "h":66,"offX":0,"offY":0,"sourceW":66,"sourceH":66}, 
    "zoopcact_287_png":{"x":511,"y": 722,"w": 66, "h":66,"offX":0,"offY":0,"sourceW":66,"sourceH":66}, 
    "zoopcact_288_png":{"x":331,"y": 738,"w": 66, "h":66,"offX":0,"offY":0,"sourceW":66,"sourceH":66}, 
    "zoopcact_504_png":{"x":534,"y": 596,"w": 31, "h":56,"offX":14,"offY":14,"sourceW":61,"sourceH":84}, 
    "zoopcact_624_png":{"x":39,"y": 515,"w": 227, "h":225,"offX":0,"offY":0,"sourceW":227,"sourceH":225}, 
    "zoopcact_644_png":{"x":267,"y": 515,"w": 266, "h":139,"offX":0,"offY":0,"sourceW":266,"sourceH":139}, 
    "zoopcact_646_png":{"x":39,"y": 246,"w": 533, "h":71,"offX":0,"offY":0,"sourceW":533,"sourceH":71}, 
    "zoopcact_647_png":{"x":39,"y": 318,"w": 533, "h":71,"offX":0,"offY":0,"sourceW":533,"sourceH":71}, 
    "zoopcact_648_png":{"x":39,"y": 390,"w": 533, "h":71,"offX":0,"offY":0,"sourceW":533,"sourceH":71}, 
    "zoopcact_649_png":{"x":39,"y": 462,"w": 533, "h":52,"offX":0,"offY":0,"sourceW":533,"sourceH":52}, 
    "zoopcact_689_png":{"x":463,"y": 738,"w": 46, "h":46,"offX":0,"offY":0,"sourceW":46,"sourceH":46}, 
    "zoopcact_759_png":{"x":39,"y": 741,"w": 208, "h":58,"offX":0,"offY":0,"sourceW":208,"sourceH":58}, 
    "zoopcact_760_png":{"x":335,"y": 805,"w": 59, "h":60,"offX":0,"offY":0,"sourceW":59,"sourceH":60}, 
    "zoopcact_803_png":{"x":39,"y": 1,"w": 537, "h":244,"offX":0,"offY":0,"sourceW":537,"sourceH":244}, 
    "zoopcact_806_png":{"x":219,"y": 800,"w": 55, "h":84,"offX":3,"offY":0,"sourceW":61,"sourceH":84}, 
    "zoopcact_807_png":{"x":267,"y": 655,"w": 61, "h":84,"offX":0,"offY":0,"sourceW":61,"sourceH":84}, 
    "zoopcact_808_png":{"x":275,"y": 740,"w": 55, "h":80,"offX":2,"offY":2,"sourceW":61,"sourceH":84}, 
    "zoopcact_809_png":{"x":99,"y": 800,"w": 57, "h":84,"offX":1,"offY":0,"sourceW":61,"sourceH":84}, 
    "zoopcact_810_png":{"x":391,"y": 655,"w": 59, "h":82,"offX":0,"offY":1,"sourceW":61,"sourceH":84}, 
    "zoopcact_811_png":{"x":157,"y": 800,"w": 61, "h":80,"offX":0,"offY":2,"sourceW":61,"sourceH":84}, 
    "zoopcact_812_png":{"x":39,"y": 800,"w": 59, "h":84,"offX":1,"offY":0,"sourceW":61,"sourceH":84}, 
    "zoopcact_813_png":{"x":451,"y": 655,"w": 59, "h":82,"offX":1,"offY":1,"sourceW":61,"sourceH":84}, 
    "zoopcact_814_png":{"x":534,"y": 515,"w": 39, "h":80,"offX":10,"offY":2,"sourceW":61,"sourceH":84}, 
    "zoopcact_815_png":{"x":329,"y": 655,"w": 61, "h":82,"offX":0,"offY":1,"sourceW":61,"sourceH":84}, 
    "zoopcact_ball_png":{"x":1,"y": 1,"w": 37, "h":900,"offX":0,"offY":0,"sourceW":37,"sourceH":900}, 
    "zoopcact_voice_png":{"x":398,"y": 738,"w": 64, "h":64,"offX":0,"offY":0,"sourceW":64,"sourceH":64}
},
"SmartUpdateHash": "$TexturePacker:SmartUpdate:4d2e24e9955a6d163592e8ae3a484a98:b629df522b4767dd7bfe900a8b9eab09:13332eb84f1b6ed05ee4937e3b42cd7f$"
}