{
"file": "rank_sheet1.png",
"frames": {
    "rank_1_png":{"x":571,"y": 317,"w": 51, "h":86,"offX":0,"offY":0,"sourceW":51,"sourceH":86}, 
    "rank_2_png":{"x":623,"y": 317,"w": 51, "h":86,"offX":0,"offY":0,"sourceW":51,"sourceH":86}, 
    "rank_3_png":{"x":675,"y": 317,"w": 51, "h":86,"offX":0,"offY":0,"sourceW":51,"sourceH":86}, 
    "rank_arrow_png":{"x":571,"y": 237,"w": 46, "h":46,"offX":0,"offY":0,"sourceW":46,"sourceH":46}, 
    "rank_bg_png":{"x":426,"y": 116,"w": 144, "h":296,"offX":0,"offY":0,"sourceW":144,"sourceH":296}, 
    "rank_earth_png":{"x":1,"y": 116,"w": 424, "h":341,"offX":0,"offY":0,"sourceW":424,"sourceH":341}, 
    "rank_eraser_png":{"x":426,"y": 413,"w": 43, "h":43,"offX":0,"offY":0,"sourceW":43,"sourceH":43}, 
    "rank_eraser_bg_png":{"x":459,"y": 457,"w": 59, "h":66,"offX":0,"offY":0,"sourceW":59,"sourceH":66}, 
    "rank_icon_prize_png":{"x":519,"y": 413,"w": 98, "h":106,"offX":0,"offY":0,"sourceW":98,"sourceH":106}, 
    "rank_icon_profit_png":{"x":618,"y": 404,"w": 98, "h":106,"offX":0,"offY":0,"sourceW":98,"sourceH":106}, 
    "rank_pass_title_png":{"x":1,"y": 458,"w": 195, "h":64,"offX":0,"offY":0,"sourceW":195,"sourceH":64}, 
    "rank_rocket_png":{"x":618,"y": 237,"w": 99, "h":79,"offX":0,"offY":0,"sourceW":99,"sourceH":79}, 
    "rank_tip_png":{"x":571,"y": 116,"w": 160, "h":120,"offX":0,"offY":0,"sourceW":160,"sourceH":120}, 
    "rank_title_png":{"x":1,"y": 1,"w": 750, "h":114,"offX":0,"offY":0,"sourceW":750,"sourceH":114}, 
    "rank_today_bg_png":{"x":197,"y": 458,"w": 261, "h":58,"offX":0,"offY":0,"sourceW":261,"sourceH":58}
},
"SmartUpdateHash": "$TexturePacker:SmartUpdate:d20045f44a0de6e12c13a9e3dc07708f:128a3bf522531993b12c0bc87fa56c63:b1be2d0754d8811716cb9d48c4c8cf8a$"
}