{
"file": "zoo_elep_effect_sheet1.png",
"frames": {
    "zoo_elep_effect1_png":{"x":1,"y": 229,"w": 229, "h":227,"offX":1,"offY":0,"sourceW":231,"sourceH":227}, 
    "zoo_elep_effect2_png":{"x":233,"y": 1,"w": 229, "h":227,"offX":1,"offY":0,"sourceW":231,"sourceH":227}, 
    "zoo_elep_effect3_png":{"x":1,"y": 457,"w": 231, "h":225,"offX":0,"offY":0,"sourceW":231,"sourceH":227}, 
    "zoo_elep_effect4_png":{"x":233,"y": 455,"w": 229, "h":227,"offX":0,"offY":0,"sourceW":231,"sourceH":227}, 
    "zoo_elep_effect5_png":{"x":1,"y": 683,"w": 229, "h":227,"offX":0,"offY":0,"sourceW":231,"sourceH":227}, 
    "zoo_elep_effect6_png":{"x":231,"y": 229,"w": 231, "h":225,"offX":0,"offY":0,"sourceW":231,"sourceH":227}, 
    "zoo_elep_effect7_png":{"x":1,"y": 1,"w": 231, "h":227,"offX":0,"offY":0,"sourceW":231,"sourceH":227}, 
    "zoo_elep_effect8_png":{"x":231,"y": 683,"w": 229, "h":227,"offX":0,"offY":0,"sourceW":231,"sourceH":227}
},
"SmartUpdateHash": "$TexturePacker:SmartUpdate:d0cbf9f82eafbe779474d7abaa4949fb:5e96c5af0000d65b162dac0cfc1f7590:a10544e1a6bfc66529b183e47501bb87$"
}