{
"file": "favicon_sheet1.png",
"frames": {
    "favicon_f_png":{"x":309,"y": 59,"w": 87, "h":65,"offX":0,"offY":0,"sourceW":87,"sourceH":65}, 
    "favicon_hand_png":{"x":1,"y": 1,"w": 307, "h":470,"offX":0,"offY":0,"sourceW":307,"sourceH":470}, 
    "favicon_icon_png":{"x":309,"y": 1,"w": 92, "h":57,"offX":0,"offY":0,"sourceW":92,"sourceH":57}, 
    "favicon_s_png":{"x":309,"y": 125,"w": 83, "h":100,"offX":0,"offY":0,"sourceW":83,"sourceH":100}
},
"SmartUpdateHash": "$TexturePacker:SmartUpdate:6851028eceb406aaf1c9a29b14a62100:bf0b04ec188bb4bff3af7273b1ca5005:51f06038f24ecf53f614df49a3c92d1b$"
}