{
"file": "rps_record_sheet1.png",
"frames": {
    "rps_record_close_png":{"x":567,"y": 168,"w": 83, "h":83,"offX":0,"offY":0,"sourceW":83,"sourceH":83}, 
    "rps_record_title_png":{"x":1,"y": 1,"w": 661, "h":166,"offX":0,"offY":0,"sourceW":661,"sourceH":166}, 
    "rps_relate_png":{"x":1,"y": 168,"w": 565, "h":223,"offX":0,"offY":0,"sourceW":565,"sourceH":223}
},
"SmartUpdateHash": "$TexturePacker:SmartUpdate:169944b1106a56c91b11e65575fd09e6:60c77008a99d278a0f48730044674ab6:969b948cc45904be268672be8122a2b1$"
}