{
"file": "fishing_sheet3.png",
"frames": {
    "fishing_bait_png":{"x":69,"y": 180,"w": 64, "h":73,"offX":0,"offY":0,"sourceW":64,"sourceH":73}, 
    "fishing_box_0_png":{"x":147,"y": 256,"w": 77, "h":82,"offX":0,"offY":0,"sourceW":77,"sourceH":82}, 
    "fishing_box_1_png":{"x":1,"y": 408,"w": 77, "h":82,"offX":0,"offY":0,"sourceW":77,"sourceH":82}, 
    "fishing_btn_hook_png":{"x":1,"y": 885,"w": 148, "h":99,"offX":0,"offY":0,"sourceW":148,"sourceH":99}, 
    "fishing_fish_2_1_png":{"x":134,"y": 180,"w": 86, "h":75,"offX":0,"offY":0,"sourceW":86,"sourceH":75}, 
    "fishing_fish_2_2_png":{"x":1,"y": 332,"w": 84, "h":75,"offX":2,"offY":0,"sourceW":86,"sourceH":75}, 
    "fishing_fish_2_3_png":{"x":60,"y": 256,"w": 86, "h":75,"offX":0,"offY":0,"sourceW":86,"sourceH":75}, 
    "fishing_fish_3_2_png":{"x":1,"y": 789,"w": 130, "h":95,"offX":6,"offY":0,"sourceW":136,"sourceH":95}, 
    "fishing_fish_8_1_png":{"x":93,"y": 117,"w": 125, "h":62,"offX":0,"offY":0,"sourceW":125,"sourceH":62}, 
    "fishing_fishname_1_png":{"x":1,"y": 1,"w": 131, "h":54,"offX":0,"offY":0,"sourceW":131,"sourceH":54}, 
    "fishing_fishname_3_png":{"x":1,"y": 56,"w": 131, "h":54,"offX":0,"offY":0,"sourceW":131,"sourceH":54}, 
    "fishing_fishname_4_png":{"x":133,"y": 1,"w": 90, "h":54,"offX":0,"offY":0,"sourceW":90,"sourceH":54}, 
    "fishing_icon_menu_png":{"x":79,"y": 420,"w": 89, "h":89,"offX":0,"offY":0,"sourceW":89,"sourceH":89}, 
    "fishing_loading_star_light_png":{"x":86,"y": 339,"w": 85, "h":80,"offX":0,"offY":0,"sourceW":85,"sourceH":80}, 
    "fishing_num_1_0_png":{"x":1,"y": 235,"w": 58, "h":89,"offX":1,"offY":0,"sourceW":60,"sourceH":89}, 
    "fishing_num_1_1_png":{"x":119,"y": 510,"w": 36, "h":89,"offX":14,"offY":0,"sourceW":60,"sourceH":89}, 
    "fishing_num_1_2_png":{"x":169,"y": 429,"w": 58, "h":89,"offX":1,"offY":0,"sourceW":60,"sourceH":89}, 
    "fishing_num_1_3_png":{"x":172,"y": 339,"w": 56, "h":89,"offX":4,"offY":0,"sourceW":60,"sourceH":89}, 
    "fishing_num_1_4_png":{"x":1,"y": 491,"w": 58, "h":89,"offX":2,"offY":0,"sourceW":60,"sourceH":89}, 
    "fishing_num_1_5_png":{"x":60,"y": 510,"w": 58, "h":89,"offX":2,"offY":0,"sourceW":60,"sourceH":89}, 
    "fishing_num_1_7_png":{"x":60,"y": 600,"w": 56, "h":89,"offX":3,"offY":0,"sourceW":60,"sourceH":89}, 
    "fishing_num_1_8_png":{"x":117,"y": 609,"w": 56, "h":89,"offX":2,"offY":0,"sourceW":60,"sourceH":89}, 
    "fishing_num_1_9_png":{"x":174,"y": 609,"w": 54, "h":89,"offX":4,"offY":0,"sourceW":60,"sourceH":89}, 
    "fishing_num_2_0_png":{"x":156,"y": 519,"w": 58, "h":89,"offX":1,"offY":0,"sourceW":60,"sourceH":89}, 
    "fishing_num_2_2_png":{"x":1,"y": 581,"w": 58, "h":89,"offX":1,"offY":0,"sourceW":60,"sourceH":89}, 
    "fishing_num_2_3_png":{"x":1,"y": 671,"w": 56, "h":89,"offX":4,"offY":0,"sourceW":60,"sourceH":89}, 
    "fishing_num_2_7_png":{"x":58,"y": 690,"w": 56, "h":89,"offX":3,"offY":0,"sourceW":60,"sourceH":89}, 
    "fishing_num_2_8_png":{"x":115,"y": 699,"w": 56, "h":89,"offX":2,"offY":0,"sourceW":60,"sourceH":89}, 
    "fishing_num_2_9_png":{"x":172,"y": 699,"w": 54, "h":89,"offX":4,"offY":0,"sourceW":60,"sourceH":89}, 
    "fishing_star_png":{"x":1,"y": 172,"w": 67, "h":62,"offX":0,"offY":0,"sourceW":67,"sourceH":62}, 
    "fishing_word_1_1_png":{"x":133,"y": 56,"w": 91, "h":60,"offX":0,"offY":0,"sourceW":91,"sourceH":60}, 
    "fishing_word_2_1_png":{"x":1,"y": 111,"w": 91, "h":60,"offX":0,"offY":0,"sourceW":91,"sourceH":60}
},
"SmartUpdateHash": "$TexturePacker:SmartUpdate:8c1d0770abc3532e94ffa094736132ec:e8e8db67aadcd89e1a321445c341ba99:0e771bd85dc7966da59f39558296c88f$"
}