{
"file": "luck_sheet2.png",
"frames": {
    "luck_bet_bg_png":{"x":609,"y": 735,"w": 108, "h":99,"offX":0,"offY":0,"sourceW":108,"sourceH":99}, 
    "luck_bg_1_png":{"x":1,"y": 1,"w": 750, "h":270,"offX":0,"offY":0,"sourceW":750,"sourceH":270}, 
    "luck_bg_2_png":{"x":1,"y": 635,"w": 750, "h":99,"offX":0,"offY":0,"sourceW":750,"sourceH":99}, 
    "luck_bg_4_png":{"x":1,"y": 505,"w": 750, "h":129,"offX":0,"offY":0,"sourceW":750,"sourceH":129}, 
    "luck_coin_png":{"x":269,"y": 842,"w": 57, "h":50,"offX":0,"offY":0,"sourceW":57,"sourceH":50}, 
    "luck_coin_gray_png":{"x":609,"y": 835,"w": 57, "h":50,"offX":0,"offY":0,"sourceW":57,"sourceH":50}, 
    "luck_duilian_hen_png":{"x":1,"y": 735,"w": 336, "h":106,"offX":0,"offY":0,"sourceW":336,"sourceH":106}, 
    "luck_extra_bg_png":{"x":1,"y": 842,"w": 267, "h":65,"offX":0,"offY":0,"sourceW":267,"sourceH":65}, 
    "luck_miss_bubble_png":{"x":571,"y": 886,"w": 161, "h":50,"offX":0,"offY":0,"sourceW":161,"sourceH":50}, 
    "luck_name_bg_png":{"x":327,"y": 877,"w": 243, "h":58,"offX":0,"offY":0,"sourceW":243,"sourceH":58}, 
    "luck_pray_bubble_png":{"x":338,"y": 735,"w": 270, "h":141,"offX":0,"offY":0,"sourceW":270,"sourceH":141}, 
    "luck_sound_png":{"x":269,"y": 893,"w": 27, "h":37,"offX":0,"offY":0,"sourceW":27,"sourceH":37}, 
    "luck_tip_bg_png":{"x":1,"y": 272,"w": 750, "h":232,"offX":0,"offY":0,"sourceW":750,"sourceH":232}
},
"SmartUpdateHash": "$TexturePacker:SmartUpdate:0029281ac34ab96ab8074b95f2503382:e8bd77def4616cd0866c941ac34802ed:75b1650085a23ca151b83a08d71d9976$"
}