{
"file": "fish_goldbox_sheet1.png",
"frames": {
    "fish_goldbox_btn_bigsmall_png":{"x":615,"y": 813,"w": 144, "h":104,"offX":0,"offY":0,"sourceW":144,"sourceH":104}, 
    "fish_goldbox_btn_sure_png":{"x":1,"y": 813,"w": 306, "h":120,"offX":0,"offY":0,"sourceW":306,"sourceH":120}, 
    "fishing_box_star_0_png":{"x":681,"y": 918,"w": 60, "h":57,"offX":0,"offY":0,"sourceW":60,"sourceH":57}, 
    "fishing_box_star_1_png":{"x":528,"y": 934,"w": 56, "h":53,"offX":2,"offY":2,"sourceW":60,"sourceH":57}, 
    "fishing_btn_continue_game_png":{"x":308,"y": 813,"w": 306, "h":120,"offX":0,"offY":0,"sourceW":306,"sourceH":120}, 
    "fishing_goldbox_back_png":{"x":1,"y": 934,"w": 224, "h":58,"offX":0,"offY":0,"sourceW":224,"sourceH":58}, 
    "fishing_goldbox_bg_png":{"x":1,"y": 1,"w": 729, "h":811,"offX":0,"offY":0,"sourceW":729,"sourceH":811}, 
    "fishing_goldbox_rule_png":{"x":615,"y": 918,"w": 65, "h":79,"offX":0,"offY":0,"sourceW":65,"sourceH":79}, 
    "fishing_lbl_1_png":{"x":226,"y": 934,"w": 150, "h":42,"offX":0,"offY":0,"sourceW":150,"sourceH":42}, 
    "fishing_lbl_2_png":{"x":377,"y": 934,"w": 150, "h":42,"offX":0,"offY":0,"sourceW":150,"sourceH":42}
},
"SmartUpdateHash": "$TexturePacker:SmartUpdate:5f1b1fc2e0151f64faeb7d26ef2f7521:ee4ed49b81c18b97d91860fb8671b88b:9abedd2b5fbf6f94db30854b6be0e151$"
}