{
"file": "doll_sheet2.png",
"frames": {
    "doll_bottom_bg_1_png":{"x":1,"y": 930,"w": 160, "h":67,"offX":0,"offY":0,"sourceW":160,"sourceH":67}, 
    "doll_box_close_png":{"x":649,"y": 181,"w": 62, "h":47,"offX":0,"offY":6,"sourceW":62,"sourceH":53}, 
    "doll_btn_buy_png":{"x":291,"y": 824,"w": 179, "h":78,"offX":0,"offY":0,"sourceW":179,"sourceH":78}, 
    "doll_btn_follow_png":{"x":505,"y": 927,"w": 64, "h":64,"offX":0,"offY":0,"sourceW":64,"sourceH":64}, 
    "doll_btn_minus_png":{"x":485,"y": 737,"w": 128, "h":94,"offX":0,"offY":0,"sourceW":128,"sourceH":94}, 
    "doll_btn_minus_2_png":{"x":471,"y": 832,"w": 128, "h":94,"offX":0,"offY":0,"sourceW":128,"sourceH":94}, 
    "doll_btn_minus_3_png":{"x":515,"y": 503,"w": 128, "h":94,"offX":0,"offY":0,"sourceW":128,"sourceH":94}, 
    "doll_btn_plus_png":{"x":627,"y": 367,"w": 92, "h":94,"offX":0,"offY":0,"sourceW":92,"sourceH":94}, 
    "doll_btn_plus_2_png":{"x":615,"y": 598,"w": 92, "h":94,"offX":0,"offY":0,"sourceW":92,"sourceH":94}, 
    "doll_btn_plus_3_png":{"x":615,"y": 693,"w": 92, "h":94,"offX":0,"offY":0,"sourceW":92,"sourceH":94}, 
    "doll_gift_img_10_png":{"x":527,"y": 234,"w": 152, "h":132,"offX":0,"offY":0,"sourceW":152,"sourceH":132}, 
    "doll_gift_img_20_png":{"x":323,"y": 372,"w": 191, "h":116,"offX":0,"offY":8,"sourceW":191,"sourceH":132}, 
    "doll_gift_img_30_png":{"x":323,"y": 489,"w": 191, "h":116,"offX":0,"offY":8,"sourceW":191,"sourceH":132}, 
    "doll_gift_img_40_png":{"x":293,"y": 606,"w": 191, "h":116,"offX":0,"offY":8,"sourceW":191,"sourceH":132}, 
    "doll_gift_img_50_png":{"x":485,"y": 606,"w": 129, "h":130,"offX":0,"offY":1,"sourceW":129,"sourceH":132}, 
    "doll_gift_img_80_png":{"x":293,"y": 723,"w": 191, "h":100,"offX":0,"offY":32,"sourceW":191,"sourceH":132}, 
    "doll_h_black_hole_png":{"x":314,"y": 181,"w": 334, "h":52,"offX":0,"offY":0,"sourceW":334,"sourceH":52}, 
    "doll_h_btn_info_png":{"x":644,"y": 527,"w": 61, "h":61,"offX":0,"offY":0,"sourceW":61,"sourceH":61}, 
    "doll_h_btn_start_1_png":{"x":1,"y": 1,"w": 312, "h":128,"offX":0,"offY":0,"sourceW":312,"sourceH":128}, 
    "doll_h_btn_start_2_png":{"x":1,"y": 259,"w": 312, "h":118,"offX":0,"offY":10,"sourceW":312,"sourceH":128}, 
    "doll_h_btn_start_3_png":{"x":1,"y": 130,"w": 312, "h":128,"offX":0,"offY":0,"sourceW":312,"sourceH":128}, 
    "doll_h_cat_00_png":{"x":1,"y": 378,"w": 212, "h":137,"offX":0,"offY":0,"sourceW":212,"sourceH":137}, 
    "doll_h_cat_10_png":{"x":314,"y": 234,"w": 212, "h":137,"offX":0,"offY":0,"sourceW":212,"sourceH":137}, 
    "doll_h_cat_20_png":{"x":1,"y": 516,"w": 212, "h":137,"offX":0,"offY":0,"sourceW":212,"sourceH":137}, 
    "doll_h_cat_30_png":{"x":1,"y": 654,"w": 212, "h":137,"offX":0,"offY":0,"sourceW":212,"sourceH":137}, 
    "doll_h_cat_40_png":{"x":1,"y": 792,"w": 212, "h":137,"offX":0,"offY":0,"sourceW":212,"sourceH":137}, 
    "doll_h_cat_body_png":{"x":515,"y": 372,"w": 111, "h":130,"offX":0,"offY":0,"sourceW":111,"sourceH":130}, 
    "doll_h_cat_hand_1_png":{"x":634,"y": 148,"w": 52, "h":32,"offX":0,"offY":0,"sourceW":52,"sourceH":32}, 
    "doll_h_crown_png":{"x":291,"y": 903,"w": 139, "h":94,"offX":0,"offY":0,"sourceW":139,"sourceH":94}, 
    "doll_h_decorate_png":{"x":431,"y": 927,"w": 73, "h":72,"offX":0,"offY":0,"sourceW":73,"sourceH":72}, 
    "doll_h_gift_png":{"x":600,"y": 878,"w": 64, "h":64,"offX":0,"offY":0,"sourceW":64,"sourceH":64}, 
    "doll_h_menu_png":{"x":634,"y": 83,"w": 64, "h":64,"offX":0,"offY":0,"sourceW":64,"sourceH":64}, 
    "doll_h_paw_center_1_png":{"x":665,"y": 1,"w": 53, "h":53,"offX":0,"offY":0,"sourceW":53,"sourceH":53}, 
    "doll_h_paw_center_2_png":{"x":665,"y": 878,"w": 53, "h":53,"offX":0,"offY":0,"sourceW":53,"sourceH":53}, 
    "doll_h_paw_center_3_png":{"x":570,"y": 943,"w": 53, "h":53,"offX":0,"offY":0,"sourceW":53,"sourceH":53}, 
    "doll_h_paw_level_1_png":{"x":214,"y": 809,"w": 76, "h":132,"offX":0,"offY":0,"sourceW":76,"sourceH":132}, 
    "doll_h_paw_level_2_png":{"x":214,"y": 543,"w": 78, "h":132,"offX":0,"offY":0,"sourceW":78,"sourceH":132}, 
    "doll_h_paw_level_3_png":{"x":214,"y": 676,"w": 78, "h":132,"offX":0,"offY":0,"sourceW":78,"sourceH":132}, 
    "doll_icon_back_png":{"x":644,"y": 462,"w": 64, "h":64,"offX":0,"offY":0,"sourceW":64,"sourceH":64}, 
    "doll_img_title_png":{"x":314,"y": 83,"w": 319, "h":97,"offX":0,"offY":0,"sourceW":319,"sourceH":97}, 
    "doll_paw_center_light_png":{"x":614,"y": 788,"w": 89, "h":89,"offX":0,"offY":0,"sourceW":89,"sourceH":89}, 
    "doll_paw_light_png":{"x":214,"y": 378,"w": 108, "h":164,"offX":0,"offY":0,"sourceW":108,"sourceH":164}, 
    "doll_side_tip_png":{"x":314,"y": 1,"w": 350, "h":81,"offX":0,"offY":0,"sourceW":350,"sourceH":81}
},
"SmartUpdateHash": "$TexturePacker:SmartUpdate:2d0dfd0675cfcc4c8e42677c779a0012:73d15715051e4c1e90a021dba22ea89b:62f2e1535375e57f88853e8d46fcc591$"
}