{
"file": "lot3d_sheet1.png",
"frames": {
    "lot3d_menu_png":{"x":403,"y": 467,"w": 90, "h":90,"offX":0,"offY":0,"sourceW":90,"sourceH":90}, 
    "lot3d_menu_bg_png":{"x":403,"y": 558,"w": 248, "h":73,"offX":0,"offY":0,"sourceW":248,"sourceH":73}, 
    "lot3d_name_png":{"x":1,"y": 467,"w": 401, "h":102,"offX":0,"offY":0,"sourceW":401,"sourceH":102}, 
    "lot3d_return_png":{"x":494,"y": 467,"w": 90, "h":90,"offX":0,"offY":0,"sourceW":90,"sourceH":90}, 
    "lot3d_rule_title_png":{"x":1,"y": 318,"w": 750, "h":148,"offX":0,"offY":0,"sourceW":750,"sourceH":148}, 
    "lot3d_title_bg_png":{"x":1,"y": 1,"w": 750, "h":316,"offX":0,"offY":0,"sourceW":750,"sourceH":316}
},
"SmartUpdateHash": "$TexturePacker:SmartUpdate:350595bcbf58010ffb61f86ebf9823aa:8bb5c5c0d0de47e6c1e0c1e249f25baa:719058c01bcc709485787a44a61930fe$"
}