{
"file": "doll_shop_sheet1.png",
"frames": {
    "black_block_png":{"x":184,"y": 93,"w": 32, "h":27,"offX":0,"offY":0,"sourceW":32,"sourceH":27}, 
    "check_png":{"x":82,"y": 66,"w": 50, "h":41,"offX":0,"offY":0,"sourceW":50,"sourceH":41}, 
    "doll_shop_bg_png":{"x":1,"y": 1,"w": 80, "h":961,"offX":0,"offY":0,"sourceW":80,"sourceH":961}, 
    "doll_shop_item_png":{"x":82,"y": 1,"w": 333, "h":64,"offX":0,"offY":0,"sourceW":333,"sourceH":64}, 
    "top_left_block_png":{"x":184,"y": 66,"w": 41, "h":26,"offX":0,"offY":0,"sourceW":41,"sourceH":26}, 
    "top_right_block_png":{"x":226,"y": 66,"w": 40, "h":36,"offX":0,"offY":0,"sourceW":40,"sourceH":36}, 
    "uncheck_png":{"x":133,"y": 66,"w": 50, "h":41,"offX":0,"offY":0,"sourceW":50,"sourceH":41}
},
"SmartUpdateHash": "$TexturePacker:SmartUpdate:21c14f23b15e75b046a4a3dd422a894d:94ad86989483c497fcedf0d6d2d0029a:d3e3e02d7d5da882ade08b676d3c2e81$"
}