{
"file": "treasure_windows_sheet2.png",
"frames": {
    "treasure_title_11_png":{"x":1,"y": 107,"w": 285, "h":105,"offX":0,"offY":0,"sourceW":285,"sourceH":105}, 
    "treasure_title_5_png":{"x":1,"y": 1,"w": 287, "h":105,"offX":0,"offY":0,"sourceW":287,"sourceH":105}, 
    "treasure_title_7_png":{"x":289,"y": 1,"w": 287, "h":105,"offX":0,"offY":0,"sourceW":287,"sourceH":105}, 
    "treasure_title_8_png":{"x":513,"y": 107,"w": 223, "h":104,"offX":1,"offY":0,"sourceW":225,"sourceH":104}, 
    "treasure_title_9_png":{"x":287,"y": 107,"w": 225, "h":104,"offX":0,"offY":0,"sourceW":225,"sourceH":104}
},
"SmartUpdateHash": "$TexturePacker:SmartUpdate:fa1a4834b3d1ce920523dd39bebe7aa4:78807585c31cd4fa7f84f528949a93fd:9ba464a74e3de47e4cfaf3c8b6e32fc5$"
}