{
"file": "treasure_windows_sheet1.png",
"frames": {
    "treasure_arrow_png":{"x":708,"y": 1,"w": 18, "h":39,"offX":0,"offY":0,"sourceW":18,"sourceH":39}, 
    "treasure_bet_bg_1_png":{"x":579,"y": 367,"w": 91, "h":115,"offX":0,"offY":0,"sourceW":91,"sourceH":115}, 
    "treasure_bet_bg_2_png":{"x":579,"y": 483,"w": 91, "h":115,"offX":0,"offY":0,"sourceW":91,"sourceH":115}, 
    "treasure_bet_bg_3_png":{"x":671,"y": 367,"w": 55, "h":56,"offX":0,"offY":0,"sourceW":55,"sourceH":56}, 
    "treasure_btn_minus_png":{"x":662,"y": 691,"w": 58, "h":58,"offX":0,"offY":0,"sourceW":58,"sourceH":58}, 
    "treasure_btn_plus_png":{"x":662,"y": 750,"w": 58, "h":58,"offX":0,"offY":0,"sourceW":58,"sourceH":58}, 
    "treasure_dot_png":{"x":683,"y": 1,"w": 24, "h":24,"offX":0,"offY":0,"sourceW":24,"sourceH":24}, 
    "treasure_help_img_1_png":{"x":1,"y": 215,"w": 577, "h":247,"offX":0,"offY":0,"sourceW":577,"sourceH":247}, 
    "treasure_help_img_2_png":{"x":1,"y": 653,"w": 576, "h":246,"offX":0,"offY":0,"sourceW":576,"sourceH":246}, 
    "treasure_icon_down_png":{"x":671,"y": 424,"w": 53, "h":35,"offX":0,"offY":0,"sourceW":53,"sourceH":35}, 
    "treasure_icon_up_png":{"x":671,"y": 460,"w": 53, "h":35,"offX":0,"offY":0,"sourceW":53,"sourceH":35}, 
    "treasure_pop_win_png":{"x":1,"y": 1,"w": 681, "h":213,"offX":0,"offY":0,"sourceW":681,"sourceH":213}, 
    "treasure_record_bg_png":{"x":1,"y": 584,"w": 577, "h":68,"offX":0,"offY":0,"sourceW":577,"sourceH":68}, 
    "treasure_record_item_png":{"x":1,"y": 463,"w": 577, "h":120,"offX":0,"offY":0,"sourceW":577,"sourceH":120}, 
    "treasure_title_1_png":{"x":578,"y": 653,"w": 148, "h":37,"offX":0,"offY":0,"sourceW":148,"sourceH":37}, 
    "treasure_title_10_png":{"x":578,"y": 691,"w": 83, "h":65,"offX":0,"offY":0,"sourceW":83,"sourceH":65}, 
    "treasure_title_2_png":{"x":579,"y": 253,"w": 146, "h":37,"offX":0,"offY":0,"sourceW":146,"sourceH":37}, 
    "treasure_title_3_png":{"x":579,"y": 291,"w": 146, "h":37,"offX":0,"offY":0,"sourceW":146,"sourceH":37}, 
    "treasure_title_4_png":{"x":579,"y": 215,"w": 147, "h":37,"offX":0,"offY":0,"sourceW":147,"sourceH":37}, 
    "treasure_title_6_png":{"x":579,"y": 329,"w": 146, "h":37,"offX":0,"offY":0,"sourceW":146,"sourceH":37}
},
"SmartUpdateHash": "$TexturePacker:SmartUpdate:fa1a4834b3d1ce920523dd39bebe7aa4:78807585c31cd4fa7f84f528949a93fd:9ba464a74e3de47e4cfaf3c8b6e32fc5$"
}