{
"file": "login_bocaiyouleba_sheet1.png",
"frames": {
    "login_306_png":{"x":213,"y": 642,"w": 528, "h":69,"offX":0,"offY":0,"sourceW":528,"sourceH":69}, 
    "login_311_png":{"x":213,"y": 712,"w": 514, "h":55,"offX":0,"offY":0,"sourceW":514,"sourceH":55}, 
    "login_bocaiyouleba_1_png":{"x":213,"y": 768,"w": 226, "h":89,"offX":1,"offY":1,"sourceW":228,"sourceH":91}, 
    "login_bocaiyouleba_10_png":{"x":665,"y": 1,"w": 50, "h":56,"offX":0,"offY":0,"sourceW":50,"sourceH":56}, 
    "login_bocaiyouleba_11_png":{"x":607,"y": 1,"w": 57, "h":65,"offX":0,"offY":0,"sourceW":57,"sourceH":65}, 
    "login_bocaiyouleba_4_png":{"x":665,"y": 58,"w": 43, "h":63,"offX":0,"offY":0,"sourceW":43,"sourceH":63}, 
    "login_bocaiyouleba_5_png":{"x":1,"y": 868,"w": 438, "h":105,"offX":4,"offY":3,"sourceW":442,"sourceH":111}, 
    "login_bocaiyouleba_6_png":{"x":1,"y": 642,"w": 211, "h":225,"offX":2,"offY":3,"sourceW":213,"sourceH":231}, 
    "login_bocaiyouleba_8_png":{"x":1,"y": 1,"w": 605, "h":640,"offX":3,"offY":4,"sourceW":611,"sourceH":646}, 
    "login_bocaiyouleba_9_png":{"x":440,"y": 768,"w": 211, "h":225,"offX":2,"offY":3,"sourceW":213,"sourceH":231}
},
"SmartUpdateHash": "$TexturePacker:SmartUpdate:cd2ce3b2af1391b047bd3ef274249082:5a7946c820844f26d340cf4a9e3a2733:e212fa2c96a4d81933d8497720a050ab$"
}