{
"file": "acount_sheet1.png",
"frames": {
    "acount_btn_return_png":{"x":593,"y": 114,"w": 81, "h":81,"offX":0,"offY":0,"sourceW":81,"sourceH":81}, 
    "acount_title_png":{"x":1,"y": 1,"w": 591, "h":124,"offX":0,"offY":0,"sourceW":591,"sourceH":124}, 
    "acount_wxicon_png":{"x":593,"y": 1,"w": 112, "h":112,"offX":0,"offY":0,"sourceW":112,"sourceH":112}
},
"SmartUpdateHash": "$TexturePacker:SmartUpdate:eb9606adb1a8e221545b1efccbd93a05:fe5857306857c33060e89e859c00e8dd:1941b7d4afe0096fdfe65af88b847589$"
}