{
"file": "rps_sheet2.png",
"frames": {
    "rps_bet_btn1_png":{"x":646,"y": 169,"w": 105, "h":102,"offX":0,"offY":0,"sourceW":105,"sourceH":102}, 
    "rps_bet_btn2_png":{"x":442,"y": 312,"w": 105, "h":102,"offX":0,"offY":0,"sourceW":105,"sourceH":102}, 
    "rps_btn_menu_png":{"x":548,"y": 300,"w": 90, "h":90,"offX":0,"offY":0,"sourceW":90,"sourceH":90}, 
    "rps_btn_return_png":{"x":646,"y": 272,"w": 90, "h":90,"offX":0,"offY":0,"sourceW":90,"sourceH":90}, 
    "rps_head_1_png":{"x":426,"y": 202,"w": 109, "h":109,"offX":0,"offY":0,"sourceW":109,"sourceH":109}, 
    "rps_head_2_png":{"x":536,"y": 190,"w": 109, "h":109,"offX":0,"offY":0,"sourceW":109,"sourceH":109}, 
    "rps_hero_1_png":{"x":641,"y": 1,"w": 112, "h":167,"offX":0,"offY":0,"sourceW":112,"sourceH":167}, 
    "rps_hero_2_png":{"x":174,"y": 202,"w": 116, "h":178,"offX":0,"offY":0,"sourceW":116,"sourceH":178}, 
    "rps_hero_shadow_png":{"x":154,"y": 381,"w": 136, "h":40,"offX":0,"offY":0,"sourceW":136,"sourceH":40}, 
    "rps_icon_p_png":{"x":515,"y": 1,"w": 125, "h":188,"offX":0,"offY":0,"sourceW":125,"sourceH":188}, 
    "rps_icon_r_png":{"x":291,"y": 202,"w": 134, "h":143,"offX":0,"offY":0,"sourceW":134,"sourceH":143}, 
    "rps_icon_s_png":{"x":1,"y": 202,"w": 172, "h":176,"offX":0,"offY":0,"sourceW":172,"sourceH":176}, 
    "rps_pk_top_png":{"x":1,"y": 1,"w": 513, "h":200,"offX":4,"offY":2,"sourceW":519,"sourceH":204}, 
    "rps_toggle_2_png":{"x":291,"y": 346,"w": 150, "h":51,"offX":0,"offY":0,"sourceW":150,"sourceH":51}, 
    "rps_toggle_3_png":{"x":1,"y": 379,"w": 152, "h":51,"offX":0,"offY":0,"sourceW":152,"sourceH":51}
},
"SmartUpdateHash": "$TexturePacker:SmartUpdate:fd1082bb43e7e77dadf3d6054af0f13f:4c1646f17ac0bb0cef0dd87f8e0bfae6:7c8f207de5d0672509d99d0063d7415d$"
}