{
"file": "zoo_auto_sheet1.png",
"frames": {
    "zoo_auto_all_png":{"x":388,"y": 107,"w": 52, "h":28,"offX":42,"offY":56,"sourceW":138,"sourceH":138}, 
    "zoo_auto_all_on_png":{"x":441,"y": 107,"w": 52, "h":28,"offX":42,"offY":56,"sourceW":138,"sourceH":138}, 
    "zoo_auto_icon0_png":{"x":388,"y": 1,"w": 72, "h":72,"offX":32,"offY":32,"sourceW":138,"sourceH":138}, 
    "zoo_auto_icon1_png":{"x":269,"y": 1,"w": 118, "h":118,"offX":9,"offY":9,"sourceW":138,"sourceH":138}, 
    "zoo_auto_icon2_png":{"x":140,"y": 1,"w": 128, "h":128,"offX":4,"offY":4,"sourceW":138,"sourceH":138}, 
    "zoo_auto_icon3_png":{"x":1,"y": 1,"w": 138, "h":138,"offX":0,"offY":0,"sourceW":138,"sourceH":138}, 
    "zoo_auto_icon4_png":{"x":140,"y": 1,"w": 128, "h":128,"offX":4,"offY":4,"sourceW":138,"sourceH":138}, 
    "zoo_auto_lock_png":{"x":461,"y": 1,"w": 50, "h":52,"offX":43,"offY":43,"sourceW":138,"sourceH":138}, 
    "zoo_auto_lock_on_png":{"x":461,"y": 54,"w": 50, "h":52,"offX":43,"offY":43,"sourceW":138,"sourceH":138}
},
"SmartUpdateHash": "$TexturePacker:SmartUpdate:43de5c7ffc542cd3d0e03d9180d9436c:cd73054ad96ae5ae79ff4d8341e62890:a303d3a27269abd00ce6c8b352145e04$"
}