{
"file": "login_laiyun_sheet2.png",
"frames": {
    "login_laiyun_11_png":{"x":1,"y": 635,"w": 256, "h":165,"offX":0,"offY":0,"sourceW":256,"sourceH":165}, 
    "login_laiyun_2_png":{"x":258,"y": 635,"w": 406, "h":96,"offX":0,"offY":0,"sourceW":406,"sourceH":96}, 
    "login_laiyun_3_png":{"x":258,"y": 635,"w": 406, "h":96,"offX":0,"offY":0,"sourceW":406,"sourceH":96}, 
    "login_laiyun_4_png":{"x":1,"y": 1,"w": 658, "h":633,"offX":0,"offY":0,"sourceW":658,"sourceH":633}
},
"SmartUpdateHash": "$TexturePacker:SmartUpdate:4468a1ac9f7fd25dc4dd3e6700c0583a:92b5b9b514d3be035e5ceac488959ab2:0b53997dcb8554c922821a5dab842a58$"
}