{
"file": "zoo_lightn_effect_sheet2.png",
"frames": {
    "zoo_lightn_1_png":{"x":1,"y": 283,"w": 576, "h":223,"offX":0,"offY":50,"sourceW":608,"sourceH":315}, 
    "zoo_lightn_4_png":{"x":1,"y": 1,"w": 588, "h":281,"offX":0,"offY":34,"sourceW":608,"sourceH":315}, 
    "zoo_lightn_ball1_png":{"x":1,"y": 507,"w": 235, "h":235,"offX":0,"offY":0,"sourceW":235,"sourceH":235}
},
"SmartUpdateHash": "$TexturePacker:SmartUpdate:2ac2ea7fad34d0fb0387a778128e5ef3:7275d839a6f8d375fbc54e289d16459b:2f91ef6e209771e2baf23146aa9b90b2$"
}