{
"file": "treasure_sheet1.png",
"frames": {
    "treasure_bg_4_png":{"x":1,"y": 1,"w": 425, "h":425,"offX":0,"offY":0,"sourceW":425,"sourceH":425}, 
    "treasure_bg_5_png":{"x":1,"y": 756,"w": 577, "h":60,"offX":0,"offY":0,"sourceW":577,"sourceH":60}, 
    "treasure_btn_png":{"x":1,"y": 663,"w": 431, "h":74,"offX":0,"offY":0,"sourceW":431,"sourceH":74}, 
    "treasure_btn_2_png":{"x":1,"y": 872,"w": 324, "h":78,"offX":0,"offY":0,"sourceW":324,"sourceH":78}, 
    "treasure_btn_change_2_png":{"x":326,"y": 942,"w": 211, "h":54,"offX":0,"offY":0,"sourceW":211,"sourceH":54}, 
    "treasure_btn_menu_png":{"x":433,"y": 663,"w": 80, "h":69,"offX":0,"offY":0,"sourceW":80,"sourceH":69}, 
    "treasure_btn_start_3_png":{"x":579,"y": 756,"w": 146, "h":69,"offX":0,"offY":0,"sourceW":146,"sourceH":69}, 
    "treasure_menu_bg_png":{"x":538,"y": 956,"w": 172, "h":39,"offX":0,"offY":0,"sourceW":172,"sourceH":39}, 
    "treasure_object_1_png":{"x":1,"y": 427,"w": 516, "h":235,"offX":0,"offY":0,"sourceW":516,"sourceH":235}, 
    "treasure_object_10_png":{"x":518,"y": 397,"w": 231, "h":358,"offX":0,"offY":0,"sourceW":231,"sourceH":358}, 
    "treasure_object_12_png":{"x":1,"y": 831,"w": 352, "h":40,"offX":0,"offY":0,"sourceW":352,"sourceH":40}, 
    "treasure_object_2_png":{"x":354,"y": 831,"w": 203, "h":110,"offX":0,"offY":0,"sourceW":203,"sourceH":110}, 
    "treasure_object_3_png":{"x":577,"y": 826,"w": 172, "h":129,"offX":0,"offY":0,"sourceW":172,"sourceH":129}, 
    "treasure_object_6_png":{"x":683,"y": 68,"w": 51, "h":51,"offX":0,"offY":0,"sourceW":51,"sourceH":51}, 
    "treasure_object_7_png":{"x":683,"y": 1,"w": 66, "h":66,"offX":0,"offY":0,"sourceW":66,"sourceH":66}, 
    "treasure_object_8_png":{"x":1,"y": 817,"w": 575, "h":13,"offX":0,"offY":0,"sourceW":575,"sourceH":13}, 
    "treasure_object_9_png":{"x":427,"y": 1,"w": 255, "h":395,"offX":0,"offY":0,"sourceW":255,"sourceH":395}, 
    "treasure_word_2_png":{"x":1,"y": 951,"w": 149, "h":41,"offX":0,"offY":0,"sourceW":149,"sourceH":41}, 
    "treasure_word_3_png":{"x":151,"y": 951,"w": 149, "h":41,"offX":0,"offY":0,"sourceW":149,"sourceH":41}
},
"SmartUpdateHash": "$TexturePacker:SmartUpdate:5025d90675ea13e45ccc88b641b543d2:3a7386c89871af38ad26c0ec59a09709:59cf0ccaa0945f6f15e9cd0054998f9c$"
}