{
"file": "zoo_frenzy_effect_sheet2.png",
"frames": {
    "zoo_frenzy_effect2_png":{"x":307,"y": 277,"w": 277, "h":279,"offX":0,"offY":0,"sourceW":305,"sourceH":279}, 
    "zoo_frenzy_effect3_png":{"x":1,"y": 1,"w": 305, "h":279,"offX":0,"offY":0,"sourceW":305,"sourceH":279}, 
    "zoo_frenzy_effect4_png":{"x":1,"y": 281,"w": 305, "h":279,"offX":0,"offY":0,"sourceW":305,"sourceH":279}, 
    "zoo_frenzy_effect9_png":{"x":307,"y": 1,"w": 297, "h":275,"offX":0,"offY":0,"sourceW":305,"sourceH":279}
},
"SmartUpdateHash": "$TexturePacker:SmartUpdate:79ceda7ccf143f9cc190ef3f89b40192:c91f288c0527ed9dcbf1aa3cc0678900:d1cb5a7cb0f7bce8cfcbbc9820b60821$"
}