{
"file": "zoo_frenzy_effect_sheet1.png",
"frames": {
    "zoo_frenzy_effect1_png":{"x":491,"y": 1,"w": 141, "h":161,"offX":80,"offY":58,"sourceW":305,"sourceH":279}, 
    "zoo_frenzy_effect5_png":{"x":1,"y": 306,"w": 305, "h":279,"offX":0,"offY":0,"sourceW":305,"sourceH":279}, 
    "zoo_frenzy_effect6_png":{"x":307,"y": 306,"w": 305, "h":279,"offX":0,"offY":0,"sourceW":305,"sourceH":279}, 
    "zoo_frenzy_effect7_png":{"x":1,"y": 586,"w": 305, "h":279,"offX":0,"offY":0,"sourceW":305,"sourceH":279}, 
    "zoo_frenzy_effect8_png":{"x":307,"y": 586,"w": 305, "h":279,"offX":0,"offY":0,"sourceW":305,"sourceH":279}, 
    "zoo_frenzy_word_png":{"x":1,"y": 1,"w": 489, "h":304,"offX":0,"offY":0,"sourceW":489,"sourceH":304}, 
    "zoo_frenzy_word1_png":{"x":638,"y": 124,"w": 92, "h":122,"offX":0,"offY":0,"sourceW":458,"sourceH":126}, 
    "zoo_frenzy_word2_png":{"x":613,"y": 655,"w": 136, "h":120,"offX":13,"offY":6,"sourceW":458,"sourceH":126}, 
    "zoo_frenzy_word3_png":{"x":613,"y": 280,"w": 134, "h":126,"offX":79,"offY":0,"sourceW":458,"sourceH":126}, 
    "zoo_frenzy_word4_png":{"x":613,"y": 407,"w": 136, "h":124,"offX":159,"offY":2,"sourceW":458,"sourceH":126}, 
    "zoo_frenzy_word5_png":{"x":613,"y": 532,"w": 144, "h":122,"offX":223,"offY":4,"sourceW":458,"sourceH":126}, 
    "zoo_frenzy_word6_png":{"x":491,"y": 163,"w": 146, "h":116,"offX":290,"offY":5,"sourceW":458,"sourceH":126}, 
    "zoo_frenzy_word7_png":{"x":633,"y": 1,"w": 102, "h":122,"offX":356,"offY":4,"sourceW":458,"sourceH":126}
},
"SmartUpdateHash": "$TexturePacker:SmartUpdate:79ceda7ccf143f9cc190ef3f89b40192:c91f288c0527ed9dcbf1aa3cc0678900:d1cb5a7cb0f7bce8cfcbbc9820b60821$"
}