{
"file": "fishing_sheet2.png",
"frames": {
    "fishing_balance_bg_png":{"x":290,"y": 497,"w": 301, "h":69,"offX":0,"offY":0,"sourceW":301,"sourceH":69}, 
    "fishing_boom_btn_1_png":{"x":290,"y": 289,"w": 216, "h":103,"offX":0,"offY":0,"sourceW":216,"sourceH":103}, 
    "fishing_boom_btn_2_png":{"x":529,"y": 79,"w": 216, "h":89,"offX":0,"offY":0,"sourceW":216,"sourceH":89}, 
    "fishing_btn_0_png":{"x":1,"y": 544,"w": 260, "h":131,"offX":0,"offY":0,"sourceW":260,"sourceH":131}, 
    "fishing_btn_1_png":{"x":290,"y": 393,"w": 216, "h":103,"offX":0,"offY":0,"sourceW":216,"sourceH":103}, 
    "fishing_btn_2_png":{"x":525,"y": 169,"w": 216, "h":89,"offX":0,"offY":0,"sourceW":216,"sourceH":89}, 
    "fishing_btn_3_png":{"x":234,"y": 734,"w": 216, "h":89,"offX":0,"offY":0,"sourceW":216,"sourceH":89}, 
    "fishing_btn_hook_cancel_png":{"x":507,"y": 331,"w": 148, "h":99,"offX":0,"offY":0,"sourceW":148,"sourceH":99}, 
    "fishing_btn_rate_png":{"x":529,"y": 1,"w": 218, "h":77,"offX":0,"offY":0,"sourceW":218,"sourceH":77}, 
    "fishing_check_png":{"x":497,"y": 683,"w": 36, "h":27,"offX":0,"offY":0,"sourceW":36,"sourceH":27}, 
    "fishing_fish_1_1_png":{"x":227,"y": 953,"w": 67, "h":26,"offX":0,"offY":4,"sourceW":67,"sourceH":32}, 
    "fishing_fish_1_3_png":{"x":159,"y": 953,"w": 67, "h":32,"offX":0,"offY":0,"sourceW":67,"sourceH":32}, 
    "fishing_fish_3_1_png":{"x":592,"y": 486,"w": 136, "h":95,"offX":0,"offY":0,"sourceW":136,"sourceH":95}, 
    "fishing_fish_3_3_png":{"x":600,"y": 637,"w": 134, "h":95,"offX":0,"offY":0,"sourceW":136,"sourceH":95}, 
    "fishing_fish_4_1_png":{"x":365,"y": 824,"w": 176, "h":67,"offX":4,"offY":4,"sourceW":180,"sourceH":71}, 
    "fishing_fish_4_2_png":{"x":159,"y": 883,"w": 180, "h":69,"offX":0,"offY":2,"sourceW":180,"sourceH":71}, 
    "fishing_fish_4_3_png":{"x":525,"y": 259,"w": 176, "h":71,"offX":4,"offY":0,"sourceW":180,"sourceH":71}, 
    "fishing_fish_5_1_png":{"x":471,"y": 892,"w": 128, "h":107,"offX":4,"offY":0,"sourceW":132,"sourceH":107}, 
    "fishing_fish_5_2_png":{"x":340,"y": 892,"w": 130, "h":107,"offX":2,"offY":0,"sourceW":132,"sourceH":107}, 
    "fishing_fish_5_3_png":{"x":600,"y": 788,"w": 128, "h":107,"offX":4,"offY":0,"sourceW":132,"sourceH":107}, 
    "fishing_fish_6_1_png":{"x":290,"y": 1,"w": 238, "h":143,"offX":0,"offY":0,"sourceW":238,"sourceH":147}, 
    "fishing_fish_6_2_png":{"x":290,"y": 145,"w": 234, "h":143,"offX":4,"offY":0,"sourceW":238,"sourceH":147}, 
    "fishing_fish_6_3_png":{"x":1,"y": 676,"w": 232, "h":147,"offX":6,"offY":0,"sourceW":238,"sourceH":147}, 
    "fishing_fishname_2_png":{"x":600,"y": 733,"w": 132, "h":54,"offX":0,"offY":0,"sourceW":132,"sourceH":54}, 
    "fishing_fishname_5_png":{"x":600,"y": 582,"w": 133, "h":54,"offX":0,"offY":0,"sourceW":133,"sourceH":54}, 
    "fishing_fishname_6_png":{"x":643,"y": 431,"w": 90, "h":54,"offX":0,"offY":0,"sourceW":90,"sourceH":54}, 
    "fishing_fishname_7_png":{"x":507,"y": 431,"w": 135, "h":54,"offX":0,"offY":0,"sourceW":135,"sourceH":54}, 
    "fishing_great_btn_record_png":{"x":159,"y": 824,"w": 205, "h":58,"offX":0,"offY":0,"sourceW":205,"sourceH":58}, 
    "fishing_help_title_png":{"x":512,"y": 767,"w": 48, "h":48,"offX":0,"offY":0,"sourceW":48,"sourceH":48}, 
    "fishing_icon_task_png":{"x":600,"y": 896,"w": 94, "h":94,"offX":0,"offY":0,"sourceW":94,"sourceH":94}, 
    "fishing_land_png":{"x":1,"y": 824,"w": 157, "h":167,"offX":0,"offY":0,"sourceW":157,"sourceH":167}, 
    "fishing_loading_star_1_png":{"x":560,"y": 712,"w": 29, "h":27,"offX":0,"offY":0,"sourceW":29,"sourceH":27}, 
    "fishing_loading_star_2_png":{"x":295,"y": 953,"w": 29, "h":27,"offX":0,"offY":0,"sourceW":29,"sourceH":27}, 
    "fishing_menu_png":{"x":262,"y": 567,"w": 267, "h":64,"offX":0,"offY":0,"sourceW":267,"sourceH":64}, 
    "fishing_num_1_6_png":{"x":451,"y": 734,"w": 60, "h":89,"offX":0,"offY":0,"sourceW":60,"sourceH":89}, 
    "fishing_num_2_1_png":{"x":695,"y": 896,"w": 36, "h":89,"offX":14,"offY":0,"sourceW":60,"sourceH":89}, 
    "fishing_num_2_4_png":{"x":656,"y": 331,"w": 58, "h":89,"offX":2,"offY":0,"sourceW":60,"sourceH":89}, 
    "fishing_num_2_5_png":{"x":536,"y": 622,"w": 58, "h":89,"offX":2,"offY":0,"sourceW":60,"sourceH":89}, 
    "fishing_rate_panel_png":{"x":1,"y": 1,"w": 288, "h":542,"offX":0,"offY":0,"sourceW":288,"sourceH":542}, 
    "fishing_selected_png":{"x":702,"y": 259,"w": 40, "h":47,"offX":0,"offY":0,"sourceW":40,"sourceH":47}, 
    "fishing_tip_1_png":{"x":262,"y": 632,"w": 273, "h":50,"offX":0,"offY":0,"sourceW":273,"sourceH":50}, 
    "fishing_tip_2_png":{"x":234,"y": 683,"w": 262, "h":50,"offX":0,"offY":0,"sourceW":262,"sourceH":50}, 
    "fishing_word_1_2_png":{"x":530,"y": 567,"w": 47, "h":54,"offX":0,"offY":0,"sourceW":47,"sourceH":54}, 
    "fishing_word_2_2_png":{"x":512,"y": 712,"w": 47, "h":54,"offX":0,"offY":0,"sourceW":47,"sourceH":54}
},
"SmartUpdateHash": "$TexturePacker:SmartUpdate:8c1d0770abc3532e94ffa094736132ec:e8e8db67aadcd89e1a321445c341ba99:0e771bd85dc7966da59f39558296c88f$"
}