{
"file": "fishing_sheet1.png",
"frames": {
    "fishing_bottom_panel_png":{"x":1,"y": 559,"w": 750, "h":117,"offX":0,"offY":0,"sourceW":750,"sourceH":117}, 
    "fishing_box_text_png":{"x":199,"y": 967,"w": 100, "h":26,"offX":0,"offY":0,"sourceW":100,"sourceH":26}, 
    "fishing_fish_1_2_png":{"x":300,"y": 967,"w": 67, "h":26,"offX":0,"offY":4,"sourceW":67,"sourceH":32}, 
    "fishing_gold_png":{"x":704,"y": 915,"w": 49, "h":59,"offX":0,"offY":0,"sourceW":49,"sourceH":59}, 
    "fishing_head_panel_png":{"x":383,"y": 781,"w": 374, "h":133,"offX":0,"offY":0,"sourceW":374,"sourceH":133}, 
    "fishing_line_png":{"x":752,"y": 1,"w": 4, "h":280,"offX":0,"offY":0,"sourceW":4,"sourceH":280}, 
    "fishing_loading_png":{"x":1,"y": 968,"w": 197, "h":20,"offX":0,"offY":0,"sourceW":197,"sourceH":20}, 
    "fishing_loading_top_png":{"x":368,"y": 978,"w": 191, "h":5,"offX":0,"offY":0,"sourceW":191,"sourceH":5}, 
    "fishing_num_2_6_png":{"x":1,"y": 878,"w": 60, "h":89,"offX":0,"offY":0,"sourceW":60,"sourceH":89}, 
    "fishing_rod_png":{"x":352,"y": 677,"w": 401, "h":103,"offX":0,"offY":0,"sourceW":401,"sourceH":103}, 
    "fishing_top_bg_png":{"x":1,"y": 1,"w": 750, "h":557,"offX":0,"offY":0,"sourceW":750,"sourceH":557}, 
    "fishing_water_1_png":{"x":383,"y": 915,"w": 320, "h":62,"offX":0,"offY":0,"sourceW":320,"sourceH":62}, 
    "fishing_water_2_png":{"x":62,"y": 878,"w": 320, "h":88,"offX":0,"offY":0,"sourceW":320,"sourceH":88}, 
    "fishing_water_bg_png":{"x":1,"y": 677,"w": 350, "h":200,"offX":0,"offY":0,"sourceW":350,"sourceH":200}
},
"SmartUpdateHash": "$TexturePacker:SmartUpdate:8c1d0770abc3532e94ffa094736132ec:e8e8db67aadcd89e1a321445c341ba99:0e771bd85dc7966da59f39558296c88f$"
}