{
"file": "zoo_lightn_effect_sheet1.png",
"frames": {
    "zoo_lightn_2_png":{"x":1,"y": 201,"w": 548, "h":257,"offX":22,"offY":0,"sourceW":608,"sourceH":315}, 
    "zoo_lightn_3_png":{"x":1,"y": 1,"w": 586, "h":199,"offX":22,"offY":59,"sourceW":608,"sourceH":315}, 
    "zoo_lightn_ball2_png":{"x":1,"y": 459,"w": 235, "h":235,"offX":0,"offY":0,"sourceW":235,"sourceH":235}, 
    "zoo_lightn_ball3_png":{"x":471,"y": 459,"w": 229, "h":229,"offX":3,"offY":3,"sourceW":235,"sourceH":235}, 
    "zoo_lightn_ball4_png":{"x":237,"y": 459,"w": 233, "h":233,"offX":1,"offY":1,"sourceW":235,"sourceH":235}
},
"SmartUpdateHash": "$TexturePacker:SmartUpdate:2ac2ea7fad34d0fb0387a778128e5ef3:7275d839a6f8d375fbc54e289d16459b:2f91ef6e209771e2baf23146aa9b90b2$"
}