{"guess_sheet1_json":{"file":"guess_sheet1.png","frames":{"share_icon_add_png":{"x":1,"y":302,"sourceH":193,"h":193,"sourceW":193,"w":193,"offY":0,"offX":0},"guess_btn_return_png":{"x":195,"y":302,"sourceH":120,"h":120,"sourceW":120,"w":120,"offY":0,"offX":0},"guess_img_default_png":{"x":1,"y":1,"sourceH":300,"h":300,"sourceW":750,"w":750,"offY":0,"offX":0},"guess_main_return_png":{"x":195,"y":423,"sourceH":64,"h":64,"sourceW":64,"w":64,"offY":0,"offX":0}}},"Goods_sheet1_json":{"file":"Goods_sheet1.png","frames":{"prize_gold_png":{"x":285,"y":222,"sourceH":109,"h":109,"sourceW":110,"w":110,"offY":0,"offX":0},"prize_gprs_png":{"x":443,"y":169,"sourceH":193,"h":193,"sourceW":193,"w":193,"offY":0,"offX":0},"prizep_phone_bg_png":{"x":443,"y":1,"sourceH":167,"h":167,"sourceW":259,"w":259,"offY":0,"offX":0},"prize_chip_png":{"x":154,"y":222,"sourceH":132,"h":132,"sourceW":130,"w":130,"offY":0,"offX":0},"prize_phone_card_png":{"x":222,"y":1,"sourceH":220,"h":220,"sourceW":220,"w":220,"offY":0,"offX":0},"prize_jd_card_png":{"x":1,"y":1,"sourceH":220,"h":220,"sourceW":220,"w":220,"offY":0,"offX":0},"prize_red_bag_png":{"x":1,"y":222,"sourceH":150,"h":150,"sourceW":152,"w":152,"offY":0,"offX":0}}},"common_sheet1_json":{"file":"common_sheet1.png","frames":{"checkbox_select_up_png":{"x":364,"y":49,"sourceH":23,"h":23,"sourceW":23,"w":23,"offY":0,"offX":0},"sug_icon_png":{"x":201,"y":101,"sourceH":100,"h":100,"sourceW":100,"w":100,"offY":0,"offX":0},"rank_vip_2_png":{"x":364,"y":17,"sourceH":15,"h":15,"sourceW":30,"w":30,"offY":0,"offX":0},"head_default_png":{"x":302,"y":101,"sourceH":93,"h":93,"sourceW":93,"w":93,"offY":0,"offX":0},"rank_vip_3_png":{"x":364,"y":33,"sourceH":15,"h":15,"sourceW":30,"w":30,"offY":0,"offX":0},"checkbox_unselect_png":{"x":303,"y":73,"sourceH":23,"h":23,"sourceW":23,"w":23,"offY":0,"offX":0},"btn_select1_png":{"x":303,"y":1,"sourceH":60,"h":60,"sourceW":60,"w":60,"offY":0,"offX":0},"rank_vip_1_png":{"x":364,"y":1,"sourceH":15,"h":15,"sourceW":30,"w":30,"offY":0,"offX":0},"loading_png":{"x":1,"y":1,"sourceH":198,"h":198,"sourceW":199,"w":199,"offY":0,"offX":0},"btn_select2_png":{"x":201,"y":1,"sourceH":99,"h":99,"sourceW":101,"w":101,"offY":0,"offX":0},"icon_arrow_png":{"x":327,"y":73,"sourceH":13,"h":13,"sourceW":17,"w":17,"offY":0,"offX":0}}},"playercount_sheet1_json":{"file":"playercount_sheet1.png","frames":{"bg_trend_png":{"x":1,"y":1,"sourceH":511,"h":511,"sourceW":616,"w":616,"offY":0,"offX":0}}}}