{
"file": "zoo_record_sheet1.png",
"frames": {
    "zoo_icon_1_png":{"x":1,"y": 271,"w": 98, "h":98,"offX":0,"offY":0,"sourceW":98,"sourceH":98}, 
    "zoo_icon_10_png":{"x":100,"y": 271,"w": 98, "h":98,"offX":0,"offY":0,"sourceW":98,"sourceH":98}, 
    "zoo_icon_11_png":{"x":107,"y": 168,"w": 98, "h":98,"offX":0,"offY":0,"sourceW":98,"sourceH":98}, 
    "zoo_icon_12_png":{"x":199,"y": 267,"w": 98, "h":98,"offX":0,"offY":0,"sourceW":98,"sourceH":98}, 
    "zoo_icon_13_png":{"x":206,"y": 168,"w": 98, "h":98,"offX":0,"offY":0,"sourceW":98,"sourceH":98}, 
    "zoo_icon_14_png":{"x":199,"y": 366,"w": 98, "h":98,"offX":0,"offY":0,"sourceW":98,"sourceH":98}, 
    "zoo_icon_15_png":{"x":298,"y": 267,"w": 98, "h":98,"offX":0,"offY":0,"sourceW":98,"sourceH":98}, 
    "zoo_icon_2_png":{"x":305,"y": 168,"w": 98, "h":98,"offX":0,"offY":0,"sourceW":98,"sourceH":98}, 
    "zoo_icon_3_png":{"x":298,"y": 366,"w": 98, "h":98,"offX":0,"offY":0,"sourceW":98,"sourceH":98}, 
    "zoo_icon_4_png":{"x":397,"y": 267,"w": 98, "h":98,"offX":0,"offY":0,"sourceW":98,"sourceH":98}, 
    "zoo_icon_5_png":{"x":404,"y": 168,"w": 98, "h":98,"offX":0,"offY":0,"sourceW":98,"sourceH":98}, 
    "zoo_icon_6_png":{"x":397,"y": 366,"w": 98, "h":98,"offX":0,"offY":0,"sourceW":98,"sourceH":98}, 
    "zoo_icon_7_png":{"x":503,"y": 168,"w": 98, "h":98,"offX":0,"offY":0,"sourceW":98,"sourceH":98}, 
    "zoo_icon_8_png":{"x":496,"y": 267,"w": 98, "h":98,"offX":0,"offY":0,"sourceW":98,"sourceH":98}, 
    "zoo_icon_9_png":{"x":496,"y": 366,"w": 98, "h":98,"offX":0,"offY":0,"sourceW":98,"sourceH":98}, 
    "zoo_record_close_png":{"x":1,"y": 370,"w": 82, "h":82,"offX":0,"offY":0,"sourceW":82,"sourceH":82}, 
    "zoo_record_got_png":{"x":1,"y": 168,"w": 105, "h":102,"offX":0,"offY":0,"sourceW":105,"sourceH":102}, 
    "zoo_record_title_png":{"x":1,"y": 1,"w": 661, "h":166,"offX":0,"offY":0,"sourceW":661,"sourceH":166}
},
"SmartUpdateHash": "$TexturePacker:SmartUpdate:d21cd30991035324e018cd6d18acaddd:2faa40ee4871d1fb5b4cdd1029ae0fba:50d78dfed30bccc5191f4900f550c5f4$"
}