{
"file": "login_maimaichang_sheet1.png",
"frames": {
    "login_306_png":{"x":1,"y": 843,"w": 528, "h":69,"offX":0,"offY":0,"sourceW":528,"sourceH":69}, 
    "login_311_png":{"x":1,"y": 913,"w": 514, "h":55,"offX":0,"offY":0,"sourceW":514,"sourceH":55}, 
    "login_maimaichang_1_png":{"x":314,"y": 177,"w": 224, "h":110,"offX":0,"offY":3,"sourceW":224,"sourceH":116}, 
    "login_maimaichang_10_png":{"x":1,"y": 1,"w": 312, "h":243,"offX":0,"offY":0,"sourceW":312,"sourceH":243}, 
    "login_maimaichang_12_png":{"x":1,"y": 625,"w": 545, "h":108,"offX":2,"offY":0,"sourceW":547,"sourceH":108}, 
    "login_maimaichang_2_png":{"x":1,"y": 734,"w": 545, "h":108,"offX":2,"offY":0,"sourceW":547,"sourceH":108}, 
    "login_maimaichang_3_png":{"x":1,"y": 475,"w": 114, "h":72,"offX":0,"offY":3,"sourceW":114,"sourceH":78}, 
    "login_maimaichang_6_png":{"x":314,"y": 1,"w": 206, "h":175,"offX":0,"offY":0,"sourceW":206,"sourceH":175}, 
    "login_maimaichang_7_png":{"x":1,"y": 245,"w": 299, "h":229,"offX":0,"offY":0,"sourceW":299,"sourceH":229}, 
    "login_maimaichang_8_png":{"x":301,"y": 288,"w": 299, "h":229,"offX":0,"offY":0,"sourceW":299,"sourceH":229}, 
    "login_maimaichang_9_png":{"x":116,"y": 518,"w": 397, "h":106,"offX":1,"offY":2,"sourceW":547,"sourceH":108}
},
"SmartUpdateHash": "$TexturePacker:SmartUpdate:41f3205a13f2b147514e9cdd9171d85b:95dec9b8badafc1c865e5d99b1d1df21:67c7bbe7ba76a7a2f87199ae82b24d3c$"
}