{
"file": "zoo_room_sheet1.png",
"frames": {
    "online_num_png":{"x":1,"y": 695,"w": 28, "h":30,"offX":0,"offY":0,"sourceW":28,"sourceH":30}, 
    "room_civilian_png":{"x":1,"y": 366,"w": 319, "h":328,"offX":0,"offY":36,"sourceW":319,"sourceH":364}, 
    "room_diamand_png":{"x":321,"y": 330,"w": 319, "h":326,"offX":0,"offY":38,"sourceW":319,"sourceH":364}, 
    "room_gold_png":{"x":321,"y": 657,"w": 319, "h":318,"offX":0,"offY":46,"sourceW":319,"sourceH":364}, 
    "room_petty_png":{"x":321,"y": 1,"w": 319, "h":328,"offX":0,"offY":36,"sourceW":319,"sourceH":364}, 
    "room_single_png":{"x":1,"y": 1,"w": 319, "h":364,"offX":0,"offY":0,"sourceW":319,"sourceH":364}
},
"SmartUpdateHash": "$TexturePacker:SmartUpdate:7abbdc23025fa7ff1b0d13a08c350a15:eb48550861cc926dec95381ef23a51b1:1083c4c21e4b362bca64c1df2e95f5bc$"
}