{
"file": "stock_sheet1.png",
"frames": {
    "stock_bet_btn2_png":{"x":1,"y": 544,"w": 106, "h":89,"offX":0,"offY":0,"sourceW":106,"sourceH":89}, 
    "stock_bg_png":{"x":1,"y": 1,"w": 750, "h":72,"offX":0,"offY":0,"sourceW":750,"sourceH":72}, 
    "stock_btn_menu_png":{"x":108,"y": 544,"w": 76, "h":76,"offX":0,"offY":0,"sourceW":76,"sourceH":76}, 
    "stock_history_icon1_png":{"x":722,"y": 74,"w": 31, "h":31,"offX":0,"offY":0,"sourceW":31,"sourceH":31}, 
    "stock_history_icon2_png":{"x":722,"y": 106,"w": 31, "h":31,"offX":0,"offY":0,"sourceW":31,"sourceH":31}, 
    "stock_radio_left2_png":{"x":108,"y": 621,"w": 190, "h":47,"offX":0,"offY":0,"sourceW":190,"sourceH":47}, 
    "stock_radio_right1_png":{"x":299,"y": 615,"w": 190, "h":47,"offX":0,"offY":0,"sourceW":190,"sourceH":47}, 
    "stock_radio_right2_png":{"x":490,"y": 615,"w": 190, "h":47,"offX":0,"offY":0,"sourceW":190,"sourceH":47}, 
    "stock_trend2_bg_png":{"x":1,"y": 74,"w": 720, "h":234,"offX":0,"offY":0,"sourceW":720,"sourceH":234}, 
    "stock_trend_bg_png":{"x":1,"y": 309,"w": 720, "h":234,"offX":0,"offY":0,"sourceW":720,"sourceH":234}, 
    "stock_type_left2_png":{"x":185,"y": 544,"w": 189, "h":70,"offX":0,"offY":0,"sourceW":189,"sourceH":70}, 
    "stock_type_right1_png":{"x":375,"y": 544,"w": 189, "h":70,"offX":0,"offY":0,"sourceW":189,"sourceH":70}, 
    "stock_type_right2_png":{"x":565,"y": 544,"w": 189, "h":70,"offX":0,"offY":0,"sourceW":189,"sourceH":70}, 
    "stock_voice_png":{"x":1,"y": 634,"w": 42, "h":35,"offX":0,"offY":0,"sourceW":42,"sourceH":35}, 
    "stock_vs_png":{"x":681,"y": 615,"w": 50, "h":40,"offX":0,"offY":0,"sourceW":50,"sourceH":40}
},
"SmartUpdateHash": "$TexturePacker:SmartUpdate:b68d5c6b91195a15f2376514fb7c9ac0:ef14986f3cdd21c5877a2785d4566529:ed5e33bb586d637741ca879f7a5b942f$"
}