{
"file": "doll_sheet1.png",
"frames": {
    "doll_boom_loading_png":{"x":110,"y": 972,"w": 214, "h":18,"offX":6,"offY":6,"sourceW":226,"sourceH":30}, 
    "doll_boom_loading_bg_png":{"x":503,"y": 533,"w": 226, "h":30,"offX":0,"offY":0,"sourceW":226,"sourceH":30}, 
    "doll_bottom_bg_png":{"x":1,"y": 1,"w": 750, "h":293,"offX":0,"offY":0,"sourceW":750,"sourceH":293}, 
    "doll_box_light_png":{"x":658,"y": 840,"w": 100, "h":100,"offX":0,"offY":0,"sourceW":100,"sourceH":100}, 
    "doll_box_open_png":{"x":658,"y": 941,"w": 62, "h":53,"offX":0,"offY":0,"sourceW":62,"sourceH":53}, 
    "doll_gift_img_00_png":{"x":503,"y": 840,"w": 154, "h":145,"offX":0,"offY":0,"sourceW":154,"sourceH":145}, 
    "doll_h_cat_50_png":{"x":503,"y": 564,"w": 212, "h":137,"offX":0,"offY":0,"sourceW":212,"sourceH":137}, 
    "doll_h_cat_60_png":{"x":503,"y": 702,"w": 212, "h":137,"offX":0,"offY":0,"sourceW":212,"sourceH":137}, 
    "doll_h_cat_foot_1_png":{"x":1,"y": 972,"w": 108, "h":22,"offX":0,"offY":0,"sourceW":108,"sourceH":22}, 
    "doll_h_charge_bg_png":{"x":1,"y": 295,"w": 727, "h":61,"offX":0,"offY":0,"sourceW":727,"sourceH":61}, 
    "doll_h_charge_item_png":{"x":1,"y": 357,"w": 706, "h":112,"offX":0,"offY":0,"sourceW":706,"sourceH":112}, 
    "doll_h_gold_png":{"x":503,"y": 470,"w": 231, "h":62,"offX":0,"offY":0,"sourceW":231,"sourceH":62}, 
    "doll_h_light_png":{"x":1,"y": 470,"w": 501, "h":501,"offX":0,"offY":0,"sourceW":501,"sourceH":501}, 
    "doll_h_line_1_png":{"x":729,"y": 295,"w": 10, "h":15,"offX":0,"offY":0,"sourceW":10,"sourceH":15}, 
    "doll_h_line_2_png":{"x":740,"y": 295,"w": 10, "h":15,"offX":0,"offY":0,"sourceW":10,"sourceH":15}, 
    "doll_h_line_3_png":{"x":729,"y": 311,"w": 10, "h":15,"offX":0,"offY":0,"sourceW":10,"sourceH":15}, 
    "doll_h_little_star_png":{"x":708,"y": 357,"w": 34, "h":33,"offX":0,"offY":0,"sourceW":34,"sourceH":33}
},
"SmartUpdateHash": "$TexturePacker:SmartUpdate:2d0dfd0675cfcc4c8e42677c779a0012:73d15715051e4c1e90a021dba22ea89b:62f2e1535375e57f88853e8d46fcc591$"
}