{
"file": "login_fengkuangyouleba_sheet1.png",
"frames": {
    "login_179_png":{"x":1,"y": 606,"w": 372, "h":70,"offX":0,"offY":0,"sourceW":372,"sourceH":70}, 
    "login_208_png":{"x":374,"y": 606,"w": 229, "h":105,"offX":0,"offY":0,"sourceW":229,"sourceH":105}, 
    "login_225_png":{"x":572,"y": 1,"w": 155, "h":155,"offX":0,"offY":0,"sourceW":155,"sourceH":155}, 
    "login_230_png":{"x":1,"y": 1,"w": 570, "h":478,"offX":0,"offY":0,"sourceW":570,"sourceH":478}, 
    "login_250_png":{"x":572,"y": 313,"w": 152, "h":152,"offX":0,"offY":0,"sourceW":152,"sourceH":152}, 
    "login_254_png":{"x":572,"y": 157,"w": 155, "h":155,"offX":0,"offY":0,"sourceW":155,"sourceH":155}, 
    "login_264_png":{"x":1,"y": 677,"w": 344, "h":40,"offX":0,"offY":0,"sourceW":344,"sourceH":40}, 
    "login_290_png":{"x":604,"y": 466,"w": 137, "h":159,"offX":0,"offY":0,"sourceW":137,"sourceH":159}, 
    "login_306_png":{"x":1,"y": 480,"w": 528, "h":69,"offX":0,"offY":0,"sourceW":528,"sourceH":69}, 
    "login_311_png":{"x":1,"y": 550,"w": 514, "h":55,"offX":0,"offY":0,"sourceW":514,"sourceH":55}
},
"SmartUpdateHash": "$TexturePacker:SmartUpdate:6239b4180c4144a7222a928075bfceca:431c50917b8c5fe35153ce09dd2a682d:55e0d3db99c6e9ee0269217c41324de5$"
}