{
"file": "common_sheet1.png",
"frames": {
    "common_arrow_right_png":{"x":743,"y": 486,"w": 13, "h":19,"offX":0,"offY":0,"sourceW":13,"sourceH":19}, 
    "common_btn_close_png":{"x":635,"y": 395,"w": 90, "h":90,"offX":0,"offY":0,"sourceW":90,"sourceH":90}, 
    "common_crown_1_png":{"x":632,"y": 537,"w": 51, "h":41,"offX":0,"offY":0,"sourceW":51,"sourceH":41}, 
    "common_crown_2_png":{"x":632,"y": 579,"w": 51, "h":41,"offX":0,"offY":0,"sourceW":51,"sourceH":41}, 
    "common_crown_3_png":{"x":635,"y": 659,"w": 51, "h":41,"offX":0,"offY":0,"sourceW":51,"sourceH":41}, 
    "common_default_prize_png":{"x":547,"y": 201,"w": 193, "h":193,"offX":0,"offY":0,"sourceW":193,"sourceH":193}, 
    "common_flower_png":{"x":593,"y": 755,"w": 61, "h":51,"offX":0,"offY":0,"sourceW":61,"sourceH":51}, 
    "common_icon_1_png":{"x":689,"y": 701,"w": 43, "h":43,"offX":0,"offY":0,"sourceW":43,"sourceH":43}, 
    "common_icon_address_png":{"x":646,"y": 701,"w": 42, "h":46,"offX":0,"offY":0,"sourceW":42,"sourceH":46}, 
    "common_icon_arrow_png":{"x":732,"y": 655,"w": 24, "h":33,"offX":0,"offY":0,"sourceW":24,"sourceH":33}, 
    "common_icon_arrow2_png":{"x":743,"y": 486,"w": 13, "h":19,"offX":0,"offY":0,"sourceW":13,"sourceH":19}, 
    "common_icon_check_1_png":{"x":687,"y": 656,"w": 44, "h":44,"offX":0,"offY":0,"sourceW":44,"sourceH":44}, 
    "common_icon_check_2_png":{"x":592,"y": 659,"w": 42, "h":42,"offX":0,"offY":0,"sourceW":44,"sourceH":44}, 
    "common_icon_coin_png":{"x":635,"y": 486,"w": 57, "h":50,"offX":0,"offY":0,"sourceW":57,"sourceH":50}, 
    "common_icon_coins_png":{"x":593,"y": 76,"w": 154, "h":97,"offX":0,"offY":0,"sourceW":154,"sourceH":97}, 
    "common_icon_delete_png":{"x":701,"y": 745,"w": 39, "h":44,"offX":0,"offY":0,"sourceW":39,"sourceH":44}, 
    "common_icon_edit_png":{"x":684,"y": 537,"w": 39, "h":44,"offX":0,"offY":0,"sourceW":39,"sourceH":44}, 
    "common_icon_help_png":{"x":726,"y": 426,"w": 30, "h":29,"offX":0,"offY":0,"sourceW":30,"sourceH":29}, 
    "common_icon_help_2_png":{"x":626,"y": 621,"w": 37, "h":37,"offX":0,"offY":0,"sourceW":37,"sourceH":37}, 
    "common_icon_menu_png":{"x":547,"y": 580,"w": 78, "h":78,"offX":0,"offY":0,"sourceW":78,"sourceH":78}, 
    "common_icon_piece_png":{"x":684,"y": 582,"w": 43, "h":32,"offX":0,"offY":0,"sourceW":43,"sourceH":32}, 
    "common_icon_plus_png":{"x":593,"y": 702,"w": 52, "h":52,"offX":0,"offY":0,"sourceW":52,"sourceH":52}, 
    "common_icon_red_bag_png":{"x":454,"y": 400,"w": 86, "h":116,"offX":0,"offY":0,"sourceW":86,"sourceH":116}, 
    "common_icon_sound_png":{"x":701,"y": 790,"w": 34, "h":28,"offX":0,"offY":0,"sourceW":34,"sourceH":28}, 
    "common_icon_sound_2_png":{"x":664,"y": 621,"w": 40, "h":34,"offX":0,"offY":0,"sourceW":40,"sourceH":34}, 
    "common_icon_suggestions_png":{"x":726,"y": 456,"w": 29, "h":29,"offX":0,"offY":0,"sourceW":29,"sourceH":29}, 
    "common_icon_time_png":{"x":726,"y": 395,"w": 30, "h":30,"offX":0,"offY":0,"sourceW":30,"sourceH":30}, 
    "common_img_title_png":{"x":1,"y": 76,"w": 591, "h":124,"offX":0,"offY":0,"sourceW":591,"sourceH":124}, 
    "common_light_png":{"x":1,"y": 201,"w": 345, "h":345,"offX":0,"offY":0,"sourceW":345,"sourceH":345}, 
    "common_list_bottom_png":{"x":1,"y": 1,"w": 750, "h":74,"offX":0,"offY":0,"sourceW":750,"sourceH":74}, 
    "common_menu_bg_png":{"x":250,"y": 704,"w": 248, "h":97,"offX":0,"offY":0,"sourceW":248,"sourceH":97}, 
    "common_pop_men_png":{"x":1,"y": 704,"w": 248, "h":98,"offX":0,"offY":0,"sourceW":248,"sourceH":98}, 
    "common_red_bag_icon_png":{"x":459,"y": 517,"w": 86, "h":110,"offX":0,"offY":4,"sourceW":86,"sourceH":116}, 
    "common_title_gongxi_png":{"x":1,"y": 547,"w": 457, "h":156,"offX":0,"offY":0,"sourceW":457,"sourceH":156}, 
    "common_top_flower_block_png":{"x":593,"y": 174,"w": 35, "h":24,"offX":0,"offY":0,"sourceW":35,"sourceH":24}, 
    "common_vip_1_png":{"x":347,"y": 506,"w": 87, "h":36,"offX":0,"offY":0,"sourceW":87,"sourceH":36}, 
    "common_vip_2_png":{"x":459,"y": 628,"w": 87, "h":36,"offX":0,"offY":0,"sourceW":87,"sourceH":36}, 
    "common_vip_3_png":{"x":459,"y": 665,"w": 87, "h":36,"offX":0,"offY":0,"sourceW":87,"sourceH":36}, 
    "head_bg_png":{"x":347,"y": 400,"w": 106, "h":105,"offX":0,"offY":0,"sourceW":106,"sourceH":105}, 
    "head_default_png":{"x":499,"y": 702,"w": 93, "h":93,"offX":0,"offY":0,"sourceW":93,"sourceH":93}, 
    "loading_png":{"x":347,"y": 201,"w": 199, "h":198,"offX":0,"offY":0,"sourceW":199,"sourceH":198}, 
    "luck_menu1_png":{"x":547,"y": 659,"w": 44, "h":42,"offX":0,"offY":0,"sourceW":44,"sourceH":42}, 
    "luck_menu2_png":{"x":693,"y": 486,"w": 49, "h":49,"offX":0,"offY":0,"sourceW":49,"sourceH":49}, 
    "luck_menu3_png":{"x":655,"y": 748,"w": 45, "h":45,"offX":0,"offY":0,"sourceW":45,"sourceH":45}, 
    "luck_menu4_png":{"x":705,"y": 615,"w": 50, "h":39,"offX":0,"offY":0,"sourceW":50,"sourceH":39}, 
    "prizep_icon_back_png":{"x":546,"y": 494,"w": 85, "h":85,"offX":0,"offY":0,"sourceW":85,"sourceH":85}, 
    "share_icon_back_png":{"x":541,"y": 400,"w": 93, "h":93,"offX":0,"offY":0,"sourceW":93,"sourceH":93}
},
"SmartUpdateHash": "$TexturePacker:SmartUpdate:60783ae429cc9588fbcd672a05061fc5:ae19ad745d730d22fbf41a4c57674ad7:cb243b5f0a1f1858b5d896a382b212dc$"
}