{
"file": "rps_result_sheet1.png",
"frames": {
    "rps_equal_png":{"x":1,"y": 415,"w": 247, "h":58,"offX":0,"offY":0,"sourceW":247,"sourceH":58}, 
    "rps_lose_png":{"x":1,"y": 354,"w": 249, "h":60,"offX":0,"offY":0,"sourceW":249,"sourceH":60}, 
    "rps_result_bg_png":{"x":1,"y": 96,"w": 351, "h":99,"offX":0,"offY":0,"sourceW":351,"sourceH":99}, 
    "rps_result_level1_png":{"x":315,"y": 254,"w": 324, "h":57,"offX":0,"offY":0,"sourceW":324,"sourceH":57}, 
    "rps_result_level2_png":{"x":315,"y": 312,"w": 324, "h":57,"offX":0,"offY":0,"sourceW":324,"sourceH":57}, 
    "rps_result_level3_png":{"x":251,"y": 370,"w": 324, "h":57,"offX":0,"offY":0,"sourceW":324,"sourceH":57}, 
    "rps_result_lose_png":{"x":249,"y": 428,"w": 249, "h":57,"offX":0,"offY":0,"sourceW":249,"sourceH":57}, 
    "rps_result_text_bg_png":{"x":1,"y": 1,"w": 748, "h":94,"offX":0,"offY":0,"sourceW":748,"sourceH":94}, 
    "rps_title_lose_png":{"x":353,"y": 96,"w": 313, "h":157,"offX":0,"offY":0,"sourceW":313,"sourceH":157}, 
    "rps_title_win_png":{"x":1,"y": 196,"w": 313, "h":157,"offX":0,"offY":0,"sourceW":313,"sourceH":157}, 
    "rps_win_png":{"x":499,"y": 428,"w": 249, "h":57,"offX":0,"offY":0,"sourceW":249,"sourceH":57}
},
"SmartUpdateHash": "$TexturePacker:SmartUpdate:f28cede819e9140b23fc53df138f77ab:29f27aafbd984c7429e5a5f27fb7e739:99926a24abd23810f11c228ab50150a0$"
}