{
"file": "player_sheet1.png",
"frames": {
    "my_qrcode_bg_png":{"x":1,"y": 1,"w": 750, "h":963,"offX":0,"offY":0,"sourceW":750,"sourceH":963}, 
    "s_sound_off_png":{"x":1,"y": 965,"w": 36, "h":19,"offX":0,"offY":0,"sourceW":36,"sourceH":19}, 
    "s_sound_on_png":{"x":38,"y": 965,"w": 36, "h":19,"offX":0,"offY":0,"sourceW":36,"sourceH":19}
},
"SmartUpdateHash": "$TexturePacker:SmartUpdate:720c2ee435e7a918693379c7252ef1ab:9042b24b3e4ca40b2a5f7e98b1745e2c:ddc0ca83ca0e5c82554eb3897a1336ed$"
}