{
"file": "player_sheet2.png",
"frames": {
    "player_icon_1_png":{"x":161,"y": 1,"w": 46, "h":46,"offX":0,"offY":0,"sourceW":46,"sourceH":46}, 
    "player_qr_code_png":{"x":1,"y": 1,"w": 79, "h":79,"offX":0,"offY":0,"sourceW":79,"sourceH":79}, 
    "player_setting_png":{"x":81,"y": 1,"w": 79, "h":79,"offX":0,"offY":0,"sourceW":79,"sourceH":79}
},
"SmartUpdateHash": "$TexturePacker:SmartUpdate:720c2ee435e7a918693379c7252ef1ab:9042b24b3e4ca40b2a5f7e98b1745e2c:ddc0ca83ca0e5c82554eb3897a1336ed$"
}