{
"file": "zoo_effect3_sheet1.png",
"frames": {
    "zoo_effect_3_1_png":{"x":271,"y": 115,"w": 101, "h":131,"offX":19,"offY":0,"sourceW":135,"sourceH":133}, 
    "zoo_effect_3_2_png":{"x":1,"y": 1,"w": 115, "h":101,"offX":13,"offY":21,"sourceW":135,"sourceH":133}, 
    "zoo_effect_3_3_png":{"x":251,"y": 1,"w": 129, "h":113,"offX":5,"offY":13,"sourceW":135,"sourceH":133}, 
    "zoo_effect_3_4_png":{"x":117,"y": 1,"w": 133, "h":109,"offX":0,"offY":17,"sourceW":135,"sourceH":133}, 
    "zoo_effect_3_5_png":{"x":1,"y": 111,"w": 133, "h":109,"offX":0,"offY":17,"sourceW":135,"sourceH":133}, 
    "zoo_effect_3_6_png":{"x":135,"y": 115,"w": 135, "h":113,"offX":0,"offY":15,"sourceW":135,"sourceH":133}
},
"SmartUpdateHash": "$TexturePacker:SmartUpdate:1a3cb5c8afc08f1b7176167187052184:05b2e03eb8c6f7cb463161d12f22889e:592bab426e46dd66ac4eb5b5eb5164ac$"
}