{
"file": "share_sheet1.png",
"frames": {
    "share_exchange_down_png":{"x":412,"y": 1,"w": 65, "h":102,"offX":6,"offY":0,"sourceW":77,"sourceH":102}, 
    "share_exchange_up_png":{"x":478,"y": 1,"w": 65, "h":102,"offX":6,"offY":0,"sourceW":77,"sourceH":102}, 
    "share_icon_add_png":{"x":1,"y": 1,"w": 193, "h":193,"offX":0,"offY":0,"sourceW":193,"sourceH":193}, 
    "share_icon_like_png":{"x":109,"y": 195,"w": 31, "h":28,"offX":0,"offY":0,"sourceW":31,"sourceH":28}, 
    "share_icon_recommend_down_png":{"x":1,"y": 195,"w": 38, "h":41,"offX":0,"offY":0,"sourceW":38,"sourceH":41}, 
    "share_icon_recommend_up_png":{"x":40,"y": 195,"w": 38, "h":41,"offX":0,"offY":0,"sourceW":38,"sourceH":41}, 
    "share_icon_self_down_png":{"x":273,"y": 104,"w": 65, "h":102,"offX":6,"offY":0,"sourceW":77,"sourceH":102}, 
    "share_icon_self_up_png":{"x":339,"y": 104,"w": 65, "h":102,"offX":6,"offY":0,"sourceW":77,"sourceH":102}, 
    "share_icon_share_down_png":{"x":334,"y": 1,"w": 77, "h":102,"offX":0,"offY":0,"sourceW":77,"sourceH":102}, 
    "share_icon_share_up_png":{"x":195,"y": 92,"w": 77, "h":102,"offX":0,"offY":0,"sourceW":77,"sourceH":102}, 
    "share_icon_show_down_png":{"x":405,"y": 104,"w": 65, "h":102,"offX":6,"offY":0,"sourceW":77,"sourceH":102}, 
    "share_icon_show_up_png":{"x":471,"y": 104,"w": 65, "h":102,"offX":6,"offY":0,"sourceW":77,"sourceH":102}, 
    "share_img_recommend_png":{"x":195,"y": 1,"w": 138, "h":90,"offX":0,"offY":0,"sourceW":138,"sourceH":90}, 
    "share_rule_arrow_png":{"x":79,"y": 195,"w": 29, "h":42,"offX":0,"offY":0,"sourceW":29,"sourceH":42}, 
    "share_tip_arrow_png":{"x":141,"y": 195,"w": 38, "h":22,"offX":0,"offY":0,"sourceW":38,"sourceH":22}
},
"SmartUpdateHash": "$TexturePacker:SmartUpdate:e69b878e0fe736262f44a232c5a9e5ae:9f89bf0fe0daad0934b22dece968c1b3:a34dacac632a8c05b81da8f28aeabee7$"
}