{
"file": "shop_sheet1.png",
"frames": {
    "shop_flower_1_png":{"x":436,"y": 53,"w": 61, "h":51,"offX":0,"offY":0,"sourceW":61,"sourceH":51}, 
    "shop_flower_2_png":{"x":436,"y": 1,"w": 86, "h":51,"offX":0,"offY":0,"sourceW":86,"sourceH":51}, 
    "shop_flower_3_png":{"x":345,"y": 1,"w": 90, "h":79,"offX":0,"offY":0,"sourceW":90,"sourceH":79}, 
    "shop_flower_4_png":{"x":86,"y": 1,"w": 84, "h":106,"offX":0,"offY":0,"sourceW":84,"sourceH":106}, 
    "shop_flower_5_png":{"x":1,"y": 1,"w": 84, "h":111,"offX":0,"offY":0,"sourceW":84,"sourceH":111}, 
    "shop_flower_6_png":{"x":171,"y": 1,"w": 86, "h":88,"offX":0,"offY":0,"sourceW":86,"sourceH":88}, 
    "shop_flower_7_png":{"x":258,"y": 1,"w": 86, "h":88,"offX":0,"offY":0,"sourceW":86,"sourceH":88}
},
"SmartUpdateHash": "$TexturePacker:SmartUpdate:ff65eafa3995bcb99fb62bd3450859c8:b0354dc4c68cd602c07b4bda763b1b3c:7105e42a6e82df2399e02c7ab5a90d7c$"
}