[[{"y":246,"x":-101},{"y":222,"x":-82},{"y":201,"x":-62},{"y":183,"x":-39},{"y":167,"x":-15},{"y":153,"x":9},{"y":141,"x":35},{"y":130,"x":62},{"y":120,"x":89},{"y":111,"x":118},{"y":104,"x":145},{"y":98,"x":174},{"y":93,"x":202},{"y":88,"x":231},{"y":85,"x":260},{"y":82,"x":288},{"y":80,"x":317},{"y":79,"x":347},{"y":79,"x":375},{"y":79,"x":405},{"y":80,"x":433},{"y":82,"x":462},{"y":84,"x":491},{"y":86,"x":520},{"y":90,"x":549},{"y":94,"x":578},{"y":98,"x":606},{"y":102,"x":635},{"y":107,"x":663},{"y":113,"x":691},{"y":118,"x":720},{"y":123,"x":749},{"y":127,"x":777},{"y":130,"x":806},{"y":132,"x":835},{"y":133,"x":865}],[{"y":34,"x":-136},{"y":48,"x":-110},{"y":62,"x":-85},{"y":75,"x":-58},{"y":87,"x":-32},{"y":98,"x":-6},{"y":109,"x":21},{"y":118,"x":49},{"y":126,"x":76},{"y":133,"x":105},{"y":138,"x":132},{"y":143,"x":162},{"y":146,"x":191},{"y":148,"x":220},{"y":149,"x":248},{"y":149,"x":277},{"y":147,"x":307},{"y":145,"x":335},{"y":142,"x":364},{"y":138,"x":393},{"y":133,"x":422},{"y":128,"x":450},{"y":123,"x":479},{"y":119,"x":508},{"y":114,"x":536},{"y":111,"x":565},{"y":108,"x":594},{"y":107,"x":623},{"y":109,"x":652},{"y":113,"x":681},{"y":120,"x":708},{"y":131,"x":736},{"y":145,"x":761},{"y":162,"x":784},{"y":181,"x":806},{"y":203,"x":827}],[{"y":130,"x":-131},{"y":126,"x":-100},{"y":123,"x":-70},{"y":121,"x":-40},{"y":120,"x":-11},{"y":119,"x":17},{"y":119,"x":46},{"y":121,"x":76},{"y":124,"x":106},{"y":128,"x":135},{"y":134,"x":164},{"y":143,"x":192},{"y":155,"x":219},{"y":170,"x":245},{"y":188,"x":268},{"y":210,"x":289},{"y":233,"x":306},{"y":258,"x":322},{"y":285,"x":336},{"y":310,"x":350},{"y":337,"x":364},{"y":361,"x":380},{"y":385,"x":398},{"y":407,"x":418},{"y":427,"x":440},{"y":443,"x":465},{"y":457,"x":491},{"y":469,"x":518},{"y":479,"x":547},{"y":487,"x":574},{"y":493,"x":605},{"y":498,"x":633},{"y":502,"x":662},{"y":504,"x":692},{"y":506,"x":721},{"y":507,"x":752},{"y":508,"x":781},{"y":507,"x":811},{"y":507,"x":841},{"y":506,"x":872}],[{"y":317,"x":-108},{"y":306,"x":-78},{"y":298,"x":-48},{"y":293,"x":-19},{"y":289,"x":10},{"y":287,"x":40},{"y":287,"x":71},{"y":289,"x":101},{"y":292,"x":132},{"y":296,"x":161},{"y":301,"x":191},{"y":305,"x":222},{"y":309,"x":252},{"y":312,"x":282},{"y":313,"x":313},{"y":313,"x":343},{"y":311,"x":373},{"y":307,"x":404},{"y":302,"x":434},{"y":294,"x":463},{"y":285,"x":492},{"y":274,"x":521},{"y":262,"x":549},{"y":249,"x":576},{"y":234,"x":603},{"y":219,"x":629},{"y":203,"x":654},{"y":186,"x":680},{"y":169,"x":705},{"y":151,"x":729},{"y":132,"x":753},{"y":113,"x":777},{"y":93,"x":800},{"y":74,"x":823},{"y":53,"x":846},{"y":32,"x":870}],[{"y":437,"x":-90},{"y":410,"x":-75},{"y":385,"x":-60},{"y":360,"x":-46},{"y":336,"x":-30},{"y":312,"x":-14},{"y":288,"x":2},{"y":265,"x":20},{"y":242,"x":38},{"y":221,"x":58},{"y":201,"x":79},{"y":182,"x":101},{"y":165,"x":125},{"y":150,"x":149},{"y":137,"x":176},{"y":127,"x":203},{"y":120,"x":231},{"y":115,"x":260},{"y":113,"x":289},{"y":114,"x":318},{"y":117,"x":347},{"y":122,"x":376},{"y":128,"x":404},{"y":137,"x":432},{"y":146,"x":460},{"y":157,"x":486},{"y":169,"x":513},{"y":181,"x":539},{"y":195,"x":566},{"y":209,"x":591},{"y":223,"x":617},{"y":238,"x":641},{"y":254,"x":666},{"y":270,"x":690},{"y":286,"x":715},{"y":303,"x":739},{"y":319,"x":762},{"y":336,"x":785},{"y":354,"x":808},{"y":372,"x":832},{"y":390,"x":855},{"y":409,"x":879}],[{"y":330,"x":-114},{"y":344,"x":-88},{"y":358,"x":-61},{"y":370,"x":-34},{"y":382,"x":-5},{"y":391,"x":22},{"y":399,"x":50},{"y":405,"x":80},{"y":409,"x":109},{"y":411,"x":138},{"y":412,"x":169},{"y":410,"x":198},{"y":407,"x":228},{"y":403,"x":258},{"y":398,"x":287},{"y":392,"x":316},{"y":385,"x":345},{"y":378,"x":374},{"y":371,"x":403},{"y":365,"x":432},{"y":359,"x":461},{"y":354,"x":491},{"y":351,"x":521},{"y":350,"x":550},{"y":351,"x":580},{"y":354,"x":610},{"y":359,"x":639},{"y":366,"x":668},{"y":376,"x":697},{"y":388,"x":724},{"y":401,"x":751},{"y":416,"x":777},{"y":433,"x":802},{"y":450,"x":826},{"y":469,"x":850},{"y":489,"x":873}],[{"y":471,"x":-88},{"y":454,"x":-63},{"y":436,"x":-38},{"y":421,"x":-16},{"y":405,"x":9},{"y":390,"x":31},{"y":374,"x":57},{"y":360,"x":81},{"y":345,"x":106},{"y":330,"x":132},{"y":317,"x":157},{"y":304,"x":183},{"y":293,"x":209},{"y":282,"x":235},{"y":273,"x":263},{"y":266,"x":291},{"y":261,"x":320},{"y":261,"x":348},{"y":266,"x":377},{"y":278,"x":403},{"y":295,"x":426},{"y":315,"x":447},{"y":336,"x":466},{"y":359,"x":485},{"y":380,"x":504},{"y":400,"x":524},{"y":418,"x":547},{"y":433,"x":572},{"y":446,"x":598},{"y":454,"x":625},{"y":460,"x":654},{"y":463,"x":683},{"y":464,"x":711},{"y":463,"x":741},{"y":461,"x":769},{"y":457,"x":798},{"y":452,"x":827},{"y":446,"x":856}],[{"y":491,"x":-114},{"y":503,"x":-87},{"y":515,"x":-59},{"y":523,"x":-31},{"y":531,"x":-2},{"y":535,"x":26},{"y":538,"x":54},{"y":540,"x":84},{"y":539,"x":113},{"y":536,"x":143},{"y":532,"x":172},{"y":527,"x":200},{"y":520,"x":230},{"y":512,"x":258},{"y":504,"x":286},{"y":494,"x":313},{"y":484,"x":341},{"y":474,"x":368},{"y":463,"x":396},{"y":452,"x":423},{"y":441,"x":450},{"y":430,"x":477},{"y":420,"x":505},{"y":410,"x":532},{"y":401,"x":561},{"y":393,"x":589},{"y":388,"x":618},{"y":386,"x":648},{"y":388,"x":677},{"y":396,"x":705},{"y":410,"x":731},{"y":429,"x":753},{"y":451,"x":772},{"y":477,"x":787},{"y":503,"x":800},{"y":532,"x":811}],[{"y":160,"x":-148},{"y":157,"x":-116},{"y":156,"x":-87},{"y":156,"x":-57},{"y":159,"x":-27},{"y":163,"x":1},{"y":170,"x":30},{"y":179,"x":58},{"y":192,"x":85},{"y":207,"x":111},{"y":225,"x":135},{"y":245,"x":157},{"y":267,"x":177},{"y":291,"x":196},{"y":315,"x":213},{"y":341,"x":229},{"y":367,"x":245},{"y":393,"x":259},{"y":418,"x":274},{"y":444,"x":289},{"y":470,"x":304},{"y":495,"x":321},{"y":519,"x":337},{"y":543,"x":355},{"y":566,"x":375},{"y":588,"x":395},{"y":609,"x":418},{"y":627,"x":441},{"y":645,"x":465},{"y":660,"x":490},{"y":674,"x":517},{"y":687,"x":544},{"y":697,"x":572},{"y":707,"x":601},{"y":714,"x":629},{"y":721,"x":659},{"y":726,"x":689},{"y":730,"x":719},{"y":733,"x":748},{"y":736,"x":779}],[{"y":574,"x":-134},{"y":569,"x":-102},{"y":564,"x":-72},{"y":559,"x":-43},{"y":552,"x":-14},{"y":545,"x":16},{"y":538,"x":44},{"y":529,"x":73},{"y":520,"x":101},{"y":509,"x":130},{"y":497,"x":157},{"y":484,"x":185},{"y":470,"x":212},{"y":455,"x":238},{"y":438,"x":263},{"y":421,"x":287},{"y":401,"x":311},{"y":381,"x":333},{"y":360,"x":354},{"y":337,"x":375},{"y":314,"x":394},{"y":290,"x":412},{"y":265,"x":430},{"y":240,"x":446},{"y":215,"x":463},{"y":191,"x":481},{"y":166,"x":499},{"y":143,"x":519},{"y":122,"x":540},{"y":104,"x":564},{"y":89,"x":590},{"y":77,"x":618},{"y":69,"x":647},{"y":65,"x":678},{"y":63,"x":708},{"y":64,"x":738},{"y":66,"x":768},{"y":70,"x":799},{"y":75,"x":829},{"y":82,"x":859}],[{"y":611,"x":-140},{"y":611,"x":-110},{"y":610,"x":-81},{"y":610,"x":-53},{"y":609,"x":-23},{"y":608,"x":4},{"y":606,"x":34},{"y":604,"x":63},{"y":602,"x":91},{"y":600,"x":120},{"y":597,"x":148},{"y":594,"x":177},{"y":591,"x":207},{"y":587,"x":235},{"y":584,"x":264},{"y":580,"x":293},{"y":576,"x":321},{"y":573,"x":350},{"y":569,"x":379},{"y":565,"x":407},{"y":561,"x":436},{"y":558,"x":465},{"y":555,"x":493},{"y":552,"x":522},{"y":550,"x":551},{"y":549,"x":580},{"y":548,"x":608},{"y":548,"x":637},{"y":549,"x":667},{"y":551,"x":696},{"y":555,"x":724},{"y":560,"x":753},{"y":566,"x":781},{"y":573,"x":808},{"y":583,"x":836},{"y":594,"x":864}],[{"y":657,"x":-122},{"y":654,"x":-91},{"y":651,"x":-60},{"y":647,"x":-31},{"y":643,"x":-2},{"y":637,"x":28},{"y":631,"x":56},{"y":624,"x":87},{"y":615,"x":115},{"y":606,"x":144},{"y":596,"x":171},{"y":583,"x":200},{"y":571,"x":227},{"y":556,"x":253},{"y":541,"x":279},{"y":524,"x":304},{"y":506,"x":328},{"y":487,"x":351},{"y":466,"x":374},{"y":446,"x":394},{"y":423,"x":415},{"y":401,"x":435},{"y":377,"x":454},{"y":354,"x":472},{"y":330,"x":491},{"y":306,"x":509},{"y":282,"x":528},{"y":259,"x":547},{"y":237,"x":567},{"y":217,"x":589},{"y":198,"x":613},{"y":182,"x":639},{"y":170,"x":666},{"y":162,"x":695},{"y":158,"x":725},{"y":157,"x":755},{"y":159,"x":785},{"y":163,"x":815},{"y":169,"x":845},{"y":177,"x":875}],[{"y":538,"x":-105},{"y":512,"x":-88},{"y":488,"x":-72},{"y":463,"x":-55},{"y":438,"x":-39},{"y":414,"x":-22},{"y":391,"x":-5},{"y":367,"x":11},{"y":343,"x":29},{"y":320,"x":47},{"y":297,"x":67},{"y":276,"x":87},{"y":256,"x":108},{"y":236,"x":131},{"y":218,"x":154},{"y":202,"x":179},{"y":187,"x":204},{"y":175,"x":231},{"y":165,"x":259},{"y":156,"x":287},{"y":150,"x":316},{"y":147,"x":345},{"y":145,"x":375},{"y":145,"x":404},{"y":146,"x":433},{"y":150,"x":464},{"y":154,"x":493},{"y":160,"x":522},{"y":167,"x":550},{"y":174,"x":578},{"y":183,"x":607},{"y":193,"x":636},{"y":202,"x":662},{"y":213,"x":691},{"y":224,"x":719},{"y":236,"x":745},{"y":248,"x":771},{"y":261,"x":800},{"y":273,"x":825},{"y":288,"x":853}],[{"y":231,"x":-120},{"y":238,"x":-90},{"y":243,"x":-61},{"y":248,"x":-32},{"y":251,"x":-1},{"y":253,"x":27},{"y":253,"x":57},{"y":252,"x":87},{"y":251,"x":117},{"y":248,"x":147},{"y":244,"x":176},{"y":239,"x":206},{"y":233,"x":235},{"y":227,"x":264},{"y":220,"x":293},{"y":213,"x":322},{"y":205,"x":351},{"y":198,"x":380},{"y":191,"x":409},{"y":184,"x":438},{"y":178,"x":468},{"y":172,"x":497},{"y":167,"x":526},{"y":164,"x":556},{"y":162,"x":586},{"y":161,"x":615},{"y":162,"x":646},{"y":165,"x":675},{"y":170,"x":704},{"y":177,"x":734},{"y":186,"x":762},{"y":197,"x":790},{"y":209,"x":817},{"y":223,"x":843},{"y":239,"x":869},{"y":256,"x":895}],[{"y":415,"x":-96},{"y":404,"x":-66},{"y":395,"x":-39},{"y":386,"x":-11},{"y":378,"x":17},{"y":369,"x":46},{"y":362,"x":74},{"y":356,"x":103},{"y":350,"x":132},{"y":345,"x":161},{"y":341,"x":190},{"y":338,"x":219},{"y":336,"x":249},{"y":335,"x":279},{"y":336,"x":309},{"y":338,"x":338},{"y":343,"x":367},{"y":349,"x":396},{"y":357,"x":425},{"y":367,"x":452},{"y":378,"x":480},{"y":392,"x":506},{"y":406,"x":532},{"y":421,"x":558},{"y":436,"x":583},{"y":450,"x":609},{"y":463,"x":635},{"y":474,"x":663},{"y":481,"x":692},{"y":485,"x":721},{"y":486,"x":750},{"y":483,"x":780},{"y":477,"x":809},{"y":470,"x":839}],[{"y":25,"x":-90},{"y":51,"x":-77},{"y":78,"x":-63},{"y":105,"x":-48},{"y":130,"x":-34},{"y":154,"x":-20},{"y":179,"x":-4},{"y":204,"x":12},{"y":229,"x":29},{"y":252,"x":46},{"y":274,"x":64},{"y":297,"x":84},{"y":319,"x":103},{"y":340,"x":124},{"y":360,"x":145},{"y":379,"x":168},{"y":397,"x":191},{"y":415,"x":215},{"y":430,"x":240},{"y":445,"x":266},{"y":457,"x":292},{"y":469,"x":319},{"y":478,"x":347},{"y":486,"x":376},{"y":492,"x":404},{"y":496,"x":433},{"y":498,"x":463},{"y":497,"x":493},{"y":495,"x":522},{"y":491,"x":551},{"y":485,"x":579},{"y":477,"x":608},{"y":468,"x":636},{"y":457,"x":663},{"y":444,"x":690},{"y":430,"x":716},{"y":415,"x":741},{"y":398,"x":765},{"y":381,"x":789},{"y":361,"x":812},{"y":342,"x":834},{"y":322,"x":856}],[{"y":317,"x":-83},{"y":294,"x":-63},{"y":273,"x":-41},{"y":254,"x":-19},{"y":236,"x":3},{"y":220,"x":28},{"y":205,"x":53},{"y":192,"x":80},{"y":180,"x":107},{"y":170,"x":134},{"y":161,"x":163},{"y":153,"x":191},{"y":147,"x":220},{"y":141,"x":249},{"y":136,"x":278},{"y":132,"x":308},{"y":129,"x":337},{"y":126,"x":366},{"y":124,"x":396},{"y":122,"x":425},{"y":121,"x":454},{"y":120,"x":484},{"y":119,"x":514},{"y":118,"x":543},{"y":117,"x":572},{"y":117,"x":601},{"y":116,"x":631},{"y":116,"x":660},{"y":115,"x":690},{"y":115,"x":720},{"y":114,"x":750},{"y":114,"x":778},{"y":113,"x":809},{"y":113,"x":839}],[{"y":382,"x":-57},{"y":412,"x":-57},{"y":436,"x":-39},{"y":454,"x":-15},{"y":469,"x":11},{"y":481,"x":39},{"y":491,"x":67},{"y":501,"x":96},{"y":510,"x":125},{"y":518,"x":155},{"y":526,"x":184},{"y":534,"x":213},{"y":542,"x":243},{"y":549,"x":272},{"y":557,"x":301},{"y":565,"x":331},{"y":572,"x":360},{"y":581,"x":389},{"y":590,"x":418},{"y":599,"x":446},{"y":609,"x":476},{"y":620,"x":504},{"y":633,"x":531},{"y":647,"x":558},{"y":665,"x":582},{"y":686,"x":604},{"y":714,"x":616},{"y":744,"x":616},{"y":772,"x":604},{"y":797,"x":586}],[{"y":754,"x":-18},{"y":727,"x":-3},{"y":704,"x":14},{"y":683,"x":35},{"y":664,"x":56},{"y":646,"x":80},{"y":628,"x":104},{"y":612,"x":128},{"y":596,"x":153},{"y":581,"x":178},{"y":566,"x":204},{"y":552,"x":229},{"y":538,"x":255},{"y":524,"x":281},{"y":511,"x":307},{"y":498,"x":333},{"y":485,"x":360},{"y":472,"x":387},{"y":460,"x":413},{"y":448,"x":439},{"y":436,"x":466},{"y":423,"x":493},{"y":411,"x":520},{"y":399,"x":547},{"y":387,"x":574},{"y":376,"x":600},{"y":363,"x":627},{"y":351,"x":654},{"y":339,"x":681},{"y":327,"x":707},{"y":315,"x":734},{"y":302,"x":761},{"y":290,"x":787},{"y":276,"x":813},{"y":261,"x":838},{"y":243,"x":861}],[{"y":642,"x":-96},{"y":612,"x":-94},{"y":584,"x":-81},{"y":561,"x":-62},{"y":539,"x":-40},{"y":520,"x":-17},{"y":502,"x":6},{"y":486,"x":31},{"y":470,"x":58},{"y":456,"x":84},{"y":442,"x":111},{"y":429,"x":138},{"y":416,"x":166},{"y":404,"x":193},{"y":393,"x":222},{"y":382,"x":250},{"y":372,"x":278},{"y":362,"x":307},{"y":352,"x":335},{"y":343,"x":364},{"y":335,"x":392},{"y":326,"x":422},{"y":319,"x":451},{"y":311,"x":481},{"y":305,"x":509},{"y":299,"x":539},{"y":293,"x":569},{"y":288,"x":598},{"y":284,"x":628},{"y":280,"x":658},{"y":277,"x":688},{"y":275,"x":718},{"y":274,"x":749},{"y":274,"x":779},{"y":275,"x":809},{"y":278,"x":839},{"y":282,"x":869},{"y":290,"x":899}],[{"y":184,"x":-93},{"y":189,"x":-63},{"y":194,"x":-33},{"y":199,"x":-3},{"y":202,"x":25},{"y":205,"x":56},{"y":208,"x":85},{"y":210,"x":115},{"y":212,"x":145},{"y":214,"x":174},{"y":215,"x":205},{"y":217,"x":234},{"y":218,"x":264},{"y":219,"x":295},{"y":220,"x":325},{"y":221,"x":354},{"y":223,"x":384},{"y":224,"x":414},{"y":225,"x":444},{"y":227,"x":474},{"y":229,"x":504},{"y":231,"x":533},{"y":233,"x":563},{"y":236,"x":593},{"y":239,"x":623},{"y":242,"x":652},{"y":247,"x":683},{"y":252,"x":712},{"y":258,"x":741},{"y":266,"x":771},{"y":275,"x":798},{"y":286,"x":827},{"y":300,"x":853},{"y":318,"x":878}],[{"y":379,"x":-101},{"y":390,"x":-72},{"y":402,"x":-44},{"y":413,"x":-15},{"y":424,"x":12},{"y":435,"x":41},{"y":445,"x":69},{"y":456,"x":97},{"y":466,"x":126},{"y":475,"x":155},{"y":485,"x":184},{"y":494,"x":213},{"y":503,"x":242},{"y":511,"x":271},{"y":519,"x":300},{"y":526,"x":330},{"y":534,"x":360},{"y":540,"x":389},{"y":547,"x":419},{"y":553,"x":449},{"y":558,"x":478},{"y":563,"x":509},{"y":567,"x":539},{"y":570,"x":569},{"y":573,"x":600},{"y":576,"x":630},{"y":577,"x":660},{"y":577,"x":690},{"y":577,"x":722},{"y":576,"x":752},{"y":574,"x":782},{"y":570,"x":812},{"y":566,"x":842},{"y":560,"x":873}],[{"y":113,"x":865},{"y":112,"x":835},{"y":110,"x":806},{"y":107,"x":777},{"y":103,"x":749},{"y":98,"x":720},{"y":93,"x":691},{"y":87,"x":663},{"y":82,"x":635},{"y":78,"x":606},{"y":73,"x":577},{"y":70,"x":549},{"y":66,"x":520},{"y":64,"x":490},{"y":62,"x":462},{"y":60,"x":433},{"y":59,"x":404},{"y":59,"x":375},{"y":59,"x":345},{"y":60,"x":317},{"y":62,"x":288},{"y":65,"x":260},{"y":68,"x":231},{"y":73,"x":202},{"y":78,"x":174},{"y":84,"x":145},{"y":92,"x":116},{"y":100,"x":89},{"y":110,"x":62},{"y":121,"x":35},{"y":133,"x":9},{"y":147,"x":-15},{"y":164,"x":-40},{"y":181,"x":-62},{"y":202,"x":-82},{"y":226,"x":-101}],[{"y":223,"x":827},{"y":201,"x":806},{"y":182,"x":784},{"y":165,"x":761},{"y":151,"x":736},{"y":140,"x":709},{"y":133,"x":681},{"y":129,"x":652},{"y":127,"x":623},{"y":128,"x":594},{"y":130,"x":566},{"y":134,"x":537},{"y":139,"x":508},{"y":143,"x":479},{"y":148,"x":450},{"y":153,"x":422},{"y":158,"x":393},{"y":162,"x":364},{"y":165,"x":335},{"y":167,"x":307},{"y":169,"x":277},{"y":169,"x":248},{"y":168,"x":220},{"y":166,"x":191},{"y":163,"x":162},{"y":159,"x":134},{"y":153,"x":105},{"y":146,"x":76},{"y":138,"x":49},{"y":129,"x":21},{"y":119,"x":-5},{"y":107,"x":-32},{"y":95,"x":-58},{"y":82,"x":-85},{"y":68,"x":-110},{"y":54,"x":-136}],[{"y":486,"x":872},{"y":487,"x":841},{"y":487,"x":811},{"y":488,"x":781},{"y":487,"x":752},{"y":486,"x":723},{"y":484,"x":693},{"y":482,"x":664},{"y":478,"x":635},{"y":473,"x":605},{"y":467,"x":576},{"y":459,"x":548},{"y":450,"x":519},{"y":438,"x":492},{"y":424,"x":466},{"y":408,"x":442},{"y":388,"x":419},{"y":367,"x":399},{"y":343,"x":381},{"y":318,"x":365},{"y":292,"x":351},{"y":266,"x":337},{"y":240,"x":323},{"y":214,"x":307},{"y":191,"x":290},{"y":169,"x":269},{"y":151,"x":246},{"y":135,"x":220},{"y":124,"x":194},{"y":115,"x":165},{"y":108,"x":136},{"y":104,"x":106},{"y":101,"x":77},{"y":99,"x":48},{"y":99,"x":17},{"y":100,"x":-11},{"y":101,"x":-40},{"y":103,"x":-70},{"y":106,"x":-100},{"y":110,"x":-131}],[{"y":52,"x":870},{"y":72,"x":848},{"y":91,"x":826},{"y":109,"x":805},{"y":128,"x":783},{"y":147,"x":760},{"y":164,"x":737},{"y":182,"x":714},{"y":198,"x":692},{"y":215,"x":667},{"y":231,"x":643},{"y":246,"x":618},{"y":260,"x":593},{"y":273,"x":568},{"y":285,"x":542},{"y":296,"x":515},{"y":306,"x":488},{"y":315,"x":461},{"y":322,"x":433},{"y":327,"x":405},{"y":331,"x":377},{"y":333,"x":348},{"y":333,"x":319},{"y":332,"x":290},{"y":330,"x":261},{"y":326,"x":233},{"y":323,"x":205},{"y":318,"x":176},{"y":314,"x":147},{"y":311,"x":119},{"y":308,"x":90},{"y":307,"x":61},{"y":307,"x":33},{"y":309,"x":4},{"y":313,"x":-24},{"y":319,"x":-52},{"y":327,"x":-80},{"y":337,"x":-108}],[{"y":389,"x":879},{"y":370,"x":855},{"y":352,"x":832},{"y":334,"x":808},{"y":317,"x":786},{"y":299,"x":762},{"y":283,"x":739},{"y":266,"x":715},{"y":250,"x":690},{"y":234,"x":666},{"y":218,"x":641},{"y":203,"x":617},{"y":189,"x":591},{"y":175,"x":566},{"y":162,"x":540},{"y":149,"x":513},{"y":137,"x":487},{"y":126,"x":460},{"y":117,"x":433},{"y":108,"x":404},{"y":102,"x":376},{"y":97,"x":348},{"y":94,"x":319},{"y":93,"x":290},{"y":95,"x":261},{"y":99,"x":232},{"y":107,"x":204},{"y":117,"x":176},{"y":130,"x":150},{"y":145,"x":126},{"y":162,"x":102},{"y":181,"x":79},{"y":201,"x":58},{"y":222,"x":38},{"y":244,"x":20},{"y":267,"x":2},{"y":291,"x":-14},{"y":315,"x":-30},{"y":340,"x":-46},{"y":365,"x":-60},{"y":390,"x":-75},{"y":417,"x":-90}],[{"y":509,"x":873},{"y":489,"x":850},{"y":470,"x":826},{"y":453,"x":802},{"y":436,"x":777},{"y":422,"x":752},{"y":408,"x":725},{"y":396,"x":697},{"y":387,"x":669},{"y":379,"x":640},{"y":374,"x":611},{"y":371,"x":581},{"y":370,"x":551},{"y":371,"x":521},{"y":374,"x":492},{"y":379,"x":462},{"y":385,"x":433},{"y":391,"x":404},{"y":398,"x":374},{"y":405,"x":346},{"y":411,"x":317},{"y":418,"x":287},{"y":423,"x":258},{"y":427,"x":228},{"y":430,"x":199},{"y":432,"x":169},{"y":431,"x":139},{"y":429,"x":109},{"y":425,"x":80},{"y":419,"x":50},{"y":411,"x":22},{"y":402,"x":-5},{"y":391,"x":-33},{"y":378,"x":-61},{"y":364,"x":-88},{"y":350,"x":-114}],[{"y":426,"x":856},{"y":432,"x":827},{"y":437,"x":798},{"y":441,"x":770},{"y":443,"x":741},{"y":444,"x":713},{"y":443,"x":683},{"y":440,"x":655},{"y":435,"x":626},{"y":426,"x":599},{"y":414,"x":573},{"y":399,"x":549},{"y":381,"x":525},{"y":361,"x":505},{"y":340,"x":486},{"y":318,"x":467},{"y":296,"x":448},{"y":276,"x":428},{"y":259,"x":405},{"y":247,"x":378},{"y":241,"x":349},{"y":241,"x":321},{"y":245,"x":292},{"y":253,"x":264},{"y":262,"x":237},{"y":272,"x":210},{"y":284,"x":183},{"y":297,"x":157},{"y":310,"x":132},{"y":324,"x":107},{"y":339,"x":83},{"y":354,"x":57},{"y":369,"x":33},{"y":385,"x":9},{"y":401,"x":-16},{"y":416,"x":-38},{"y":434,"x":-63},{"y":451,"x":-88}],[{"y":512,"x":811},{"y":483,"x":800},{"y":457,"x":787},{"y":432,"x":772},{"y":409,"x":754},{"y":390,"x":731},{"y":376,"x":705},{"y":369,"x":677},{"y":366,"x":648},{"y":368,"x":619},{"y":373,"x":590},{"y":381,"x":561},{"y":389,"x":533},{"y":399,"x":506},{"y":410,"x":478},{"y":421,"x":450},{"y":432,"x":423},{"y":443,"x":396},{"y":454,"x":368},{"y":464,"x":341},{"y":474,"x":313},{"y":484,"x":286},{"y":492,"x":258},{"y":500,"x":230},{"y":507,"x":200},{"y":512,"x":172},{"y":516,"x":143},{"y":519,"x":113},{"y":520,"x":84},{"y":518,"x":55},{"y":515,"x":26},{"y":511,"x":-2},{"y":503,"x":-31},{"y":495,"x":-59},{"y":483,"x":-87},{"y":471,"x":-114}],[{"y":756,"x":779},{"y":753,"x":748},{"y":750,"x":719},{"y":746,"x":689},{"y":741,"x":659},{"y":734,"x":629},{"y":727,"x":601},{"y":718,"x":573},{"y":707,"x":544},{"y":694,"x":517},{"y":681,"x":491},{"y":665,"x":465},{"y":647,"x":441},{"y":629,"x":418},{"y":609,"x":396},{"y":587,"x":376},{"y":564,"x":356},{"y":540,"x":338},{"y":515,"x":321},{"y":491,"x":305},{"y":465,"x":290},{"y":439,"x":274},{"y":413,"x":259},{"y":387,"x":245},{"y":362,"x":230},{"y":336,"x":214},{"y":311,"x":196},{"y":288,"x":178},{"y":266,"x":158},{"y":246,"x":136},{"y":228,"x":112},{"y":212,"x":86},{"y":200,"x":59},{"y":190,"x":31},{"y":183,"x":1},{"y":179,"x":-27},{"y":176,"x":-57},{"y":176,"x":-87},{"y":177,"x":-116},{"y":180,"x":-148}],[{"y":102,"x":859},{"y":95,"x":829},{"y":90,"x":799},{"y":86,"x":768},{"y":84,"x":739},{"y":83,"x":708},{"y":85,"x":679},{"y":89,"x":648},{"y":97,"x":619},{"y":108,"x":591},{"y":123,"x":565},{"y":141,"x":541},{"y":163,"x":519},{"y":186,"x":500},{"y":209,"x":482},{"y":234,"x":464},{"y":259,"x":447},{"y":284,"x":430},{"y":309,"x":413},{"y":333,"x":394},{"y":356,"x":376},{"y":379,"x":355},{"y":401,"x":334},{"y":421,"x":312},{"y":440,"x":288},{"y":458,"x":264},{"y":475,"x":238},{"y":490,"x":212},{"y":504,"x":186},{"y":516,"x":159},{"y":529,"x":130},{"y":539,"x":103},{"y":549,"x":73},{"y":558,"x":44},{"y":565,"x":16},{"y":572,"x":-14},{"y":579,"x":-43},{"y":584,"x":-72},{"y":589,"x":-102},{"y":594,"x":-134}],[{"y":614,"x":864},{"y":603,"x":836},{"y":594,"x":809},{"y":586,"x":781},{"y":580,"x":753},{"y":575,"x":724},{"y":571,"x":696},{"y":569,"x":667},{"y":568,"x":638},{"y":568,"x":609},{"y":569,"x":580},{"y":570,"x":551},{"y":572,"x":522},{"y":575,"x":493},{"y":578,"x":465},{"y":581,"x":436},{"y":585,"x":407},{"y":589,"x":379},{"y":593,"x":350},{"y":596,"x":321},{"y":600,"x":293},{"y":604,"x":264},{"y":607,"x":235},{"y":611,"x":207},{"y":614,"x":177},{"y":617,"x":148},{"y":620,"x":120},{"y":622,"x":91},{"y":624,"x":63},{"y":626,"x":34},{"y":628,"x":4},{"y":629,"x":-23},{"y":630,"x":-53},{"y":630,"x":-81},{"y":631,"x":-110},{"y":631,"x":-140}],[{"y":197,"x":875},{"y":189,"x":845},{"y":183,"x":816},{"y":179,"x":785},{"y":177,"x":756},{"y":178,"x":726},{"y":182,"x":695},{"y":190,"x":667},{"y":202,"x":639},{"y":217,"x":614},{"y":236,"x":590},{"y":257,"x":568},{"y":279,"x":547},{"y":301,"x":528},{"y":325,"x":510},{"y":349,"x":491},{"y":373,"x":473},{"y":397,"x":454},{"y":420,"x":435},{"y":443,"x":416},{"y":465,"x":395},{"y":486,"x":374},{"y":506,"x":352},{"y":525,"x":329},{"y":544,"x":304},{"y":561,"x":279},{"y":576,"x":253},{"y":591,"x":227},{"y":603,"x":200},{"y":615,"x":173},{"y":626,"x":144},{"y":635,"x":115},{"y":644,"x":87},{"y":651,"x":56},{"y":657,"x":28},{"y":663,"x":0},{"y":667,"x":-31},{"y":671,"x":-60},{"y":674,"x":-91},{"y":677,"x":-122}],[{"y":268,"x":853},{"y":253,"x":825},{"y":241,"x":800},{"y":228,"x":771},{"y":216,"x":745},{"y":204,"x":719},{"y":193,"x":691},{"y":183,"x":664},{"y":173,"x":636},{"y":163,"x":607},{"y":155,"x":580},{"y":147,"x":550},{"y":140,"x":522},{"y":134,"x":493},{"y":130,"x":464},{"y":127,"x":435},{"y":125,"x":405},{"y":125,"x":375},{"y":127,"x":345},{"y":130,"x":317},{"y":136,"x":288},{"y":144,"x":259},{"y":155,"x":231},{"y":167,"x":205},{"y":182,"x":179},{"y":198,"x":155},{"y":216,"x":131},{"y":235,"x":109},{"y":256,"x":88},{"y":277,"x":67},{"y":299,"x":48},{"y":323,"x":29},{"y":346,"x":12},{"y":370,"x":-5},{"y":394,"x":-22},{"y":418,"x":-39},{"y":443,"x":-55},{"y":468,"x":-72},{"y":492,"x":-88},{"y":518,"x":-105}],[{"y":276,"x":895},{"y":259,"x":869},{"y":243,"x":843},{"y":230,"x":818},{"y":217,"x":790},{"y":206,"x":762},{"y":197,"x":734},{"y":190,"x":704},{"y":185,"x":675},{"y":182,"x":646},{"y":181,"x":616},{"y":182,"x":586},{"y":184,"x":556},{"y":187,"x":527},{"y":192,"x":497},{"y":198,"x":468},{"y":204,"x":438},{"y":211,"x":409},{"y":218,"x":381},{"y":225,"x":351},{"y":233,"x":322},{"y":240,"x":294},{"y":247,"x":264},{"y":253,"x":235},{"y":259,"x":206},{"y":264,"x":176},{"y":268,"x":147},{"y":271,"x":117},{"y":272,"x":87},{"y":273,"x":57},{"y":273,"x":27},{"y":271,"x":-1},{"y":268,"x":-30},{"y":263,"x":-60},{"y":258,"x":-90},{"y":251,"x":-120}],[{"y":450,"x":839},{"y":457,"x":809},{"y":463,"x":780},{"y":466,"x":751},{"y":465,"x":721},{"y":462,"x":692},{"y":454,"x":663},{"y":444,"x":636},{"y":431,"x":609},{"y":416,"x":583},{"y":402,"x":558},{"y":386,"x":533},{"y":372,"x":507},{"y":359,"x":480},{"y":347,"x":453},{"y":337,"x":425},{"y":329,"x":396},{"y":323,"x":368},{"y":318,"x":339},{"y":316,"x":309},{"y":315,"x":279},{"y":316,"x":249},{"y":317,"x":221},{"y":321,"x":190},{"y":325,"x":161},{"y":330,"x":132},{"y":336,"x":103},{"y":342,"x":74},{"y":349,"x":46},{"y":358,"x":17},{"y":366,"x":-11},{"y":375,"x":-39},{"y":384,"x":-66},{"y":395,"x":-96}],[{"y":302,"x":856},{"y":322,"x":834},{"y":341,"x":812},{"y":360,"x":789},{"y":378,"x":765},{"y":395,"x":741},{"y":410,"x":716},{"y":424,"x":690},{"y":437,"x":663},{"y":448,"x":636},{"y":457,"x":608},{"y":465,"x":580},{"y":471,"x":551},{"y":475,"x":522},{"y":477,"x":493},{"y":478,"x":464},{"y":476,"x":434},{"y":472,"x":405},{"y":466,"x":376},{"y":458,"x":347},{"y":449,"x":319},{"y":437,"x":292},{"y":425,"x":266},{"y":410,"x":240},{"y":395,"x":215},{"y":378,"x":192},{"y":360,"x":169},{"y":341,"x":146},{"y":320,"x":124},{"y":299,"x":103},{"y":277,"x":84},{"y":254,"x":64},{"y":232,"x":46},{"y":209,"x":29},{"y":184,"x":12},{"y":159,"x":-4},{"y":134,"x":-20},{"y":110,"x":-34},{"y":85,"x":-48},{"y":58,"x":-63},{"y":31,"x":-77},{"y":5,"x":-90}],[{"y":133,"x":839},{"y":133,"x":809},{"y":134,"x":778},{"y":134,"x":750},{"y":135,"x":720},{"y":135,"x":690},{"y":136,"x":660},{"y":136,"x":631},{"y":137,"x":601},{"y":137,"x":572},{"y":138,"x":543},{"y":139,"x":514},{"y":140,"x":484},{"y":141,"x":454},{"y":142,"x":425},{"y":144,"x":396},{"y":146,"x":366},{"y":149,"x":337},{"y":152,"x":308},{"y":156,"x":278},{"y":161,"x":249},{"y":167,"x":220},{"y":173,"x":191},{"y":181,"x":163},{"y":190,"x":134},{"y":200,"x":107},{"y":212,"x":80},{"y":225,"x":54},{"y":240,"x":28},{"y":256,"x":3},{"y":274,"x":-19},{"y":293,"x":-41},{"y":314,"x":-63},{"y":337,"x":-83}],[{"y":777,"x":586},{"y":752,"x":604},{"y":724,"x":616},{"y":694,"x":617},{"y":667,"x":604},{"y":645,"x":583},{"y":627,"x":558},{"y":613,"x":531},{"y":600,"x":503},{"y":589,"x":476},{"y":579,"x":446},{"y":570,"x":418},{"y":561,"x":389},{"y":552,"x":360},{"y":544,"x":330},{"y":536,"x":300},{"y":529,"x":271},{"y":521,"x":241},{"y":514,"x":212},{"y":506,"x":183},{"y":498,"x":153},{"y":490,"x":124},{"y":481,"x":95},{"y":471,"x":67},{"y":461,"x":38},{"y":449,"x":11},{"y":434,"x":-15},{"y":416,"x":-39},{"y":392,"x":-57},{"y":362,"x":-57}],[{"y":263,"x":861},{"y":281,"x":838},{"y":296,"x":813},{"y":310,"x":786},{"y":323,"x":760},{"y":335,"x":733},{"y":348,"x":706},{"y":360,"x":680},{"y":372,"x":653},{"y":384,"x":626},{"y":396,"x":600},{"y":408,"x":572},{"y":420,"x":546},{"y":432,"x":519},{"y":444,"x":492},{"y":456,"x":466},{"y":468,"x":439},{"y":480,"x":412},{"y":493,"x":385},{"y":506,"x":359},{"y":519,"x":332},{"y":532,"x":306},{"y":545,"x":280},{"y":559,"x":254},{"y":573,"x":228},{"y":587,"x":203},{"y":602,"x":177},{"y":617,"x":152},{"y":632,"x":128},{"y":649,"x":103},{"y":666,"x":80},{"y":684,"x":56},{"y":704,"x":34},{"y":724,"x":14},{"y":747,"x":-3},{"y":774,"x":-18}],[{"y":310,"x":899},{"y":302,"x":869},{"y":298,"x":839},{"y":295,"x":809},{"y":294,"x":778},{"y":294,"x":748},{"y":295,"x":718},{"y":297,"x":688},{"y":300,"x":658},{"y":304,"x":628},{"y":308,"x":598},{"y":313,"x":569},{"y":319,"x":539},{"y":325,"x":509},{"y":332,"x":480},{"y":339,"x":451},{"y":347,"x":421},{"y":355,"x":392},{"y":363,"x":363},{"y":372,"x":335},{"y":382,"x":305},{"y":392,"x":277},{"y":403,"x":248},{"y":413,"x":220},{"y":425,"x":192},{"y":437,"x":165},{"y":449,"x":138},{"y":462,"x":110},{"y":476,"x":83},{"y":491,"x":57},{"y":506,"x":31},{"y":522,"x":6},{"y":540,"x":-17},{"y":560,"x":-41},{"y":581,"x":-62},{"y":604,"x":-81},{"y":632,"x":-94},{"y":662,"x":-96}],[{"y":338,"x":878},{"y":320,"x":853},{"y":306,"x":827},{"y":295,"x":798},{"y":286,"x":770},{"y":278,"x":741},{"y":272,"x":712},{"y":267,"x":682},{"y":262,"x":652},{"y":259,"x":623},{"y":256,"x":593},{"y":253,"x":563},{"y":251,"x":533},{"y":249,"x":503},{"y":247,"x":473},{"y":245,"x":444},{"y":244,"x":414},{"y":243,"x":384},{"y":241,"x":354},{"y":240,"x":323},{"y":239,"x":294},{"y":238,"x":264},{"y":237,"x":234},{"y":235,"x":205},{"y":234,"x":174},{"y":232,"x":144},{"y":230,"x":115},{"y":228,"x":85},{"y":225,"x":54},{"y":222,"x":25},{"y":218,"x":-4},{"y":214,"x":-33},{"y":209,"x":-63},{"y":204,"x":-93}],[{"y":540,"x":873},{"y":546,"x":842},{"y":550,"x":812},{"y":554,"x":782},{"y":556,"x":752},{"y":557,"x":721},{"y":557,"x":690},{"y":557,"x":660},{"y":555,"x":629},{"y":553,"x":600},{"y":550,"x":569},{"y":547,"x":539},{"y":543,"x":509},{"y":538,"x":478},{"y":533,"x":449},{"y":527,"x":419},{"y":520,"x":389},{"y":514,"x":360},{"y":506,"x":330},{"y":499,"x":300},{"y":491,"x":271},{"y":483,"x":242},{"y":474,"x":213},{"y":464,"x":183},{"y":455,"x":155},{"y":446,"x":126},{"y":436,"x":97},{"y":425,"x":69},{"y":415,"x":40},{"y":404,"x":12},{"y":393,"x":-16},{"y":382,"x":-44},{"y":370,"x":-72},{"y":359,"x":-101}]]