{
"file": "zoo_elep_come_sheet1.png",
"frames": {
    "zoo_bomb_icon_png":{"x":1,"y": 326,"w": 158, "h":156,"offX":0,"offY":0,"sourceW":158,"sourceH":156}, 
    "zoo_bomb_name_png":{"x":424,"y": 413,"w": 215, "h":74,"offX":0,"offY":0,"sourceW":215,"sourceH":74}, 
    "zoo_ele_come_png":{"x":361,"y": 326,"w": 193, "h":86,"offX":0,"offY":0,"sourceW":193,"sourceH":86}, 
    "zoo_elep_com_bg_png":{"x":1,"y": 1,"w": 750, "h":324,"offX":0,"offY":0,"sourceW":750,"sourceH":324}, 
    "zoo_elep_come_odds_png":{"x":160,"y": 475,"w": 263, "h":72,"offX":0,"offY":0,"sourceW":263,"sourceH":72}, 
    "zoo_elep_icon_png":{"x":160,"y": 326,"w": 200, "h":148,"offX":0,"offY":0,"sourceW":200,"sourceH":148}, 
    "zoo_elep_name_png":{"x":555,"y": 326,"w": 153, "h":82,"offX":0,"offY":0,"sourceW":153,"sourceH":82}
},
"SmartUpdateHash": "$TexturePacker:SmartUpdate:52496af2b86d75751f4138ee2484e74b:482b376d3881ac270f820244d79cd035:ff7b15ea73d6ec029d024da68c31b476$"
}