{
"file": "stock_sheet2.png",
"frames": {
    "stock_bet_btn1_png":{"x":250,"y": 464,"w": 106, "h":89,"offX":0,"offY":0,"sourceW":106,"sourceH":89}, 
    "stock_btn_return_png":{"x":357,"y": 464,"w": 76, "h":76,"offX":0,"offY":0,"sourceW":76,"sourceH":76}, 
    "stock_bubble_png":{"x":1,"y": 249,"w": 257, "h":103,"offX":0,"offY":0,"sourceW":257,"sourceH":103}, 
    "stock_img_bear_png":{"x":233,"y": 615,"w": 231, "h":233,"offX":0,"offY":0,"sourceW":231,"sourceH":233}, 
    "stock_img_bull_png":{"x":1,"y": 615,"w": 231, "h":244,"offX":0,"offY":0,"sourceW":231,"sourceH":244}, 
    "stock_menu_png":{"x":1,"y": 353,"w": 248, "h":261,"offX":0,"offY":0,"sourceW":248,"sourceH":261}, 
    "stock_pray_left_png":{"x":408,"y": 541,"w": 55, "h":68,"offX":0,"offY":0,"sourceW":55,"sourceH":68}, 
    "stock_pray_right_png":{"x":357,"y": 541,"w": 50, "h":71,"offX":0,"offY":0,"sourceW":50,"sourceH":71}, 
    "stock_radio_center1_png":{"x":259,"y": 249,"w": 190, "h":47,"offX":0,"offY":0,"sourceW":190,"sourceH":47}, 
    "stock_radio_center2_png":{"x":259,"y": 297,"w": 190, "h":47,"offX":0,"offY":0,"sourceW":190,"sourceH":47}, 
    "stock_radio_left1_png":{"x":259,"y": 345,"w": 190, "h":47,"offX":0,"offY":0,"sourceW":190,"sourceH":47}, 
    "stock_record_bg_png":{"x":1,"y": 1,"w": 440, "h":247,"offX":0,"offY":0,"sourceW":440,"sourceH":247}, 
    "stock_type_left1_png":{"x":250,"y": 393,"w": 189, "h":70,"offX":0,"offY":0,"sourceW":189,"sourceH":70}
},
"SmartUpdateHash": "$TexturePacker:SmartUpdate:b68d5c6b91195a15f2376514fb7c9ac0:ef14986f3cdd21c5877a2785d4566529:ed5e33bb586d637741ca879f7a5b942f$"
}