{
"file": "fruit_sheet2.png",
"frames": {
    "fruit_btn_bet_1_png":{"x":350,"y": 722,"w": 89, "h":87,"offX":1,"offY":0,"sourceW":91,"sourceH":87}, 
    "fruit_btn_bet_10_png":{"x":258,"y": 446,"w": 114, "h":85,"offX":0,"offY":0,"sourceW":114,"sourceH":85}, 
    "fruit_btn_bet_11_png":{"x":258,"y": 725,"w": 89, "h":87,"offX":1,"offY":0,"sourceW":91,"sourceH":87}, 
    "fruit_btn_bet_12_png":{"x":258,"y": 813,"w": 89, "h":87,"offX":1,"offY":0,"sourceW":91,"sourceH":87}, 
    "fruit_icon_7_big_png":{"x":530,"y": 1,"w": 78, "h":78,"offX":0,"offY":0,"sourceW":78,"sourceH":78}, 
    "fruit_icon_7_small_png":{"x":530,"y": 80,"w": 78, "h":78,"offX":0,"offY":0,"sourceW":78,"sourceH":78}, 
    "fruit_icon_apple_png":{"x":1,"y": 532,"w": 78, "h":78,"offX":0,"offY":0,"sourceW":78,"sourceH":78}, 
    "fruit_icon_bar_100_png":{"x":80,"y": 532,"w": 78, "h":78,"offX":0,"offY":0,"sourceW":78,"sourceH":78}, 
    "fruit_icon_bar_25_png":{"x":159,"y": 532,"w": 78, "h":78,"offX":0,"offY":0,"sourceW":78,"sourceH":78}, 
    "fruit_icon_bar_50_png":{"x":238,"y": 532,"w": 78, "h":78,"offX":0,"offY":0,"sourceW":78,"sourceH":78}, 
    "fruit_icon_bell_big_png":{"x":1,"y": 446,"w": 78, "h":78,"offX":0,"offY":0,"sourceW":78,"sourceH":78}, 
    "fruit_icon_bell_small_png":{"x":80,"y": 446,"w": 78, "h":78,"offX":0,"offY":0,"sourceW":78,"sourceH":78}, 
    "fruit_icon_full_screen_png":{"x":159,"y": 446,"w": 78, "h":78,"offX":0,"offY":0,"sourceW":78,"sourceH":78}, 
    "fruit_icon_lemon_big_png":{"x":258,"y": 901,"w": 78, "h":78,"offX":0,"offY":0,"sourceW":78,"sourceH":78}, 
    "fruit_icon_lemon_small_png":{"x":337,"y": 901,"w": 78, "h":78,"offX":0,"offY":0,"sourceW":78,"sourceH":78}, 
    "fruit_icon_lucky_png":{"x":348,"y": 810,"w": 78, "h":78,"offX":0,"offY":0,"sourceW":78,"sourceH":78}, 
    "fruit_icon_orange_big_png":{"x":416,"y": 889,"w": 78, "h":78,"offX":0,"offY":0,"sourceW":78,"sourceH":78}, 
    "fruit_icon_orange_small_png":{"x":427,"y": 810,"w": 78, "h":78,"offX":0,"offY":0,"sourceW":78,"sourceH":78}, 
    "fruit_icon_star_big_png":{"x":440,"y": 726,"w": 78, "h":78,"offX":0,"offY":0,"sourceW":78,"sourceH":78}, 
    "fruit_icon_star_small_png":{"x":495,"y": 889,"w": 78, "h":78,"offX":0,"offY":0,"sourceW":78,"sourceH":78}, 
    "fruit_icon_watermelon_big_png":{"x":506,"y": 805,"w": 78, "h":78,"offX":0,"offY":0,"sourceW":78,"sourceH":78}, 
    "fruit_icon_watermelon_small_png":{"x":519,"y": 726,"w": 78, "h":78,"offX":0,"offY":0,"sourceW":78,"sourceH":78}, 
    "fruit_img_1_png":{"x":378,"y": 385,"w": 220, "h":226,"offX":0,"offY":0,"sourceW":220,"sourceH":226}, 
    "fruit_img_10_png":{"x":378,"y": 84,"w": 92, "h":57,"offX":1,"offY":1,"sourceW":94,"sourceH":59}, 
    "fruit_img_11_png":{"x":1,"y": 612,"w": 256, "h":332,"offX":0,"offY":0,"sourceW":256,"sourceH":332}, 
    "fruit_img_2_png":{"x":378,"y": 159,"w": 225, "h":225,"offX":0,"offY":0,"sourceW":225,"sourceH":225}, 
    "fruit_img_3_png":{"x":350,"y": 683,"w": 133, "h":38,"offX":0,"offY":0,"sourceW":133,"sourceH":38}, 
    "fruit_img_4_png":{"x":258,"y": 611,"w": 91, "h":56,"offX":0,"offY":0,"sourceW":91,"sourceH":56}, 
    "fruit_img_5_png":{"x":350,"y": 612,"w": 261, "h":70,"offX":0,"offY":0,"sourceW":261,"sourceH":70}, 
    "fruit_img_6_png":{"x":471,"y": 84,"w": 54, "h":54,"offX":0,"offY":0,"sourceW":54,"sourceH":54}, 
    "fruit_img_7_png":{"x":317,"y": 532,"w": 44, "h":37,"offX":0,"offY":0,"sourceW":44,"sourceH":37}, 
    "fruit_img_8_png":{"x":484,"y": 683,"w": 91, "h":42,"offX":0,"offY":0,"sourceW":91,"sourceH":42}, 
    "fruit_img_9_png":{"x":258,"y": 668,"w": 91, "h":56,"offX":0,"offY":0,"sourceW":91,"sourceH":56}, 
    "fruit_img_title_png":{"x":1,"y": 1,"w": 528, "h":82,"offX":0,"offY":0,"sourceW":528,"sourceH":82}, 
    "fruit_logo_0_png":{"x":1,"y": 84,"w": 376, "h":361,"offX":0,"offY":0,"sourceW":376,"sourceH":361}
},
"SmartUpdateHash": "$TexturePacker:SmartUpdate:abfeb2082d145476ba66f61cfa5b8634:986f3608cda79155a866e8c0cea996dc:c7bf888d2bedb8f079bf48e7ccd0612a$"
}