{
"file": "fruit_sheet1.png",
"frames": {
    "fruit_bg_2_png":{"x":1,"y": 333,"w": 652, "h":632,"offX":0,"offY":0,"sourceW":652,"sourceH":632}, 
    "fruit_btn_back_png":{"x":673,"y": 1,"w": 84, "h":84,"offX":0,"offY":0,"sourceW":84,"sourceH":84}, 
    "fruit_btn_bet_2_png":{"x":669,"y": 171,"w": 89, "h":87,"offX":1,"offY":0,"sourceW":91,"sourceH":87}, 
    "fruit_btn_bet_3_png":{"x":669,"y": 259,"w": 89, "h":87,"offX":1,"offY":0,"sourceW":91,"sourceH":87}, 
    "fruit_btn_bet_4_png":{"x":654,"y": 536,"w": 89, "h":87,"offX":1,"offY":0,"sourceW":91,"sourceH":87}, 
    "fruit_btn_bet_5_png":{"x":654,"y": 624,"w": 89, "h":87,"offX":1,"offY":0,"sourceW":91,"sourceH":87}, 
    "fruit_btn_bet_6_png":{"x":654,"y": 712,"w": 89, "h":87,"offX":1,"offY":0,"sourceW":91,"sourceH":87}, 
    "fruit_btn_bet_7_png":{"x":654,"y": 800,"w": 89, "h":87,"offX":1,"offY":0,"sourceW":91,"sourceH":87}, 
    "fruit_btn_bet_8_png":{"x":654,"y": 888,"w": 89, "h":87,"offX":1,"offY":0,"sourceW":91,"sourceH":87}, 
    "fruit_btn_bet_9_png":{"x":654,"y": 448,"w": 91, "h":87,"offX":0,"offY":0,"sourceW":91,"sourceH":87}, 
    "fruit_btn_menu_png":{"x":673,"y": 86,"w": 84, "h":84,"offX":0,"offY":0,"sourceW":84,"sourceH":84}, 
    "fruit_icon_light_png":{"x":654,"y": 347,"w": 100, "h":100,"offX":0,"offY":0,"sourceW":100,"sourceH":100}, 
    "fruit_light_1_png":{"x":1,"y": 1,"w": 671, "h":169,"offX":32,"offY":0,"sourceW":703,"sourceH":169}, 
    "fruit_light_2_png":{"x":1,"y": 171,"w": 667, "h":161,"offX":0,"offY":4,"sourceW":703,"sourceH":169}
},
"SmartUpdateHash": "$TexturePacker:SmartUpdate:abfeb2082d145476ba66f61cfa5b8634:986f3608cda79155a866e8c0cea996dc:c7bf888d2bedb8f079bf48e7ccd0612a$"
}