{
"file": "red_bag_sheet1.png",
"frames": {
    "red_bag_icon_png":{"x":663,"y": 118,"w": 76, "h":76,"offX":0,"offY":0,"sourceW":76,"sourceH":76}, 
    "red_bag_icon_2_png":{"x":663,"y": 1,"w": 86, "h":116,"offX":0,"offY":0,"sourceW":86,"sourceH":116}, 
    "red_bag_title_png":{"x":1,"y": 1,"w": 661, "h":166,"offX":0,"offY":0,"sourceW":661,"sourceH":166}
},
"SmartUpdateHash": "$TexturePacker:SmartUpdate:9f91617f946fdb228e45e79ac95724ed:c449113479559f5df2919140e515ef8e:51b30470af0b6fa6c74e7fb0e6607607$"
}