{
"file": "emotion_sheet1.png",
"frames": {
    "emotion_1_png":{"x":410,"y": 1,"w": 58, "h":67,"offX":0,"offY":0,"sourceW":58,"sourceH":67}, 
    "emotion_101_png":{"x":591,"y": 65,"w": 68, "h":61,"offX":0,"offY":0,"sourceW":68,"sourceH":61}, 
    "emotion_102_png":{"x":376,"y": 1,"w": 33, "h":69,"offX":0,"offY":0,"sourceW":33,"sourceH":69}, 
    "emotion_103_png":{"x":591,"y": 1,"w": 70, "h":63,"offX":0,"offY":0,"sourceW":70,"sourceH":63}, 
    "emotion_104_png":{"x":662,"y": 1,"w": 60, "h":64,"offX":0,"offY":0,"sourceW":60,"sourceH":64}, 
    "emotion_2_png":{"x":469,"y": 1,"w": 60, "h":66,"offX":0,"offY":0,"sourceW":60,"sourceH":66}, 
    "emotion_3_png":{"x":530,"y": 1,"w": 60, "h":66,"offX":0,"offY":0,"sourceW":60,"sourceH":66}, 
    "emotion_4_png":{"x":302,"y": 1,"w": 73, "h":69,"offX":0,"offY":0,"sourceW":73,"sourceH":69}, 
    "emotion_bg_png":{"x":1,"y": 1,"w": 300, "h":96,"offX":0,"offY":0,"sourceW":300,"sourceH":96}
},
"SmartUpdateHash": "$TexturePacker:SmartUpdate:99bc785bac91a3663bba1f2c4c37f656:61265cd19a64ed6935d60b1d1188204b:867b42e72a4d461f9188abb3ac55b238$"
}