{
"file": "rps_sheet1.png",
"frames": {
    "rps_btn_go_png":{"x":422,"y": 795,"w": 270, "h":110,"offX":0,"offY":0,"sourceW":270,"sourceH":110}, 
    "rps_hero_p_png":{"x":521,"y": 1,"w": 211, "h":256,"offX":0,"offY":0,"sourceW":211,"sourceH":256}, 
    "rps_hero_r_png":{"x":250,"y": 730,"w": 171, "h":232,"offX":0,"offY":0,"sourceW":171,"sourceH":232}, 
    "rps_hero_s_png":{"x":521,"y": 258,"w": 211, "h":239,"offX":0,"offY":0,"sourceW":211,"sourceH":239}, 
    "rps_history_png":{"x":515,"y": 498,"w": 189, "h":106,"offX":0,"offY":0,"sourceW":189,"sourceH":106}, 
    "rps_menu_bg_png":{"x":1,"y": 730,"w": 248, "h":260,"offX":0,"offY":0,"sourceW":248,"sourceH":260}, 
    "rps_pk_bottom_png":{"x":1,"y": 1,"w": 519, "h":204,"offX":0,"offY":0,"sourceW":519,"sourceH":204}, 
    "rps_pk_bottom_black_png":{"x":1,"y": 206,"w": 519, "h":204,"offX":0,"offY":0,"sourceW":519,"sourceH":204}, 
    "rps_pk_top_black_png":{"x":1,"y": 411,"w": 513, "h":200,"offX":4,"offY":2,"sourceW":519,"sourceH":204}, 
    "rps_ready_png":{"x":422,"y": 730,"w": 298, "h":64,"offX":0,"offY":0,"sourceW":298,"sourceH":64}, 
    "rps_record_icon_png":{"x":422,"y": 906,"w": 164, "h":59,"offX":0,"offY":0,"sourceW":166,"sourceH":59}, 
    "rps_tip_png":{"x":1,"y": 612,"w": 507, "h":117,"offX":0,"offY":0,"sourceW":507,"sourceH":117}, 
    "rps_toggle_1_png":{"x":515,"y": 605,"w": 176, "h":70,"offX":0,"offY":0,"sourceW":176,"sourceH":70}, 
    "rps_toggle_4_png":{"x":509,"y": 676,"w": 152, "h":51,"offX":0,"offY":0,"sourceW":152,"sourceH":51}, 
    "rps_voice_png":{"x":692,"y": 605,"w": 36, "h":30,"offX":0,"offY":0,"sourceW":36,"sourceH":30}
},
"SmartUpdateHash": "$TexturePacker:SmartUpdate:fd1082bb43e7e77dadf3d6054af0f13f:4c1646f17ac0bb0cef0dd87f8e0bfae6:7c8f207de5d0672509d99d0063d7415d$"
}