{
"file": "luck_sheet1.png",
"frames": {
    "luck_bg_3_png":{"x":1,"y": 1,"w": 750, "h":836,"offX":0,"offY":0,"sourceW":750,"sourceH":836}, 
    "luck_big_png":{"x":1,"y": 838,"w": 166, "h":160,"offX":0,"offY":0,"sourceW":166,"sourceH":160}, 
    "luck_big_on_png":{"x":168,"y": 838,"w": 166, "h":160,"offX":0,"offY":0,"sourceW":166,"sourceH":160}, 
    "luck_bt_bg_png":{"x":667,"y": 838,"w": 84, "h":84,"offX":0,"offY":0,"sourceW":84,"sourceH":84}, 
    "luck_plus_png":{"x":667,"y": 923,"w": 69, "h":69,"offX":0,"offY":0,"sourceW":69,"sourceH":69}, 
    "luck_small_png":{"x":335,"y": 838,"w": 165, "h":159,"offX":0,"offY":0,"sourceW":165,"sourceH":159}, 
    "luck_small_on_png":{"x":501,"y": 838,"w": 165, "h":159,"offX":0,"offY":0,"sourceW":165,"sourceH":159}
},
"SmartUpdateHash": "$TexturePacker:SmartUpdate:0029281ac34ab96ab8074b95f2503382:e8bd77def4616cd0866c941ac34802ed:75b1650085a23ca151b83a08d71d9976$"
}