{
"file": "luck_sheet3.png",
"frames": {
    "luck_arrow_png":{"x":450,"y": 867,"w": 46, "h":23,"offX":0,"offY":0,"sourceW":46,"sourceH":23}, 
    "luck_bet_bg2_png":{"x":618,"y": 876,"w": 108, "h":99,"offX":0,"offY":0,"sourceW":108,"sourceH":99}, 
    "luck_circle_png":{"x":1,"y": 1,"w": 738, "h":738,"offX":0,"offY":0,"sourceW":738,"sourceH":738}, 
    "luck_coin_bg_png":{"x":283,"y": 740,"w": 250, "h":63,"offX":0,"offY":0,"sourceW":250,"sourceH":63}, 
    "luck_dot_png":{"x":513,"y": 804,"w": 34, "h":34,"offX":0,"offY":0,"sourceW":34,"sourceH":34}, 
    "luck_god_body_png":{"x":548,"y": 740,"w": 211, "h":135,"offX":0,"offY":0,"sourceW":211,"sourceH":135}, 
    "luck_god_head_png":{"x":1,"y": 740,"w": 281, "h":153,"offX":0,"offY":0,"sourceW":281,"sourceH":153}, 
    "luck_light_png":{"x":548,"y": 876,"w": 69, "h":107,"offX":0,"offY":0,"sourceW":69,"sourceH":107}, 
    "luck_main_return_png":{"x":727,"y": 909,"w": 31, "h":31,"offX":0,"offY":0,"sourceW":31,"sourceH":31}, 
    "luck_menu_png":{"x":513,"y": 839,"w": 33, "h":31,"offX":0,"offY":0,"sourceW":33,"sourceH":31}, 
    "luck_menu_line_png":{"x":1,"y": 994,"w": 207, "h":2,"offX":0,"offY":0,"sourceW":207,"sourceH":2}, 
    "luck_pray_png":{"x":283,"y": 804,"w": 166, "h":75,"offX":0,"offY":0,"sourceW":166,"sourceH":75}, 
    "luck_sound_off_png":{"x":450,"y": 804,"w": 62, "h":62,"offX":0,"offY":0,"sourceW":62,"sourceH":62}, 
    "luck_star_1_png":{"x":727,"y": 975,"w": 23, "h":23,"offX":0,"offY":0,"sourceW":23,"sourceH":23}, 
    "luck_star_2_png":{"x":727,"y": 876,"w": 32, "h":32,"offX":0,"offY":0,"sourceW":32,"sourceH":32}, 
    "luck_task_png":{"x":727,"y": 941,"w": 30, "h":33,"offX":0,"offY":0,"sourceW":30,"sourceH":33}, 
    "luck_tip_bg2_png":{"x":1,"y": 894,"w": 546, "h":99,"offX":0,"offY":0,"sourceW":546,"sourceH":99}
},
"SmartUpdateHash": "$TexturePacker:SmartUpdate:0029281ac34ab96ab8074b95f2503382:e8bd77def4616cd0866c941ac34802ed:75b1650085a23ca151b83a08d71d9976$"
}