{
"file": "lot11x5_sheet1.png",
"frames": {
    "lot11x5_check_bg_png":{"x":1,"y": 570,"w": 38, "h":38,"offX":0,"offY":0,"sourceW":38,"sourceH":38}, 
    "lot11x5_check_on_png":{"x":40,"y": 603,"w": 34, "h":25,"offX":0,"offY":0,"sourceW":34,"sourceH":25}, 
    "lot11x5_help_png":{"x":40,"y": 570,"w": 32, "h":32,"offX":0,"offY":0,"sourceW":32,"sourceH":32}, 
    "lot11x5_menu_png":{"x":333,"y": 467,"w": 90, "h":90,"offX":0,"offY":0,"sourceW":90,"sourceH":90}, 
    "lot11x5_menu_bg_png":{"x":333,"y": 558,"w": 248, "h":73,"offX":0,"offY":0,"sourceW":248,"sourceH":73}, 
    "lot11x5_miss_arrow_png":{"x":515,"y": 467,"w": 63, "h":68,"offX":0,"offY":0,"sourceW":63,"sourceH":68}, 
    "lot11x5_name_png":{"x":1,"y": 467,"w": 331, "h":102,"offX":0,"offY":0,"sourceW":331,"sourceH":102}, 
    "lot11x5_return_png":{"x":424,"y": 467,"w": 90, "h":90,"offX":0,"offY":0,"sourceW":90,"sourceH":90}, 
    "lot11x5_rule_title_png":{"x":1,"y": 318,"w": 750, "h":148,"offX":0,"offY":0,"sourceW":750,"sourceH":148}, 
    "lot11x5_title_bg_png":{"x":1,"y": 1,"w": 750, "h":316,"offX":0,"offY":0,"sourceW":750,"sourceH":316}
},
"SmartUpdateHash": "$TexturePacker:SmartUpdate:2ecb14c14418cdd9f7c7ee54de00e7ed:72ed83d791d5cfb0783fd18699732fec:88d51209caf5496c594f34177ebeae74$"
}