{
"file": "zoo_effect5_sheet1.png",
"frames": {
    "zoo_effect_5_1_png":{"x":271,"y": 115,"w": 101, "h":131,"offX":19,"offY":0,"sourceW":135,"sourceH":133}, 
    "zoo_effect_5_2_png":{"x":1,"y": 1,"w": 115, "h":101,"offX":13,"offY":21,"sourceW":135,"sourceH":133}, 
    "zoo_effect_5_3_png":{"x":251,"y": 1,"w": 129, "h":113,"offX":5,"offY":13,"sourceW":135,"sourceH":133}, 
    "zoo_effect_5_4_png":{"x":117,"y": 1,"w": 133, "h":109,"offX":0,"offY":17,"sourceW":135,"sourceH":133}, 
    "zoo_effect_5_5_png":{"x":1,"y": 111,"w": 133, "h":109,"offX":0,"offY":17,"sourceW":135,"sourceH":133}, 
    "zoo_effect_5_6_png":{"x":135,"y": 115,"w": 135, "h":113,"offX":0,"offY":15,"sourceW":135,"sourceH":133}
},
"SmartUpdateHash": "$TexturePacker:SmartUpdate:ae8429ac85436132ef8571427950824b:c6f1004d07972736cf84e2aa176a8a27:ede2993f13dba2464553376fc62a4463$"
}