{
"file": "loading_sheet1.png",
"frames": {
    "h_progress_bg_png":{"x":1,"y": 1,"w": 593, "h":48,"offX":0,"offY":0,"sourceW":593,"sourceH":48}, 
    "h_progress_front_png":{"x":1,"y": 50,"w": 593, "h":48,"offX":0,"offY":0,"sourceW":593,"sourceH":48}, 
    "logo_png":{"x":1,"y": 99,"w": 457, "h":438,"offX":0,"offY":0,"sourceW":457,"sourceH":438}
},
"SmartUpdateHash": "$TexturePacker:SmartUpdate:36e9f031497a4a8f6c4e622e3d4ee585:2a59a4453430f923b897ae187dcf7ecc:7cff73dcb0f2a01390951cc8341f589a$"
}