{
"file": "xiyouji_sheet3.png",
"frames": {
    "xiyouji_btn_1_png":{"x":511,"y": 251,"w": 84, "h":84,"offX":0,"offY":0,"sourceW":84,"sourceH":84}, 
    "xiyouji_btn_2_png":{"x":596,"y": 251,"w": 84, "h":84,"offX":0,"offY":0,"sourceW":84,"sourceH":84}, 
    "xiyouji_icon_2_png":{"x":511,"y": 1,"w": 247, "h":249,"offX":0,"offY":0,"sourceW":247,"sourceH":249}, 
    "xiyouji_icon_5_png":{"x":1,"y": 1,"w": 252, "h":380,"offX":0,"offY":0,"sourceW":252,"sourceH":380}, 
    "xiyouji_menu_bg_png":{"x":254,"y": 1,"w": 256, "h":332,"offX":0,"offY":0,"sourceW":256,"sourceH":332}
},
"SmartUpdateHash": "$TexturePacker:SmartUpdate:f4b37a65539f72800c0e2ad8dfc51c3d:9723520e33fcac4d238898bb952393f9:e13bc2b19465c96dc2d8bad2950622aa$"
}