{
"file": "rps_hero4_sheet1.png",
"frames": {
    "rps_head_4_1_png":{"x":281,"y": 1,"w": 109, "h":109,"offX":0,"offY":0,"sourceW":109,"sourceH":109}, 
    "rps_head_4_2_png":{"x":281,"y": 111,"w": 109, "h":109,"offX":0,"offY":0,"sourceW":109,"sourceH":109}, 
    "rps_hero_4_1_png":{"x":1,"y": 1,"w": 139, "h":184,"offX":0,"offY":0,"sourceW":139,"sourceH":184}, 
    "rps_hero_4_2_png":{"x":141,"y": 1,"w": 139, "h":184,"offX":0,"offY":0,"sourceW":139,"sourceH":184}
},
"SmartUpdateHash": "$TexturePacker:SmartUpdate:9ce1fb99003799a5bf6c1bb480d4cc91:9c97b438cc7b02824f03261474ebb1ff:c5e08944c2c19b7c8c510c8e340b2f74$"
}