{
"file": "emotion_ani_sheet1.png",
"frames": {
    "emotion_ani_101_0_png":{"x":489,"y": 252,"w": 65, "h":58,"offX":24,"offY":27,"sourceW":103,"sourceH":112}, 
    "emotion_ani_101_1_png":{"x":352,"y": 1,"w": 97, "h":106,"offX":6,"offY":0,"sourceW":103,"sourceH":112}, 
    "emotion_ani_101_2_png":{"x":259,"y": 112,"w": 101, "h":104,"offX":2,"offY":0,"sourceW":103,"sourceH":112}, 
    "emotion_ani_101_3_png":{"x":254,"y": 1,"w": 97, "h":110,"offX":6,"offY":0,"sourceW":103,"sourceH":112}, 
    "emotion_ani_101_4_png":{"x":304,"y": 217,"w": 97, "h":106,"offX":6,"offY":6,"sourceW":103,"sourceH":112}, 
    "emotion_ani_101_5_png":{"x":150,"y": 1,"w": 103, "h":106,"offX":0,"offY":6,"sourceW":103,"sourceH":112}, 
    "emotion_ani_101_6_png":{"x":361,"y": 108,"w": 97, "h":102,"offX":6,"offY":7,"sourceW":103,"sourceH":112}, 
    "emotion_ani_102_0_png":{"x":716,"y": 159,"w": 35, "h":80,"offX":0,"offY":0,"sourceW":35,"sourceH":80}, 
    "emotion_ani_102_1_png":{"x":1,"y": 247,"w": 96, "h":80,"offX":16,"offY":14,"sourceW":128,"sourceH":96}, 
    "emotion_ani_102_2_png":{"x":189,"y": 241,"w": 114, "h":86,"offX":7,"offY":10,"sourceW":128,"sourceH":96}, 
    "emotion_ani_102_3_png":{"x":130,"y": 150,"w": 128, "h":90,"offX":0,"offY":5,"sourceW":128,"sourceH":96}, 
    "emotion_ani_102_4_png":{"x":1,"y": 150,"w": 128, "h":96,"offX":0,"offY":0,"sourceW":128,"sourceH":96}, 
    "emotion_ani_103_0_png":{"x":98,"y": 247,"w": 90, "h":82,"offX":0,"offY":0,"sourceW":90,"sourceH":82}, 
    "emotion_ani_103_1_png":{"x":450,"y": 1,"w": 90, "h":82,"offX":0,"offY":0,"sourceW":90,"sourceH":82}, 
    "emotion_ani_104_1_png":{"x":1,"y": 1,"w": 148, "h":148,"offX":0,"offY":0,"sourceW":148,"sourceH":148}, 
    "emotion_ani_104_2_png":{"x":555,"y": 252,"w": 53, "h":65,"offX":0,"offY":0,"sourceW":53,"sourceH":65}, 
    "emotion_ani_1_1_png":{"x":541,"y": 1,"w": 70, "h":80,"offX":0,"offY":2,"sourceW":70,"sourceH":82}, 
    "emotion_ani_1_2_png":{"x":546,"y": 82,"w": 70, "h":80,"offX":0,"offY":0,"sourceW":70,"sourceH":82}, 
    "emotion_ani_2_1_png":{"x":682,"y": 1,"w": 69, "h":78,"offX":0,"offY":0,"sourceW":69,"sourceH":78}, 
    "emotion_ani_2_2_png":{"x":609,"y": 243,"w": 69, "h":78,"offX":0,"offY":0,"sourceW":69,"sourceH":78}, 
    "emotion_ani_2_3_png":{"x":646,"y": 161,"w": 69, "h":78,"offX":0,"offY":0,"sourceW":69,"sourceH":78}, 
    "emotion_ani_2_4_png":{"x":687,"y": 80,"w": 69, "h":78,"offX":0,"offY":0,"sourceW":69,"sourceH":78}, 
    "emotion_ani_2_5_png":{"x":679,"y": 240,"w": 69, "h":78,"offX":0,"offY":0,"sourceW":69,"sourceH":78}, 
    "emotion_ani_2_6_png":{"x":687,"y": 80,"w": 69, "h":78,"offX":0,"offY":0,"sourceW":69,"sourceH":78}, 
    "emotion_ani_3_1_png":{"x":612,"y": 1,"w": 69, "h":79,"offX":0,"offY":0,"sourceW":69,"sourceH":79}, 
    "emotion_ani_3_2_png":{"x":576,"y": 163,"w": 69, "h":79,"offX":0,"offY":0,"sourceW":69,"sourceH":79}, 
    "emotion_ani_3_3_png":{"x":617,"y": 81,"w": 69, "h":79,"offX":0,"offY":0,"sourceW":69,"sourceH":79}, 
    "emotion_ani_4_1_png":{"x":402,"y": 211,"w": 86, "h":83,"offX":0,"offY":0,"sourceW":86,"sourceH":85}, 
    "emotion_ani_4_2_png":{"x":459,"y": 84,"w": 86, "h":83,"offX":0,"offY":0,"sourceW":86,"sourceH":85}, 
    "emotion_ani_4_3_png":{"x":489,"y": 168,"w": 86, "h":83,"offX":0,"offY":0,"sourceW":86,"sourceH":85}
},
"SmartUpdateHash": "$TexturePacker:SmartUpdate:b5c87db256ee3930b568f2da5793ecc9:22ef67ac001ffa4bb0480ee6a1499957:9823efaed2768c5bd41b4b6170d4afdd$"
}