{
"file": "race_record_sheet1.png",
"frames": {
    "race_NO1_png":{"x":663,"y": 85,"w": 65, "h":79,"offX":0,"offY":0,"sourceW":65,"sourceH":79}, 
    "race_NO2_png":{"x":646,"y": 165,"w": 65, "h":79,"offX":0,"offY":0,"sourceW":65,"sourceH":79}, 
    "race_face_cry1_png":{"x":585,"y": 434,"w": 165, "h":186,"offX":0,"offY":0,"sourceW":165,"sourceH":186}, 
    "race_face_cry2_png":{"x":413,"y": 381,"w": 165, "h":186,"offX":0,"offY":0,"sourceW":165,"sourceH":186}, 
    "race_face_smile1_png":{"x":459,"y": 145,"w": 186, "h":235,"offX":11,"offY":0,"sourceW":232,"sourceH":235}, 
    "race_face_smile2_png":{"x":226,"y": 377,"w": 186, "h":233,"offX":11,"offY":2,"sourceW":232,"sourceH":235}, 
    "race_face_smile3_png":{"x":234,"y": 145,"w": 224, "h":231,"offX":0,"offY":4,"sourceW":232,"sourceH":235}, 
    "race_face_smile4_png":{"x":1,"y": 377,"w": 224, "h":231,"offX":0,"offY":4,"sourceW":232,"sourceH":235}, 
    "race_face_smile5_png":{"x":1,"y": 145,"w": 232, "h":231,"offX":0,"offY":4,"sourceW":232,"sourceH":235}, 
    "race_grayhead_1_png":{"x":646,"y": 367,"w": 54, "h":60,"offX":2,"offY":4,"sourceW":58,"sourceH":66}, 
    "race_grayhead_2_png":{"x":646,"y": 245,"w": 58, "h":60,"offX":0,"offY":0,"sourceW":58,"sourceH":66}, 
    "race_grayhead_3_png":{"x":697,"y": 621,"w": 50, "h":64,"offX":3,"offY":2,"sourceW":58,"sourceH":66}, 
    "race_grayhead_4_png":{"x":701,"y": 367,"w": 48, "h":66,"offX":6,"offY":0,"sourceW":58,"sourceH":66}, 
    "race_grayhead_5_png":{"x":646,"y": 306,"w": 58, "h":60,"offX":0,"offY":0,"sourceW":58,"sourceH":66}, 
    "race_record_cd_png":{"x":225,"y": 721,"w": 381, "h":41,"offX":0,"offY":0,"sourceW":381,"sourceH":41}, 
    "race_record_close_png":{"x":663,"y": 1,"w": 83, "h":83,"offX":0,"offY":0,"sourceW":83,"sourceH":83}, 
    "race_record_line_png":{"x":585,"y": 621,"w": 111, "h":68,"offX":0,"offY":0,"sourceW":111,"sourceH":68}, 
    "race_record_ribbon_png":{"x":1,"y": 1,"w": 661, "h":143,"offX":0,"offY":0,"sourceW":661,"sourceH":143}, 
    "race_record_tab1_png":{"x":1,"y": 609,"w": 223, "h":61,"offX":0,"offY":0,"sourceW":223,"sourceH":61}, 
    "race_record_tab2_png":{"x":1,"y": 671,"w": 223, "h":61,"offX":0,"offY":0,"sourceW":223,"sourceH":61}, 
    "race_record_title_png":{"x":225,"y": 611,"w": 359, "h":109,"offX":0,"offY":0,"sourceW":359,"sourceH":109}
},
"SmartUpdateHash": "$TexturePacker:SmartUpdate:37853a07b3f5fe5a701c69bc28b05db8:5861205631b824ae0c81fbea2f7b55e4:bd3b990272ec7537f3be031450b3db77$"
}