{
"file": "fishing_common_sheet1.png",
"frames": {
    "fishing_back_png":{"x":1,"y": 1,"w": 89, "h":89,"offX":0,"offY":0,"sourceW":89,"sourceH":89}, 
    "fishing_fish_dialog_png":{"x":91,"y": 1,"w": 61, "h":60,"offX":0,"offY":0,"sourceW":61,"sourceH":60}, 
    "fishing_fish_dontlike_png":{"x":132,"y": 62,"w": 37, "h":37,"offX":0,"offY":0,"sourceW":37,"sourceH":37}, 
    "fishing_fish_like_png":{"x":91,"y": 62,"w": 40, "h":39,"offX":0,"offY":0,"sourceW":40,"sourceH":39}
},
"SmartUpdateHash": "$TexturePacker:SmartUpdate:16f691490cafd492d8819c62fbea2b21:bc461e336386e9d8888f660db287b3b8:fab8f983fedbfe7e10b09914833fa8ee$"
}