{
"file": "guess_sheet1.png",
"frames": {
    "guess_bet_bottom_png":{"x":698,"y": 302,"w": 50, "h":9,"offX":0,"offY":0,"sourceW":50,"sourceH":9}, 
    "guess_bet_coin1_png":{"x":122,"y": 735,"w": 75, "h":75,"offX":0,"offY":0,"sourceW":75,"sourceH":75}, 
    "guess_bet_coin2_png":{"x":198,"y": 735,"w": 75, "h":75,"offX":0,"offY":0,"sourceW":75,"sourceH":75}, 
    "guess_btn_add_png":{"x":698,"y": 620,"w": 29, "h":29,"offX":0,"offY":0,"sourceW":29,"sourceH":29}, 
    "guess_btn_menu_png":{"x":274,"y": 735,"w": 64, "h":64,"offX":0,"offY":0,"sourceW":64,"sourceH":64}, 
    "guess_btn_return_png":{"x":1,"y": 735,"w": 120, "h":120,"offX":0,"offY":0,"sourceW":120,"sourceH":120}, 
    "guess_help_bg_png":{"x":1,"y": 302,"w": 696, "h":432,"offX":0,"offY":0,"sourceW":696,"sourceH":432}, 
    "guess_img_deadline_png":{"x":698,"y": 552,"w": 40, "h":40,"offX":0,"offY":0,"sourceW":40,"sourceH":40}, 
    "guess_img_default_png":{"x":1,"y": 1,"w": 750, "h":300,"offX":0,"offY":0,"sourceW":750,"sourceH":300}, 
    "guess_main_return_png":{"x":339,"y": 735,"w": 64, "h":64,"offX":0,"offY":0,"sourceW":64,"sourceH":64}, 
    "guess_type11_png":{"x":698,"y": 466,"w": 42, "h":42,"offX":0,"offY":0,"sourceW":42,"sourceH":42}, 
    "guess_type12_png":{"x":698,"y": 509,"w": 42, "h":42,"offX":0,"offY":0,"sourceW":42,"sourceH":42}, 
    "guess_type21_png":{"x":698,"y": 312,"w": 44, "h":36,"offX":0,"offY":0,"sourceW":44,"sourceH":36}, 
    "guess_type22_png":{"x":698,"y": 349,"w": 44, "h":36,"offX":0,"offY":0,"sourceW":44,"sourceH":36}, 
    "guess_type31_png":{"x":698,"y": 386,"w": 43, "h":39,"offX":0,"offY":0,"sourceW":43,"sourceH":39}, 
    "guess_type32_png":{"x":698,"y": 426,"w": 43, "h":39,"offX":0,"offY":0,"sourceW":43,"sourceH":39}, 
    "guess_voice_png":{"x":698,"y": 593,"w": 32, "h":26,"offX":0,"offY":0,"sourceW":32,"sourceH":26}, 
    "guess_yes_png":{"x":404,"y": 735,"w": 60, "h":60,"offX":0,"offY":0,"sourceW":60,"sourceH":60}
},
"SmartUpdateHash": "$TexturePacker:SmartUpdate:c476e288fdf7aa1fb65cbfba1453a19f:509f37e712fd64e1cfe7547c57a629b2:ee16d046f8bf7a628044b7ea01cad0d4$"
}