{
"file": "guess_sheet1.png",
"frames": {
    "guess_btn_return_png":{"x":195,"y": 302,"w": 120, "h":120,"offX":0,"offY":0,"sourceW":120,"sourceH":120}, 
    "guess_img_default_png":{"x":1,"y": 1,"w": 750, "h":300,"offX":0,"offY":0,"sourceW":750,"sourceH":300}, 
    "guess_main_return_png":{"x":195,"y": 423,"w": 64, "h":64,"offX":0,"offY":0,"sourceW":64,"sourceH":64}, 
    "share_icon_add_png":{"x":1,"y": 302,"w": 193, "h":193,"offX":0,"offY":0,"sourceW":193,"sourceH":193}
},
"SmartUpdateHash": "$TexturePacker:SmartUpdate:62229f4b51e2f74a6cbe580e051e8f0d:0ce52b038b4c454e974de1525ac589e9:ee16d046f8bf7a628044b7ea01cad0d4$"
}