{
"file": "cat_fishing_sheet4.png",
"frames": {
    "cat_fishing_bet_1_png":{"x":527,"y": 598,"w": 62, "h":69,"offX":0,"offY":0,"sourceW":62,"sourceH":69}, 
    "cat_fishing_bet_2_png":{"x":590,"y": 598,"w": 62, "h":69,"offX":0,"offY":0,"sourceW":62,"sourceH":69}, 
    "cat_fishing_blue_1_png":{"x":562,"y": 99,"w": 191, "h":234,"offX":0,"offY":0,"sourceW":191,"sourceH":234}, 
    "cat_fishing_blue_2_png":{"x":277,"y": 363,"w": 191, "h":234,"offX":0,"offY":0,"sourceW":191,"sourceH":234}, 
    "cat_fishing_blue_3_png":{"x":469,"y": 363,"w": 191, "h":234,"offX":0,"offY":0,"sourceW":191,"sourceH":234}, 
    "cat_fishing_blue_rod_png":{"x":472,"y": 688,"w": 246, "h":86,"offX":0,"offY":0,"sourceW":246,"sourceH":86}, 
    "cat_fishing_blue_win_png":{"x":238,"y": 688,"w": 233, "h":125,"offX":0,"offY":0,"sourceW":233,"sourceH":125}, 
    "cat_fishing_blue_win_bg_png":{"x":1,"y": 418,"w": 275, "h":262,"offX":0,"offY":0,"sourceW":275,"sourceH":262}, 
    "cat_fishing_menu_bg_png":{"x":1,"y": 99,"w": 268, "h":318,"offX":0,"offY":0,"sourceW":268,"sourceH":318}, 
    "cat_fishing_panel_png":{"x":472,"y": 775,"w": 243, "h":80,"offX":0,"offY":0,"sourceW":243,"sourceH":80}, 
    "cat_fishing_red_rod_png":{"x":277,"y": 598,"w": 249, "h":89,"offX":0,"offY":0,"sourceW":249,"sourceH":89}, 
    "cat_fishing_red_win_png":{"x":1,"y": 681,"w": 236, "h":126,"offX":0,"offY":0,"sourceW":236,"sourceH":126}, 
    "cat_fishing_red_win_bg_png":{"x":270,"y": 99,"w": 291, "h":263,"offX":0,"offY":0,"sourceW":291,"sourceH":263}, 
    "cat_fishing_result_bg_png":{"x":1,"y": 1,"w": 705, "h":97,"offX":0,"offY":0,"sourceW":705,"sourceH":97}
},
"SmartUpdateHash": "$TexturePacker:SmartUpdate:f74b15e16d4441a814d48f269fecc189:f7a90e8e216a0099c921b05aef32f28e:dae4029391fc70eea67f4a810404c48a$"
}