{
"file": "cat_fishing_sheet5.png",
"frames": {
    "cat_fishing_cat_1_png":{"x":1,"y": 1,"w": 207, "h":231,"offX":0,"offY":0,"sourceW":207,"sourceH":231}, 
    "cat_fishing_cat_2_png":{"x":209,"y": 1,"w": 205, "h":231,"offX":0,"offY":0,"sourceW":205,"sourceH":231}, 
    "cat_fishing_cat_3_png":{"x":415,"y": 1,"w": 205, "h":231,"offX":0,"offY":0,"sourceW":205,"sourceH":231}
},
"SmartUpdateHash": "$TexturePacker:SmartUpdate:f74b15e16d4441a814d48f269fecc189:f7a90e8e216a0099c921b05aef32f28e:dae4029391fc70eea67f4a810404c48a$"
}