{
"file": "cat_fishing_sheet3.png",
"frames": {
    "cat_fishing_bet_3_png":{"x":631,"y": 842,"w": 66, "h":69,"offX":0,"offY":0,"sourceW":66,"sourceH":69}, 
    "cat_fishing_bet_4_png":{"x":631,"y": 912,"w": 62, "h":69,"offX":0,"offY":0,"sourceW":62,"sourceH":69}, 
    "cat_fishing_bet_5_png":{"x":694,"y": 912,"w": 62, "h":69,"offX":0,"offY":0,"sourceW":62,"sourceH":69}, 
    "cat_fishing_blue_png":{"x":288,"y": 653,"w": 342, "h":324,"offX":0,"offY":0,"sourceW":342,"sourceH":324}, 
    "cat_fishing_blue_boat_png":{"x":1,"y": 653,"w": 286, "h":325,"offX":0,"offY":0,"sourceW":286,"sourceH":325}, 
    "cat_fishing_blue_vsbg_png":{"x":1,"y": 1,"w": 750, "h":325,"offX":0,"offY":0,"sourceW":750,"sourceH":325}, 
    "cat_fishing_fish_1_png":{"x":631,"y": 734,"w": 69, "h":53,"offX":0,"offY":0,"sourceW":69,"sourceH":53}, 
    "cat_fishing_fish_2_png":{"x":631,"y": 788,"w": 69, "h":53,"offX":0,"offY":0,"sourceW":69,"sourceH":53}, 
    "cat_fishing_head_bg_2_png":{"x":631,"y": 653,"w": 79, "h":80,"offX":0,"offY":0,"sourceW":79,"sourceH":80}, 
    "cat_fishing_icon_3_png":{"x":711,"y": 722,"w": 31, "h":30,"offX":0,"offY":0,"sourceW":31,"sourceH":30}, 
    "cat_fishing_icon_5_png":{"x":711,"y": 653,"w": 45, "h":37,"offX":0,"offY":0,"sourceW":45,"sourceH":37}, 
    "cat_fishing_record_1_png":{"x":711,"y": 691,"w": 36, "h":30,"offX":0,"offY":0,"sourceW":36,"sourceH":30}, 
    "cat_fishing_red_vsbg_png":{"x":1,"y": 327,"w": 750, "h":325,"offX":0,"offY":0,"sourceW":750,"sourceH":325}, 
    "cat_fishing_result_blue_png":{"x":701,"y": 753,"w": 27, "h":27,"offX":0,"offY":0,"sourceW":27,"sourceH":27}, 
    "cat_fishing_result_draw_png":{"x":729,"y": 753,"w": 27, "h":27,"offX":0,"offY":0,"sourceW":27,"sourceH":27}, 
    "cat_fishing_result_red_png":{"x":701,"y": 781,"w": 27, "h":27,"offX":0,"offY":0,"sourceW":27,"sourceH":27}
},
"SmartUpdateHash": "$TexturePacker:SmartUpdate:f74b15e16d4441a814d48f269fecc189:f7a90e8e216a0099c921b05aef32f28e:dae4029391fc70eea67f4a810404c48a$"
}