{
"file": "cat_fishing_sheet1.png",
"frames": {
    "cat_fishing_bet_bg_png":{"x":1,"y": 814,"w": 750, "h":117,"offX":0,"offY":0,"sourceW":750,"sourceH":117}, 
    "cat_fishing_bet_player_png":{"x":208,"y": 932,"w": 73, "h":62,"offX":0,"offY":0,"sourceW":73,"sourceH":62}, 
    "cat_fishing_btn_bet_png":{"x":688,"y": 932,"w": 71, "h":48,"offX":0,"offY":0,"sourceW":71,"sourceH":48}, 
    "cat_fishing_fish_3_png":{"x":618,"y": 932,"w": 69, "h":53,"offX":0,"offY":0,"sourceW":69,"sourceH":53}, 
    "cat_fishing_head_bg_png":{"x":1,"y": 683,"w": 750, "h":130,"offX":0,"offY":0,"sourceW":750,"sourceH":130}, 
    "cat_fishing_icon_4_png":{"x":688,"y": 981,"w": 29, "h":16,"offX":0,"offY":0,"sourceW":29,"sourceH":16}, 
    "cat_fishing_icon_6_png":{"x":580,"y": 932,"w": 37, "h":55,"offX":0,"offY":0,"sourceW":37,"sourceH":55}, 
    "cat_fishing_icon_gold_png":{"x":338,"y": 932,"w": 241, "h":55,"offX":0,"offY":0,"sourceW":241,"sourceH":55}, 
    "cat_fishing_panel_2_png":{"x":1,"y": 932,"w": 206, "h":67,"offX":0,"offY":0,"sourceW":206,"sourceH":67}, 
    "cat_fishing_sky_png":{"x":1,"y": 1,"w": 750, "h":681,"offX":0,"offY":0,"sourceW":750,"sourceH":681}, 
    "cat_fishing_star_png":{"x":282,"y": 932,"w": 55, "h":62,"offX":0,"offY":0,"sourceW":55,"sourceH":62}
},
"SmartUpdateHash": "$TexturePacker:SmartUpdate:f74b15e16d4441a814d48f269fecc189:f7a90e8e216a0099c921b05aef32f28e:dae4029391fc70eea67f4a810404c48a$"
}