{
"file": "bottom_bar_sheet1.png",
"frames": {
    "bb_bg_png":{"x":1,"y": 1,"w": 750, "h":156,"offX":0,"offY":0,"sourceW":750,"sourceH":156}, 
    "bb_icon_1_1_png":{"x":621,"y": 158,"w": 70, "h":75,"offX":0,"offY":0,"sourceW":70,"sourceH":75}, 
    "bb_icon_1_2_png":{"x":1,"y": 158,"w": 123, "h":123,"offX":0,"offY":0,"sourceW":123,"sourceH":123}, 
    "bb_icon_2_1_png":{"x":621,"y": 234,"w": 50, "h":84,"offX":0,"offY":0,"sourceW":50,"sourceH":84}, 
    "bb_icon_2_2_png":{"x":125,"y": 158,"w": 123, "h":123,"offX":0,"offY":0,"sourceW":123,"sourceH":123}, 
    "bb_icon_3_1_png":{"x":1,"y": 282,"w": 64, "h":70,"offX":0,"offY":0,"sourceW":64,"sourceH":70}, 
    "bb_icon_3_2_png":{"x":249,"y": 158,"w": 123, "h":123,"offX":0,"offY":0,"sourceW":123,"sourceH":123}, 
    "bb_icon_4_1_png":{"x":672,"y": 234,"w": 52, "h":80,"offX":0,"offY":0,"sourceW":52,"sourceH":80}, 
    "bb_icon_4_2_png":{"x":373,"y": 158,"w": 123, "h":123,"offX":0,"offY":0,"sourceW":123,"sourceH":123}, 
    "bb_icon_5_1_png":{"x":692,"y": 158,"w": 54, "h":75,"offX":0,"offY":0,"sourceW":54,"sourceH":75}, 
    "bb_icon_5_2_png":{"x":497,"y": 158,"w": 123, "h":123,"offX":0,"offY":0,"sourceW":123,"sourceH":123}
},
"SmartUpdateHash": "$TexturePacker:SmartUpdate:b5c4d1023e986bca3e145b4db0b89822:1e5d94d051faded59b6e4bd426ce4eb3:1120c420914f8a67d5bd04ff7c2b00f6$"
}