{
"file": "zoo_animal_sheet2.png",
"frames": {
    "zoo_animal_10_3_png":{"x":1,"y": 1,"w": 274, "h":201,"offX":0,"offY":0,"sourceW":276,"sourceH":201}, 
    "zoo_animal_10_5_png":{"x":276,"y": 1,"w": 270, "h":195,"offX":3,"offY":6,"sourceW":276,"sourceH":201}, 
    "zoo_animal_10_6_png":{"x":276,"y": 197,"w": 270, "h":193,"offX":4,"offY":8,"sourceW":276,"sourceH":201}, 
    "zoo_animal_11_2_png":{"x":1,"y": 576,"w": 163, "h":154,"offX":4,"offY":2,"sourceW":167,"sourceH":158}, 
    "zoo_animal_12_1_png":{"x":547,"y": 206,"w": 199, "h":224,"offX":0,"offY":0,"sourceW":213,"sourceH":250}, 
    "zoo_animal_12_2_png":{"x":1,"y": 359,"w": 199, "h":216,"offX":0,"offY":10,"sourceW":213,"sourceH":250}, 
    "zoo_animal_12_4_png":{"x":547,"y": 1,"w": 211, "h":204,"offX":0,"offY":37,"sourceW":213,"sourceH":250}, 
    "zoo_animal_4_1_png":{"x":267,"y": 730,"w": 86, "h":127,"offX":4,"offY":8,"sourceW":102,"sourceH":143}, 
    "zoo_animal_4_2_png":{"x":637,"y": 577,"w": 86, "h":123,"offX":4,"offY":12,"sourceW":102,"sourceH":143}, 
    "zoo_animal_4_4_png":{"x":548,"y": 431,"w": 86, "h":125,"offX":4,"offY":12,"sourceW":102,"sourceH":143}, 
    "zoo_animal_4_5_png":{"x":354,"y": 729,"w": 86, "h":127,"offX":4,"offY":8,"sourceW":102,"sourceH":143}, 
    "zoo_animal_5_1_png":{"x":1,"y": 731,"w": 130, "h":129,"offX":0,"offY":14,"sourceW":150,"sourceH":151}, 
    "zoo_animal_5_2_png":{"x":441,"y": 729,"w": 144, "h":125,"offX":0,"offY":9,"sourceW":150,"sourceH":151}, 
    "zoo_animal_5_4_png":{"x":132,"y": 731,"w": 134, "h":127,"offX":1,"offY":17,"sourceW":150,"sourceH":151}, 
    "zoo_animal_5_7_png":{"x":586,"y": 723,"w": 144, "h":139,"offX":0,"offY":7,"sourceW":150,"sourceH":151}, 
    "zoo_animal_6_4_png":{"x":321,"y": 431,"w": 108, "h":143,"offX":2,"offY":2,"sourceW":110,"sourceH":145}, 
    "zoo_animal_6_5_png":{"x":637,"y": 431,"w": 106, "h":145,"offX":3,"offY":0,"sourceW":110,"sourceH":145}, 
    "zoo_animal_7_3_png":{"x":430,"y": 431,"w": 117, "h":141,"offX":0,"offY":6,"sourceW":133,"sourceH":147}, 
    "zoo_animal_7_6_png":{"x":201,"y": 431,"w": 119, "h":143,"offX":11,"offY":4,"sourceW":133,"sourceH":147}, 
    "zoo_animal_7_8_png":{"x":201,"y": 431,"w": 119, "h":143,"offX":11,"offY":4,"sourceW":133,"sourceH":147}, 
    "zoo_animal_8_1_png":{"x":1,"y": 203,"w": 219, "h":155,"offX":16,"offY":17,"sourceW":235,"sourceH":183}, 
    "zoo_animal_9_2_png":{"x":327,"y": 575,"w": 155, "h":153,"offX":0,"offY":2,"sourceW":167,"sourceH":155}, 
    "zoo_animal_9_4_png":{"x":165,"y": 576,"w": 161, "h":153,"offX":0,"offY":1,"sourceW":167,"sourceH":155}, 
    "zoo_animal_9_5_png":{"x":483,"y": 573,"w": 153, "h":149,"offX":0,"offY":5,"sourceW":167,"sourceH":155}
},
"SmartUpdateHash": "$TexturePacker:SmartUpdate:ccadff4984e6654f1eb00371cb3126b3:913a6ba9dcb8e51810c9860d77a2a6cf:3957d3a19c760c279f00860c01df9410$"
}