{
"file": "zoo_animal_sheet3.png",
"frames": {
    "zoo_animal_10_1_png":{"x":1,"y": 201,"w": 268, "h":195,"offX":4,"offY":6,"sourceW":276,"sourceH":201}, 
    "zoo_animal_10_2_png":{"x":1,"y": 1,"w": 272, "h":199,"offX":1,"offY":2,"sourceW":276,"sourceH":201}, 
    "zoo_animal_11_4_png":{"x":371,"y": 451,"w": 155, "h":154,"offX":12,"offY":4,"sourceW":167,"sourceH":158}, 
    "zoo_animal_11_6_png":{"x":213,"y": 397,"w": 157, "h":156,"offX":10,"offY":0,"sourceW":167,"sourceH":158}, 
    "zoo_animal_11_7_png":{"x":213,"y": 554,"w": 157, "h":156,"offX":10,"offY":1,"sourceW":167,"sourceH":158}, 
    "zoo_animal_12_3_png":{"x":1,"y": 397,"w": 211, "h":214,"offX":0,"offY":19,"sourceW":213,"sourceH":250}, 
    "zoo_animal_12_6_png":{"x":274,"y": 1,"w": 205, "h":208,"offX":0,"offY":42,"sourceW":213,"sourceH":250}, 
    "zoo_animal_3_1_png":{"x":682,"y": 149,"w": 72, "h":132,"offX":0,"offY":0,"sourceW":72,"sourceH":132}, 
    "zoo_animal_3_2_png":{"x":593,"y": 599,"w": 68, "h":132,"offX":3,"offY":0,"sourceW":72,"sourceH":132}, 
    "zoo_animal_3_3_png":{"x":682,"y": 282,"w": 72, "h":132,"offX":0,"offY":0,"sourceW":72,"sourceH":132}, 
    "zoo_animal_3_4_png":{"x":662,"y": 551,"w": 72, "h":132,"offX":0,"offY":0,"sourceW":72,"sourceH":132}, 
    "zoo_animal_4_3_png":{"x":506,"y": 606,"w": 86, "h":133,"offX":4,"offY":0,"sourceW":102,"sourceH":143}, 
    "zoo_animal_4_6_png":{"x":506,"y": 606,"w": 86, "h":133,"offX":4,"offY":0,"sourceW":102,"sourceH":143}, 
    "zoo_animal_5_3_png":{"x":1,"y": 612,"w": 134, "h":127,"offX":0,"offY":14,"sourceW":150,"sourceH":151}, 
    "zoo_animal_5_5_png":{"x":371,"y": 606,"w": 134, "h":133,"offX":0,"offY":11,"sourceW":150,"sourceH":151}, 
    "zoo_animal_6_3_png":{"x":647,"y": 415,"w": 104, "h":135,"offX":2,"offY":2,"sourceW":110,"sourceH":145}, 
    "zoo_animal_7_7_png":{"x":527,"y": 451,"w": 119, "h":147,"offX":14,"offY":0,"sourceW":133,"sourceH":147}, 
    "zoo_animal_8_2_png":{"x":270,"y": 210,"w": 203, "h":143,"offX":16,"offY":12,"sourceW":235,"sourceH":183}, 
    "zoo_animal_8_3_png":{"x":480,"y": 149,"w": 201, "h":145,"offX":17,"offY":20,"sourceW":235,"sourceH":183}, 
    "zoo_animal_8_5_png":{"x":480,"y": 1,"w": 219, "h":147,"offX":3,"offY":1,"sourceW":235,"sourceH":183}, 
    "zoo_animal_9_1_png":{"x":474,"y": 295,"w": 167, "h":155,"offX":0,"offY":0,"sourceW":167,"sourceH":155}
},
"SmartUpdateHash": "$TexturePacker:SmartUpdate:ccadff4984e6654f1eb00371cb3126b3:913a6ba9dcb8e51810c9860d77a2a6cf:3957d3a19c760c279f00860c01df9410$"
}