{
"file": "farm_sheet3.png",
"frames": {
    "farm_arrow_png":{"x":682,"y": 230,"w": 62, "h":64,"offX":0,"offY":0,"sourceW":62,"sourceH":64}, 
    "farm_b_cow_png":{"x":229,"y": 760,"w": 192, "h":160,"offX":4,"offY":18,"sourceW":200,"sourceH":200}, 
    "farm_b_greens_png":{"x":420,"y": 317,"w": 190, "h":168,"offX":4,"offY":9,"sourceW":200,"sourceH":200}, 
    "farm_b_hen_png":{"x":229,"y": 133,"w": 182, "h":194,"offX":10,"offY":3,"sourceW":200,"sourceH":200}, 
    "farm_b_onion_png":{"x":229,"y": 328,"w": 190, "h":172,"offX":4,"offY":16,"sourceW":200,"sourceH":200}, 
    "farm_b_rice_png":{"x":217,"y": 501,"w": 194, "h":164,"offX":3,"offY":15,"sourceW":200,"sourceH":200}, 
    "farm_b_wheat_png":{"x":1,"y": 682,"w": 198, "h":176,"offX":1,"offY":14,"sourceW":200,"sourceH":200}, 
    "farm_bet_bg1_png":{"x":655,"y": 804,"w": 68, "h":28,"offX":0,"offY":0,"sourceW":68,"sourceH":28}, 
    "farm_bet_bg2_png":{"x":316,"y": 954,"w": 68, "h":28,"offX":0,"offY":0,"sourceW":68,"sourceH":28}, 
    "farm_bg_3_png":{"x":1,"y": 1,"w": 750, "h":131,"offX":0,"offY":0,"sourceW":750,"sourceH":131}, 
    "farm_bg_missing_png":{"x":412,"y": 133,"w": 277, "h":96,"offX":0,"offY":0,"sourceW":277,"sourceH":96}, 
    "farm_btn_add_png":{"x":690,"y": 133,"w": 59, "h":59,"offX":0,"offY":0,"sourceW":59,"sourceH":59}, 
    "farm_btn_bet2_png":{"x":316,"y": 921,"w": 97, "h":32,"offX":0,"offY":0,"sourceW":97,"sourceH":32}, 
    "farm_btn_menu_png":{"x":648,"y": 528,"w": 71, "h":71,"offX":0,"offY":0,"sourceW":71,"sourceH":71}, 
    "farm_btn_pray_png":{"x":655,"y": 600,"w": 64, "h":110,"offX":0,"offY":0,"sourceW":64,"sourceH":110}, 
    "farm_btn_reward_png":{"x":657,"y": 833,"w": 71, "h":71,"offX":0,"offY":0,"sourceW":71,"sourceH":71}, 
    "farm_coin_bet2_png":{"x":229,"y": 921,"w": 86, "h":67,"offX":0,"offY":0,"sourceW":86,"sourceH":67}, 
    "farm_coin_bg_png":{"x":217,"y": 666,"w": 210, "h":93,"offX":0,"offY":0,"sourceW":210,"sourceH":93}, 
    "farm_girl_png":{"x":1,"y": 133,"w": 227, "h":289,"offX":0,"offY":0,"sourceW":227,"sourceH":289}, 
    "farm_main_return_png":{"x":657,"y": 905,"w": 71, "h":71,"offX":0,"offY":0,"sourceW":71,"sourceH":71}, 
    "farm_menu_bg_png":{"x":412,"y": 230,"w": 269, "h":86,"offX":0,"offY":0,"sourceW":269,"sourceH":86}, 
    "farm_r_disaster_png":{"x":657,"y": 424,"w": 94, "h":103,"offX":0,"offY":0,"sourceW":94,"sourceH":103}, 
    "farm_r_food_png":{"x":655,"y": 711,"w": 90, "h":92,"offX":0,"offY":0,"sourceW":90,"sourceH":92}, 
    "farm_sign_left_png":{"x":428,"y": 614,"w": 226, "h":123,"offX":0,"offY":0,"sourceW":226,"sourceH":123}, 
    "farm_sign_right_png":{"x":428,"y": 738,"w": 226, "h":123,"offX":0,"offY":0,"sourceW":226,"sourceH":123}, 
    "farm_t_crab_png":{"x":540,"y": 862,"w": 116, "h":84,"offX":0,"offY":0,"sourceW":116,"sourceH":84}, 
    "farm_t_culture_png":{"x":1,"y": 859,"w": 227, "h":129,"offX":0,"offY":0,"sourceW":227,"sourceH":129}, 
    "farm_t_hen_png":{"x":611,"y": 317,"w": 98, "h":106,"offX":0,"offY":0,"sourceW":98,"sourceH":106}, 
    "farm_t_planting_png":{"x":420,"y": 486,"w": 227, "h":127,"offX":0,"offY":0,"sourceW":227,"sourceH":127}, 
    "farm_t_shrimp_png":{"x":422,"y": 862,"w": 117, "h":77,"offX":0,"offY":0,"sourceW":117,"sourceH":77}, 
    "farm_type_arrow_png":{"x":1,"y": 423,"w": 215, "h":258,"offX":0,"offY":0,"sourceW":215,"sourceH":258}
},
"SmartUpdateHash": "$TexturePacker:SmartUpdate:d2614d114ea005282d2b37f05e97cdba:a5bce7fc4553fc345d931427ba4329cc:9a26d53ae2c8adf2608f224413a00f55$"
}