{
"file": "farm_sheet2.png",
"frames": {
    "farm_arrow_down_png":{"x":423,"y": 913,"w": 30, "h":15,"offX":0,"offY":0,"sourceW":30,"sourceH":15}, 
    "farm_bet_name_png":{"x":614,"y": 821,"w": 113, "h":31,"offX":0,"offY":0,"sourceW":113,"sourceH":31}, 
    "farm_btn_cancel_png":{"x":614,"y": 494,"w": 101, "h":110,"offX":0,"offY":0,"sourceW":101,"sourceH":110}, 
    "farm_btn_goon_png":{"x":614,"y": 605,"w": 101, "h":110,"offX":0,"offY":0,"sourceW":101,"sourceH":110}, 
    "farm_bubble_png":{"x":466,"y": 860,"w": 268, "h":128,"offX":0,"offY":0,"sourceW":268,"sourceH":128}, 
    "farm_menu1_png":{"x":716,"y": 494,"w": 43, "h":43,"offX":0,"offY":0,"sourceW":43,"sourceH":43}, 
    "farm_menu2_png":{"x":716,"y": 538,"w": 43, "h":43,"offX":0,"offY":0,"sourceW":43,"sourceH":43}, 
    "farm_menu3_png":{"x":716,"y": 582,"w": 43, "h":43,"offX":0,"offY":0,"sourceW":43,"sourceH":43}, 
    "farm_progress1_png":{"x":423,"y": 989,"w": 124, "h":9,"offX":0,"offY":0,"sourceW":124,"sourceH":9}, 
    "farm_progress2_png":{"x":548,"y": 989,"w": 124, "h":9,"offX":0,"offY":0,"sourceW":124,"sourceH":9}, 
    "farm_r_aquatic_png":{"x":301,"y": 913,"w": 121, "h":82,"offX":0,"offY":0,"sourceW":121,"sourceH":82}, 
    "farm_r_bg1_png":{"x":1,"y": 1,"w": 750, "h":492,"offX":0,"offY":0,"sourceW":750,"sourceH":492}, 
    "farm_r_men_png":{"x":1,"y": 494,"w": 464, "h":418,"offX":0,"offY":0,"sourceW":464,"sourceH":418}, 
    "farm_r_title_png":{"x":1,"y": 913,"w": 299, "h":81,"offX":0,"offY":0,"sourceW":299,"sourceH":81}, 
    "farm_t_wheat_png":{"x":614,"y": 716,"w": 118, "h":104,"offX":0,"offY":0,"sourceW":118,"sourceH":104}, 
    "farm_type_bg_png":{"x":466,"y": 494,"w": 147, "h":365,"offX":0,"offY":0,"sourceW":147,"sourceH":365}
},
"SmartUpdateHash": "$TexturePacker:SmartUpdate:d2614d114ea005282d2b37f05e97cdba:a5bce7fc4553fc345d931427ba4329cc:9a26d53ae2c8adf2608f224413a00f55$"
}