{
"file": "farm_sheet4.png",
"frames": {
    "farm_b_crab_png":{"x":1,"y": 148,"w": 194, "h":142,"offX":3,"offY":27,"sourceW":200,"sourceH":200}, 
    "farm_b_disaster_png":{"x":192,"y": 422,"w": 172, "h":162,"offX":18,"offY":13,"sourceW":200,"sourceH":200}, 
    "farm_b_fish_png":{"x":1,"y": 1,"w": 198, "h":146,"offX":0,"offY":32,"sourceW":200,"sourceH":200}, 
    "farm_b_maize_png":{"x":200,"y": 132,"w": 194, "h":154,"offX":5,"offY":23,"sourceW":200,"sourceH":200}, 
    "farm_b_pea_png":{"x":1,"y": 291,"w": 190, "h":146,"offX":8,"offY":40,"sourceW":200,"sourceH":200}, 
    "farm_b_pig_png":{"x":196,"y": 287,"w": 194, "h":134,"offX":5,"offY":34,"sourceW":200,"sourceH":200}, 
    "farm_b_shrimp_png":{"x":200,"y": 1,"w": 196, "h":130,"offX":3,"offY":35,"sourceW":200,"sourceH":200}, 
    "farm_bg_odds_png":{"x":270,"y": 880,"w": 82, "h":44,"offX":0,"offY":0,"sourceW":82,"sourceH":44}, 
    "farm_btn_bet1_png":{"x":154,"y": 888,"w": 97, "h":32,"offX":0,"offY":0,"sourceW":97,"sourceH":32}, 
    "farm_coin_png":{"x":385,"y": 847,"w": 86, "h":67,"offX":0,"offY":0,"sourceW":86,"sourceH":67}, 
    "farm_coin_bet1_png":{"x":385,"y": 847,"w": 86, "h":67,"offX":0,"offY":0,"sourceW":86,"sourceH":67}, 
    "farm_r_culture_png":{"x":1,"y": 567,"w": 155, "h":104,"offX":0,"offY":0,"sourceW":155,"sourceH":104}, 
    "farm_r_livestock_png":{"x":397,"y": 1,"w": 112, "h":78,"offX":0,"offY":0,"sourceW":112,"sourceH":78}, 
    "farm_r_planting_png":{"x":157,"y": 585,"w": 155, "h":102,"offX":0,"offY":0,"sourceW":155,"sourceH":102}, 
    "farm_r_veg_png":{"x":397,"y": 80,"w": 107, "h":90,"offX":0,"offY":0,"sourceW":107,"sourceH":90}, 
    "farm_t_aquatic_png":{"x":313,"y": 656,"w": 152, "h":110,"offX":0,"offY":0,"sourceW":152,"sourceH":110}, 
    "farm_t_cow_png":{"x":154,"y": 792,"w": 115, "h":95,"offX":0,"offY":0,"sourceW":115,"sourceH":95}, 
    "farm_t_disaster_png":{"x":1,"y": 438,"w": 166, "h":128,"offX":0,"offY":0,"sourceW":166,"sourceH":128}, 
    "farm_t_fish_png":{"x":365,"y": 475,"w": 119, "h":87,"offX":0,"offY":0,"sourceW":119,"sourceH":87}, 
    "farm_t_food_png":{"x":1,"y": 672,"w": 152, "h":117,"offX":0,"offY":0,"sourceW":152,"sourceH":117}, 
    "farm_t_greens_png":{"x":395,"y": 274,"w": 114, "h":101,"offX":0,"offY":0,"sourceW":114,"sourceH":101}, 
    "farm_t_livestock_png":{"x":154,"y": 688,"w": 152, "h":103,"offX":0,"offY":0,"sourceW":152,"sourceH":103}, 
    "farm_t_maize_png":{"x":365,"y": 563,"w": 116, "h":92,"offX":0,"offY":0,"sourceW":116,"sourceH":92}, 
    "farm_t_onion_png":{"x":395,"y": 171,"w": 114, "h":102,"offX":0,"offY":0,"sourceW":114,"sourceH":102}, 
    "farm_t_pea_png":{"x":270,"y": 792,"w": 114, "h":87,"offX":0,"offY":0,"sourceW":114,"sourceH":87}, 
    "farm_t_pig_png":{"x":385,"y": 767,"w": 115, "h":79,"offX":0,"offY":0,"sourceW":115,"sourceH":79}, 
    "farm_t_rice_png":{"x":391,"y": 376,"w": 116, "h":98,"offX":0,"offY":0,"sourceW":116,"sourceH":98}, 
    "farm_t_veg_png":{"x":1,"y": 790,"w": 152, "h":115,"offX":0,"offY":0,"sourceW":152,"sourceH":115}
},
"SmartUpdateHash": "$TexturePacker:SmartUpdate:d2614d114ea005282d2b37f05e97cdba:a5bce7fc4553fc345d931427ba4329cc:9a26d53ae2c8adf2608f224413a00f55$"
}