{
"file": "login_aileyouxiba_sheet1.png",
"frames": {
    "login_aileyouxiba_1_png":{"x":1,"y": 1,"w": 637, "h":410,"offX":0,"offY":2,"sourceW":637,"sourceH":412}, 
    "login_aileyouxiba_10_png":{"x":164,"y": 412,"w": 162, "h":166,"offX":0,"offY":0,"sourceW":162,"sourceH":166}, 
    "login_aileyouxiba_12_png":{"x":639,"y": 71,"w": 96, "h":97,"offX":0,"offY":0,"sourceW":96,"sourceH":97}, 
    "login_aileyouxiba_13_png":{"x":639,"y": 169,"w": 88, "h":91,"offX":4,"offY":4,"sourceW":96,"sourceH":97}, 
    "login_aileyouxiba_2_png":{"x":327,"y": 412,"w": 425, "h":108,"offX":4,"offY":2,"sourceW":433,"sourceH":114}, 
    "login_aileyouxiba_4_png":{"x":639,"y": 1,"w": 120, "h":69,"offX":0,"offY":1,"sourceW":120,"sourceH":71}, 
    "login_aileyouxiba_6_png":{"x":639,"y": 261,"w": 84, "h":93,"offX":6,"offY":3,"sourceW":96,"sourceH":97}, 
    "login_aileyouxiba_8_png":{"x":1,"y": 412,"w": 162, "h":167,"offX":3,"offY":1,"sourceW":168,"sourceH":171}, 
    "login_aileyouxiba_9_png":{"x":327,"y": 521,"w": 312, "h":49,"offX":0,"offY":2,"sourceW":312,"sourceH":51}
},
"SmartUpdateHash": "$TexturePacker:SmartUpdate:264f30b1ceccf7c3634ab4049c82cc89:e57c0d799d63f8053e00dbadf7a5cf05:9f7cea69143842451285bfaad9fcc27e$"
}