{
"file": "luck_open_record_sheet2.png",
"frames": {
    "luck_open_bg2_png":{"x":1,"y": 1,"w": 712, "h":907,"offX":0,"offY":0,"sourceW":712,"sourceH":907}, 
    "luck_open_btn1_png":{"x":1,"y": 909,"w": 101, "h":50,"offX":0,"offY":0,"sourceW":101,"sourceH":50}, 
    "luck_open_btn2_png":{"x":103,"y": 909,"w": 101, "h":50,"offX":0,"offY":0,"sourceW":101,"sourceH":50}, 
    "luck_open_btn3_png":{"x":205,"y": 909,"w": 101, "h":50,"offX":0,"offY":0,"sourceW":101,"sourceH":50}, 
    "luck_open_btn4_png":{"x":307,"y": 909,"w": 101, "h":50,"offX":0,"offY":0,"sourceW":101,"sourceH":50}, 
    "luck_open_dot1_png":{"x":542,"y": 909,"w": 34, "h":34,"offX":0,"offY":0,"sourceW":34,"sourceH":34}, 
    "luck_open_dot2_png":{"x":577,"y": 909,"w": 34, "h":34,"offX":0,"offY":0,"sourceW":34,"sourceH":34}, 
    "luck_open_recent_png":{"x":409,"y": 909,"w": 132, "h":43,"offX":0,"offY":0,"sourceW":132,"sourceH":43}
},
"SmartUpdateHash": "$TexturePacker:SmartUpdate:f8f1e9861a781daa162ddcbb2c74f6e0:57363a4aad19fee3dc0a0b89f8e39b9f:54f033f919b85cff9051df0eda7e198a$"
}