{
"file": "zoopc_sheet6.png",
"frames": {
    "zoopc_1006_png":{"x":392,"y": 1,"w": 348, "h":355,"offX":24,"offY":15,"sourceW":396,"sourceH":401}, 
    "zoopc_1008_png":{"x":1,"y": 1,"w": 390, "h":397,"offX":3,"offY":0,"sourceW":396,"sourceH":401}, 
    "zoopc_1036_png":{"x":1,"y": 399,"w": 392, "h":386,"offX":0,"offY":0,"sourceW":392,"sourceH":386}, 
    "zoopc_1066_png":{"x":1,"y": 786,"w": 196, "h":196,"offX":0,"offY":0,"sourceW":196,"sourceH":196}, 
    "zoopc_1089_png":{"x":198,"y": 786,"w": 185, "h":191,"offX":49,"offY":33,"sourceW":283,"sourceH":285}, 
    "zoopc_1093_png":{"x":394,"y": 699,"w": 279, "h":283,"offX":2,"offY":0,"sourceW":283,"sourceH":285}, 
    "zoopc_848_png":{"x":394,"y": 357,"w": 176, "h":341,"offX":0,"offY":0,"sourceW":176,"sourceH":341}
},
"SmartUpdateHash": "$TexturePacker:SmartUpdate:f79fd74418f911686ff84d8b0e1bc876:1ec79295f31c83c0b6cd8367eefd2a86:f34002ecc052de056600da3f7103cc4a$"
}