{
"file": "zoopc_sheet3.png",
"frames": {
    "zoopc_1005_png":{"x":1,"y": 495,"w": 312, "h":319,"offX":41,"offY":27,"sourceW":396,"sourceH":401}, 
    "zoopc_1088_png":{"x":314,"y": 495,"w": 143, "h":145,"offX":70,"offY":54,"sourceW":283,"sourceH":285}, 
    "zoopc_785_png":{"x":314,"y": 679,"w": 314, "h":314,"offX":0,"offY":0,"sourceW":314,"sourceH":314}, 
    "zoopc_849_png":{"x":463,"y": 1,"w": 284, "h":345,"offX":0,"offY":0,"sourceW":284,"sourceH":345}, 
    "zoopc_993_png":{"x":463,"y": 347,"w": 295, "h":331,"offX":79,"offY":104,"sourceW":481,"sourceH":565}, 
    "zoopc_997_png":{"x":1,"y": 1,"w": 461, "h":493,"offX":20,"offY":44,"sourceW":481,"sourceH":565}
},
"SmartUpdateHash": "$TexturePacker:SmartUpdate:f79fd74418f911686ff84d8b0e1bc876:1ec79295f31c83c0b6cd8367eefd2a86:f34002ecc052de056600da3f7103cc4a$"
}