{
"file": "zoopc_sheet1.png",
"frames": {
    "zoopc_1001_png":{"x":225,"y": 1,"w": 479, "h":565,"offX":0,"offY":0,"sourceW":481,"sourceH":565}, 
    "zoopc_1009_png":{"x":225,"y": 567,"w": 396, "h":401,"offX":0,"offY":0,"sourceW":396,"sourceH":401}, 
    "zoopc_1010_png":{"x":622,"y": 567,"w": 124, "h":127,"offX":138,"offY":113,"sourceW":396,"sourceH":401}, 
    "zoopc_1068_png":{"x":1,"y": 1,"w": 223, "h":900,"offX":0,"offY":0,"sourceW":223,"sourceH":900}, 
    "zoopc_1095_png":{"x":622,"y": 695,"w": 89, "h":91,"offX":99,"offY":80,"sourceW":283,"sourceH":285}
},
"SmartUpdateHash": "$TexturePacker:SmartUpdate:f79fd74418f911686ff84d8b0e1bc876:1ec79295f31c83c0b6cd8367eefd2a86:f34002ecc052de056600da3f7103cc4a$"
}