{
"file": "login_mayiyoule_sheet2.png",
"frames": {
    "login_mayiyoule_12_png":{"x":1,"y": 147,"w": 134, "h":106,"offX":0,"offY":0,"sourceW":134,"sourceH":106}, 
    "login_mayiyoule_4_png":{"x":136,"y": 147,"w": 125, "h":80,"offX":0,"offY":0,"sourceW":125,"sourceH":80}, 
    "login_mayiyoule_9_png":{"x":1,"y": 1,"w": 253, "h":145,"offX":4,"offY":2,"sourceW":257,"sourceH":157}
},
"SmartUpdateHash": "$TexturePacker:SmartUpdate:9f7d3ee1281d6648e99db646f5347643:f9e1a29a8fa0c8e7567dc84c28af3ac5:5c8b5f7369c4ab8bb1af2cb6aac0d85b$"
}