{
"file": "guess_daily_sheet2.png",
"frames": {
    "guess_daily_bg1_png":{"x":1,"y": 1,"w": 681, "h":238,"offX":0,"offY":0,"sourceW":681,"sourceH":238}, 
    "guess_daily_bg3_png":{"x":1,"y": 240,"w": 615, "h":498,"offX":0,"offY":0,"sourceW":615,"sourceH":498}, 
    "guess_daily_light_png":{"x":1,"y": 739,"w": 420, "h":244,"offX":0,"offY":0,"sourceW":420,"sourceH":244}
},
"SmartUpdateHash": "$TexturePacker:SmartUpdate:ce1b44a252e8f6fb9acfa492a98a7e9d:868f3291d40978452f525298c377a4c2:9f4fa30fcd4cfc1a0b1ebf5b83498b97$"
}