{
"file": "zoo_frenzy_num_sheet1.png",
"frames": {
    "zoo_frenzy_num_2_png":{"x":1,"y": 587,"w": 162, "h":207,"offX":7,"offY":0,"sourceW":176,"sourceH":207}, 
    "zoo_frenzy_num_3_png":{"x":1,"y": 209,"w": 172, "h":207,"offX":2,"offY":0,"sourceW":176,"sourceH":207}, 
    "zoo_frenzy_num_4_png":{"x":1,"y": 1,"w": 176, "h":207,"offX":0,"offY":0,"sourceW":176,"sourceH":207}, 
    "zoo_frenzy_num_lit_2_png":{"x":174,"y": 281,"w": 64, "h":80,"offX":3,"offY":0,"sourceW":70,"sourceH":80}, 
    "zoo_frenzy_num_lit_3_png":{"x":172,"y": 417,"w": 68, "h":80,"offX":1,"offY":0,"sourceW":70,"sourceH":80}, 
    "zoo_frenzy_num_lit_4_png":{"x":164,"y": 587,"w": 70, "h":80,"offX":0,"offY":0,"sourceW":70,"sourceH":80}, 
    "zoo_frenzy_num_lit_solid_2_png":{"x":178,"y": 208,"w": 56, "h":72,"offX":7,"offY":4,"sourceW":70,"sourceH":80}, 
    "zoo_frenzy_num_lit_solid_3_png":{"x":178,"y": 74,"w": 60, "h":72,"offX":5,"offY":4,"sourceW":70,"sourceH":80}, 
    "zoo_frenzy_num_lit_solid_4_png":{"x":178,"y": 1,"w": 62, "h":72,"offX":4,"offY":4,"sourceW":70,"sourceH":80}, 
    "zoo_frenzy_num_lit_solid_x_png":{"x":178,"y": 147,"w": 60, "h":60,"offX":4,"offY":16,"sourceW":70,"sourceH":80}, 
    "zoo_frenzy_num_lit_x_png":{"x":172,"y": 498,"w": 68, "h":68,"offX":0,"offY":12,"sourceW":70,"sourceH":80}, 
    "zoo_frenzy_num_x_png":{"x":1,"y": 417,"w": 170, "h":169,"offX":2,"offY":38,"sourceW":176,"sourceH":207}
},
"SmartUpdateHash": "$TexturePacker:SmartUpdate:9fe2616764cb2efcb82c814d7c49289b:e49b58a64acb1a62b9552b3ea5470791:530fe50185b540408ee9ac3248668fa5$"
}