{
"file": "login_laiyun_sheet1.png",
"frames": {
    "login_laiyun_12_png":{"x":1,"y": 1,"w": 659, "h":635,"offX":0,"offY":0,"sourceW":659,"sourceH":635}, 
    "login_laiyun_5_png":{"x":492,"y": 637,"w": 224, "h":91,"offX":0,"offY":0,"sourceW":224,"sourceH":91}, 
    "login_laiyun_6_png":{"x":1,"y": 637,"w": 490, "h":324,"offX":0,"offY":0,"sourceW":490,"sourceH":324}, 
    "login_laiyun_8_png":{"x":492,"y": 729,"w": 207, "h":190,"offX":0,"offY":0,"sourceW":207,"sourceH":190}
},
"SmartUpdateHash": "$TexturePacker:SmartUpdate:4468a1ac9f7fd25dc4dd3e6700c0583a:92b5b9b514d3be035e5ceac488959ab2:0b53997dcb8554c922821a5dab842a58$"
}