{
"file": "login_laiyun_sheet3.png",
"frames": {
    "login_laiyun_10_png":{"x":416,"y": 636,"w": 145, "h":90,"offX":0,"offY":0,"sourceW":145,"sourceH":90}, 
    "login_laiyun_13_png":{"x":1,"y": 1,"w": 656, "h":634,"offX":0,"offY":0,"sourceW":656,"sourceH":634}, 
    "login_laiyun_7_png":{"x":1,"y": 636,"w": 207, "h":190,"offX":0,"offY":0,"sourceW":207,"sourceH":190}, 
    "login_laiyun_9_png":{"x":209,"y": 636,"w": 206, "h":189,"offX":0,"offY":0,"sourceW":206,"sourceH":189}
},
"SmartUpdateHash": "$TexturePacker:SmartUpdate:4468a1ac9f7fd25dc4dd3e6700c0583a:92b5b9b514d3be035e5ceac488959ab2:0b53997dcb8554c922821a5dab842a58$"
}