{
"file": "login_fengkuangjingji_sheet1.png",
"frames": {
    "login_fengkuangjingji_10_png":{"x":433,"y": 927,"w": 132, "h":46,"offX":0,"offY":0,"sourceW":132,"sourceH":46}, 
    "login_fengkuangjingji_11_png":{"x":1,"y": 879,"w": 430, "h":71,"offX":0,"offY":0,"sourceW":430,"sourceH":71}, 
    "login_fengkuangjingji_12_png":{"x":566,"y": 927,"w": 127, "h":47,"offX":0,"offY":0,"sourceW":127,"sourceH":47}, 
    "login_fengkuangjingji_13_png":{"x":1,"y": 879,"w": 430, "h":71,"offX":0,"offY":0,"sourceW":430,"sourceH":71}, 
    "login_fengkuangjingji_14_png":{"x":433,"y": 927,"w": 132, "h":46,"offX":0,"offY":0,"sourceW":132,"sourceH":46}, 
    "login_fengkuangjingji_15_png":{"x":1,"y": 879,"w": 430, "h":71,"offX":0,"offY":0,"sourceW":430,"sourceH":71}, 
    "login_fengkuangjingji_16_png":{"x":566,"y": 927,"w": 127, "h":47,"offX":0,"offY":0,"sourceW":127,"sourceH":47}, 
    "login_fengkuangjingji_17_png":{"x":432,"y": 855,"w": 323, "h":71,"offX":0,"offY":0,"sourceW":323,"sourceH":71}, 
    "login_fengkuangjingji_18_png":{"x":1,"y": 951,"w": 300, "h":38,"offX":0,"offY":0,"sourceW":300,"sourceH":38}, 
    "login_fengkuangjingji_2_png":{"x":251,"y": 618,"w": 382, "h":138,"offX":0,"offY":0,"sourceW":382,"sourceH":138}, 
    "login_fengkuangjingji_20_png":{"x":302,"y": 951,"w": 130, "h":44,"offX":0,"offY":0,"sourceW":130,"sourceH":44}, 
    "login_fengkuangjingji_21_png":{"x":251,"y": 757,"w": 291, "h":97,"offX":0,"offY":0,"sourceW":291,"sourceH":97}, 
    "login_fengkuangjingji_3_png":{"x":1,"y": 1,"w": 677, "h":616,"offX":0,"offY":0,"sourceW":677,"sourceH":616}, 
    "login_fengkuangjingji_5_png":{"x":543,"y": 757,"w": 184, "h":72,"offX":0,"offY":0,"sourceW":184,"sourceH":72}, 
    "login_fengkuangjingji_8_png":{"x":1,"y": 618,"w": 249, "h":260,"offX":0,"offY":0,"sourceW":249,"sourceH":260}, 
    "login_fengkuangjingji_9_png":{"x":1,"y": 879,"w": 430, "h":71,"offX":0,"offY":0,"sourceW":430,"sourceH":71}
},
"SmartUpdateHash": "$TexturePacker:SmartUpdate:a37761a8fa373a3cbac64daeb169ecbe:7040a82adc1862c3ec0b0253671f2312:8e0b336f00bded83421481446a09aa1f$"
}