{"resources":[{"type":"image","url":"eui_assets/ItemRenderer/selected.png?v=9260","name":"selected_png"},{"type":"image","url":"eui_assets/Panel/border.png?v=9260","name":"border_png"},{"type":"image","url":"eui_assets/Panel/header.png?v=9260","name":"header_png"},{"type":"image","url":"eui_assets/RadioButton/radiobutton_select_disabled.png?v=9260","name":"radiobutton_select_disabled_png"},{"type":"image","url":"eui_assets/RadioButton/radiobutton_select_down.png?v=9260","name":"radiobutton_select_down_png"},{"type":"image","url":"eui_assets/RadioButton/radiobutton_select_up.png?v=9260","name":"radiobutton_select_up_png"},{"type":"image","url":"eui_assets/RadioButton/radiobutton_unselect.png?v=9260","name":"radiobutton_unselect_png"},{"type":"image","url":"eui_assets/ScrollBar/roundthumb.png?v=9260","name":"roundthumb_png"},{"type":"image","url":"eui_assets/Slider/thumb.png?v=9260","name":"thumb_png"},{"type":"image","url":"eui_assets/Slider/track.png?v=9260","name":"track_png"},{"type":"image","url":"eui_assets/Slider/tracklight.png?v=9260","name":"tracklight_png"},{"type":"image","url":"eui_assets/ToggleSwitch/handle.png?v=9260","name":"handle_png"},{"type":"image","url":"eui_assets/ToggleSwitch/off.png?v=9260","name":"off_png"},{"type":"image","url":"eui_assets/ToggleSwitch/on.png?v=9260","name":"on_png"},{"type":"image","url":"eui_assets/Button/button_down.png?v=9260","name":"button_down_png"},{"type":"image","url":"eui_assets/Button/button_up.png?v=9260","name":"button_up_png"},{"type":"image","url":"eui_assets/ProgressBar/thumb_pb.png?v=9260","name":"thumb_pb_png"},{"type":"image","url":"eui_assets/ProgressBar/track_pb.png?v=9260","name":"track_pb_png"},{"type":"image","url":"eui_assets/ScrollBar/track_sb.png?v=9260","name":"track_sb_png"},{"type":"json","url":"config/global.json?v=39936","name":"global"},{"type":"json","url":"text/animal_path.json?v=12335","name":"animal_path_json"},{"type":"text","url":"text/word_filter.txt?v=12335","name":"word_filter_txt"},{"type":"json","url":"assets/merge_sheet.json?v=39988","name":"merge_sheet_json"},{"type":"sound","url":"sound/zoo/zoo_base.mp3?v=15344","name":"zoo_base_mp3"},{"type":"sound","url":"sound/zoo/zoo_pikaqiu.mp3?v=15344","name":"zoo_pikaqiu_mp3"},{"type":"sound","url":"sound/zoo/zoo_lion.mp3?v=15344","name":"zoo_lion_mp3"},{"type":"sound","url":"sound/zoo/zoo_hit.mp3?v=15344","name":"zoo_hit_mp3"},{"type":"sound","url":"sound/zoo/zoo_hippo.mp3?v=15344","name":"zoo_hippo_mp3"},{"type":"sound","url":"sound/zoo/zoo_elephant.mp3?v=15344","name":"zoo_elephant_mp3"},{"type":"sound","url":"sound/zoo/zoo_coin.mp3?v=15344","name":"zoo_coin_mp3"},{"type":"sound","url":"sound/zoo/zoo_bomb.mp3?v=15344","name":"zoo_bomb_mp3"},{"type":"sound","url":"sound/zoo/zoo_bg.mp3?v=15344","name":"zoo_bg_mp3"},{"type":"sound","url":"sound/zoo/zoo_bomb_win.mp3?v=15344","name":"zoo_bomb_win_mp3"},{"type":"sound","url":"sound/emotion/emotion_cry.mp3?v=15344","name":"emotion_cry_mp3"},{"type":"sound","url":"sound/emotion/emotion_drink.mp3?v=15344","name":"emotion_drink_mp3"},{"type":"sound","url":"sound/emotion/emotion_flower.mp3?v=15344","name":"emotion_flower_mp3"},{"type":"sound","url":"sound/emotion/emotion_hit.mp3?v=15344","name":"emotion_hit_mp3"},{"type":"sound","url":"sound/emotion/emotion_laught.mp3?v=15344","name":"emotion_laught_mp3"},{"type":"sound","url":"sound/emotion/emotion_lock.mp3?v=15344","name":"emotion_lock_mp3"},{"type":"sound","url":"sound/emotion/emotion_sex.mp3?v=15344","name":"emotion_sex_mp3"},{"type":"sound","url":"sound/emotion/emotion_yeah.mp3?v=15344","name":"emotion_yeah_mp3"},{"type":"text","url":"proto/protobuf.proto?v=38106","name":"protobuf_proto"},{"type":"font","url":"font/ZooYelFont.fnt?v=37365","name":"ZooYelFont_fnt"},{"type":"image","url":"font/ZooYelFont.png?v=37365","name":"ZooYelFont_png"}],"groups":[{"keys":"selected_png,border_png,header_png,radiobutton_select_disabled_png,radiobutton_select_down_png,radiobutton_select_up_png,radiobutton_unselect_png,roundthumb_png,thumb_png,track_png,tracklight_png,handle_png,off_png,on_png,button_down_png,button_up_png,thumb_pb_png,track_pb_png,track_sb_png","name":"preload"},{"keys":"merge_sheet_json,protobuf_proto","name":"preload_core"},{"keys":"zoo_base_mp3,zoo_pikaqiu_mp3,zoo_lion_mp3,zoo_hit_mp3,zoo_hippo_mp3,zoo_elephant_mp3,zoo_coin_mp3,zoo_bomb_mp3,zoo_bomb_win_mp3","name":"sound_zoo"},{"keys":"zoo_bg_mp3","name":"bgm"},{"keys":"emotion_cry_mp3,emotion_laught_mp3,emotion_sex_mp3,emotion_yeah_mp3","name":"sound_emotion"},{"keys":"emotion_lock_mp3,emotion_flower_mp3,emotion_drink_mp3,emotion_hit_mp3","name":"sound_emotion_player"},{"keys":"ZooYelFont_fnt,ZooYelFont_png","name":"font"}]}