{"resources":[{"type":"sheet","url":"fishing_common/fishing_common_sheet1.json?v=39936","subkeys":"fishing_back_png,fishing_fish_dialog_png,fishing_fish_dontlike_png,fishing_fish_like_png","name":"fishing_common_sheet1_json"},{"type":"sheet","url":"fishing/fishing_sheet3.json?v=14790","subkeys":"fishing_bait_png,fishing_box_0_png,fishing_box_1_png,fishing_btn_hook_png,fishing_fish_2_1_png,fishing_fish_2_2_png,fishing_fish_2_3_png,fishing_fish_3_2_png,fishing_fish_8_1_png,fishing_fishname_1_png,fishing_fishname_3_png,fishing_fishname_4_png,fishing_icon_menu_png,fishing_loading_star_light_png,fishing_num_1_0_png,fishing_num_1_1_png,fishing_num_1_2_png,fishing_num_1_3_png,fishing_num_1_4_png,fishing_num_1_5_png,fishing_num_1_7_png,fishing_num_1_8_png,fishing_num_1_9_png,fishing_num_2_0_png,fishing_num_2_2_png,fishing_num_2_3_png,fishing_num_2_7_png,fishing_num_2_8_png,fishing_num_2_9_png,fishing_star_png,fishing_word_1_1_png,fishing_word_2_1_png","name":"fishing_sheet3_json"},{"type":"sheet","url":"fishing/fishing_sheet2.json?v=14790","subkeys":"fishing_balance_bg_png,fishing_boom_btn_1_png,fishing_boom_btn_2_png,fishing_btn_0_png,fishing_btn_1_png,fishing_btn_2_png,fishing_btn_3_png,fishing_btn_hook_cancel_png,fishing_btn_rate_png,fishing_check_png,fishing_fish_1_1_png,fishing_fish_1_3_png,fishing_fish_3_1_png,fishing_fish_3_3_png,fishing_fish_4_1_png,fishing_fish_4_2_png,fishing_fish_4_3_png,fishing_fish_5_1_png,fishing_fish_5_2_png,fishing_fish_5_3_png,fishing_fish_6_1_png,fishing_fish_6_2_png,fishing_fish_6_3_png,fishing_fishname_2_png,fishing_fishname_5_png,fishing_fishname_6_png,fishing_fishname_7_png,fishing_great_btn_record_png,fishing_help_title_png,fishing_icon_task_png,fishing_land_png,fishing_loading_star_1_png,fishing_loading_star_2_png,fishing_menu_png,fishing_num_1_6_png,fishing_num_2_1_png,fishing_num_2_4_png,fishing_num_2_5_png,fishing_rate_panel_png,fishing_selected_png,fishing_tip_1_png,fishing_tip_2_png,fishing_word_1_2_png,fishing_word_2_2_png","name":"fishing_sheet2_json"},{"type":"image","url":"zz_haoku/haoku_logo.png?v=39936","name":"haoku_logo_png"},{"type":"sheet","url":"fishing/fishing_sheet1.json?v=14790","subkeys":"fishing_bottom_panel_png,fishing_box_text_png,fishing_fish_1_2_png,fishing_gold_png,fishing_head_panel_png,fishing_line_png,fishing_loading_png,fishing_loading_top_png,fishing_num_2_6_png,fishing_rod_png,fishing_top_bg_png,fishing_water_1_png,fishing_water_2_png,fishing_water_bg_png","name":"fishing_sheet1_json"},{"type":"sheet","url":"cat_fishing/cat_fishing_sheet5.json?v=14790","subkeys":"cat_fishing_cat_1_png,cat_fishing_cat_2_png,cat_fishing_cat_3_png","name":"cat_fishing_sheet5_json"},{"type":"sheet","url":"cat_fishing/cat_fishing_sheet4.json?v=14790","subkeys":"cat_fishing_bet_1_png,cat_fishing_bet_2_png,cat_fishing_blue_1_png,cat_fishing_blue_2_png,cat_fishing_blue_3_png,cat_fishing_blue_rod_png,cat_fishing_blue_win_bg_png,cat_fishing_blue_win_png,cat_fishing_menu_bg_png,cat_fishing_panel_png,cat_fishing_red_rod_png,cat_fishing_red_win_bg_png,cat_fishing_red_win_png,cat_fishing_result_bg_png","name":"cat_fishing_sheet4_json"},{"type":"sheet","url":"common/common_sheet1.json?v=24037","subkeys":"common_arrow_right_png,common_btn_close_png,common_crown_1_png,common_crown_2_png,common_crown_3_png,common_default_prize_png,common_flower_png,common_icon_1_png,common_icon_address_png,common_icon_arrow2_png,common_icon_arrow_png,common_icon_check_1_png,common_icon_check_2_png,common_icon_coin_png,common_icon_coins_png,common_icon_delete_png,common_icon_edit_png,common_icon_help_2_png,common_icon_help_png,common_icon_menu_png,common_icon_piece_png,common_icon_plus_png,common_icon_red_bag_png,common_icon_sound_2_png,common_icon_sound_png,common_icon_suggestions_png,common_icon_time_png,common_img_title_png,common_light_png,common_list_bottom_png,common_menu_bg_png,common_pop_men_png,common_red_bag_icon_png,common_title_gongxi_png,common_top_flower_block_png,common_vip_1_png,common_vip_2_png,common_vip_3_png,head_bg_png,head_default_png,loading_png,luck_menu1_png,luck_menu2_png,luck_menu3_png,luck_menu4_png,prizep_icon_back_png,share_icon_back_png","name":"common_sheet1_json"},{"type":"sheet","url":"daily_sign/daily_sign_sheet1.json?v=39936","subkeys":"sign_bg_png,sign_cell_png,sign_label_png","name":"daily_sign_sheet1_json"},{"type":"sheet","url":"doll/doll_sheet3.json?v=39936","subkeys":"doll_gift_img_60_png,doll_gift_img_70_png","name":"doll_sheet3_json"},{"type":"sheet","url":"doll_shop/doll_shop_sheet1.json?v=39936","subkeys":"black_block_png,check_png,doll_shop_bg_png,doll_shop_item_png,top_left_block_png,top_right_block_png,uncheck_png","name":"doll_shop_sheet1_json"},{"type":"sheet","url":"farm/farm_sheet4.json?v=39936","subkeys":"farm_b_crab_png,farm_b_disaster_png,farm_b_fish_png,farm_b_maize_png,farm_b_pea_png,farm_b_pig_png,farm_b_shrimp_png,farm_bg_odds_png,farm_btn_bet1_png,farm_coin_bet1_png,farm_coin_png,farm_r_culture_png,farm_r_livestock_png,farm_r_planting_png,farm_r_veg_png,farm_t_aquatic_png,farm_t_cow_png,farm_t_disaster_png,farm_t_fish_png,farm_t_food_png,farm_t_greens_png,farm_t_livestock_png,farm_t_maize_png,farm_t_onion_png,farm_t_pea_png,farm_t_pig_png,farm_t_rice_png,farm_t_veg_png","name":"farm_sheet4_json"},{"type":"sheet","url":"fishing_gift_animation/fishing_gift_animation_sheet2.json?v=39936","subkeys":"fishing_big_gold_bag_png","name":"fishing_gift_animation_sheet2_json"},{"type":"sheet","url":"fishing_great_record/fishing_great_record_sheet1.json?v=39936","subkeys":"fishing_great_bg_1_png,fishing_great_bg_2_png,fishing_great_btn_back_png,fishing_great_crown_png","name":"fishing_great_record_sheet1_json"},{"type":"sheet","url":"fish_goldbox/fish_goldbox_sheet2.json?v=39936","subkeys":"fish_goldbox_bg_2_png,fish_goldbox_exit_bg_png,fish_goldbox_goldbar_png,fish_goldbox_img_png,fishing_btn_duble_png,fishing_goldbox_1_png,fishing_goldbox_2_png,fishing_lbl_3_png,fishing_lbl_4_png","name":"fish_goldbox_sheet2_json"},{"type":"sheet","url":"game_icon/game_icon_sheet1.json?v=15992","subkeys":"game_help_cell_png,game_help_icon_png,game_help_title_png,game_icon_1_png,game_icon_2_png,game_icon_3_png,game_icon_4_png,game_icon_5_png,game_icon_6_png,home_game_11x5_png,home_game_3dlotto_png,home_game_animal_png,home_game_cat_fish_png,home_game_doll_png,home_game_farm_png,home_game_fight_png,home_game_finger_guess_png,home_game_fish_png,home_game_football_png,home_game_fruit_png,home_game_guess_png,home_game_guessgold_png,home_game_luck_png,home_game_panda_png,home_game_shares_png,home_game_superlotto_png,home_game_treasure_png,home_game_unionlotto_png,home_game_xiyouji_png","name":"game_icon_sheet1_json"},{"type":"sheet","url":"guess/guess_sheet1.json?v=39936","subkeys":"guess_bet_bottom_png,guess_bet_coin1_png,guess_bet_coin2_png,guess_btn_add_png,guess_btn_menu_png,guess_btn_return_png,guess_help_bg_png,guess_img_deadline_png,guess_img_default_png,guess_main_return_png,guess_type11_png,guess_type12_png,guess_type21_png,guess_type22_png,guess_type31_png,guess_type32_png,guess_voice_png,guess_yes_png","name":"guess_sheet1_json"},{"type":"sheet","url":"guess_daily/guess_daily_sheet2.json?v=39936","subkeys":"guess_daily_bg1_png,guess_daily_bg3_png,guess_daily_light_png","name":"guess_daily_sheet2_json"},{"type":"sheet","url":"guess_record/guess_record_sheet3.json?v=39936","subkeys":"guess_record_lose_png,guess_record_wait_png","name":"guess_record_sheet3_json"},{"type":"sheet","url":"home/home_sheet1.json?v=16074","subkeys":"home_gift_icon_png,home_icon_1_png,home_icon_2_png,home_icon_3_png,home_icon_4_png,home_icon_5_png,home_icon_6_png,home_icon_7_png,home_icon_8_png,home_icon_charge_png,home_icon_complain_png,home_icon_doll_png,home_icon_focus_png,home_icon_plus_png,home_icon_share_png,home_icon_task_png,home_img_gg2_png,home_img_gg3_png,home_img_gg_png,home_title_color_png","name":"home_sheet1_json"},{"type":"sheet","url":"loading/loading_sheet1.json?v=39936","subkeys":"h_progress_bg_png,h_progress_front_png,logo_png","name":"loading_sheet1_json"},{"type":"sheet","url":"luck/luck_sheet4.json?v=39936","subkeys":"luck_duilian_png","name":"luck_sheet4_json"},{"type":"sheet","url":"luck_bet_record/luck_bet_record_sheet1.json?v=39936","subkeys":"luck_bet_arrow_png,luck_bet_btn1_png,luck_bet_btn2_png,luck_bet_btn3_png,luck_bet_detail_png,luck_bet_title_png","name":"luck_bet_record_sheet1_json"},{"type":"sheet","url":"luck_open_record/luck_open_record_sheet3.json?v=15490","subkeys":"luck_open_title_png","name":"luck_open_record_sheet3_json"},{"type":"image","url":"prize_platform/prize_icon_title.png?v=39936","name":"prize_icon_title_png"},{"type":"sheet","url":"race/race_sheet2.json?v=39936","subkeys":"race_bighead_1_png,race_bighead_2_png,race_bighead_4_png,race_bighead_5_png,race_btn_menu_png,race_btn_return_png,race_bubble_png,race_lane_png,race_num_png,race_smallhead_1_png,race_smallhead_2_png,race_smallhead_3_png,race_smallhead_4_png,race_smallhead_5_png,race_smoke_png,race_startpoint_png","name":"race_sheet2_json"},{"type":"sheet","url":"race_animal/race_animal_sheet1.json?v=39936","subkeys":"race_ani_1_1_png,race_ani_1_2_png,race_ani_1_3_png,race_ani_1_mud_png,race_ani_1_ready_png,race_ani_1_water_png,race_ani_2_1_png,race_ani_2_2_png,race_ani_2_3_png,race_ani_2_mud_png,race_ani_2_ready_png,race_ani_2_water_png,race_ani_3_1_png,race_ani_3_2_png,race_ani_3_3_png,race_ani_3_mud_png,race_ani_3_ready_png,race_ani_3_water_png,race_ani_4_1_png,race_ani_4_2_png,race_ani_4_3_png,race_ani_4_mud_png,race_ani_4_ready_png,race_ani_4_water_png,race_ani_5_1_png,race_ani_5_2_png,race_ani_5_3_png,race_ani_5_mud_png,race_ani_5_ready_png,race_ani_5_water_png,race_arrow_1_png,race_arrow_2_png,race_arrow_3_png,race_shadow_png","name":"race_animal_sheet1_json"},{"type":"sheet","url":"race_record/race_record_sheet1.json?v=39936","subkeys":"race_NO1_png,race_NO2_png,race_face_cry1_png,race_face_cry2_png,race_face_smile1_png,race_face_smile2_png,race_face_smile3_png,race_face_smile4_png,race_face_smile5_png,race_grayhead_1_png,race_grayhead_2_png,race_grayhead_3_png,race_grayhead_4_png,race_grayhead_5_png,race_record_cd_png,race_record_close_png,race_record_line_png,race_record_ribbon_png,race_record_tab1_png,race_record_tab2_png,race_record_title_png","name":"race_record_sheet1_json"},{"type":"sheet","url":"rank/rank_sheet1.json?v=39936","subkeys":"rank_1_png,rank_2_png,rank_3_png,rank_arrow_png,rank_bg_png,rank_earth_png,rank_eraser_bg_png,rank_eraser_png,rank_icon_prize_png,rank_icon_profit_png,rank_pass_title_png,rank_rocket_png,rank_tip_png,rank_title_png,rank_today_bg_png","name":"rank_sheet1_json"},{"type":"sheet","url":"rps/rps_sheet2.json?v=39936","subkeys":"rps_bet_btn1_png,rps_bet_btn2_png,rps_btn_menu_png,rps_btn_return_png,rps_head_1_png,rps_head_2_png,rps_hero_1_png,rps_hero_2_png,rps_hero_shadow_png,rps_icon_p_png,rps_icon_r_png,rps_icon_s_png,rps_pk_top_png,rps_toggle_2_png,rps_toggle_3_png","name":"rps_sheet2_json"},{"type":"sheet","url":"rps_hero3/rps_hero3_sheet1.json?v=39936","subkeys":"rps_head_3_1_png,rps_head_3_2_png,rps_head_3_3_png,rps_hero_3_1_png,rps_hero_3_2_png,rps_hero_3_3_png","name":"rps_hero3_sheet1_json"},{"type":"sheet","url":"rps_hero4/rps_hero4_sheet1.json?v=39936","subkeys":"rps_head_4_1_png,rps_head_4_2_png,rps_hero_4_1_png,rps_hero_4_2_png","name":"rps_hero4_sheet1_json"},{"type":"sheet","url":"rps_record/rps_record_sheet1.json?v=39936","subkeys":"rps_record_close_png,rps_record_title_png,rps_relate_png","name":"rps_record_sheet1_json"},{"type":"sheet","url":"rps_result/rps_result_sheet1.json?v=39936","subkeys":"rps_equal_png,rps_lose_png,rps_result_bg_png,rps_result_level1_png,rps_result_level2_png,rps_result_level3_png,rps_result_lose_png,rps_result_text_bg_png,rps_title_lose_png,rps_title_win_png,rps_win_png","name":"rps_result_sheet1_json"},{"type":"sheet","url":"share/share_sheet1.json?v=39936","subkeys":"share_exchange_down_png,share_exchange_up_png,share_icon_add_png,share_icon_like_png,share_icon_recommend_down_png,share_icon_recommend_up_png,share_icon_self_down_png,share_icon_self_up_png,share_icon_share_down_png,share_icon_share_up_png,share_icon_show_down_png,share_icon_show_up_png,share_img_recommend_png,share_rule_arrow_png,share_tip_arrow_png","name":"share_sheet1_json"},{"type":"sheet","url":"shop/shop_sheet1.json?v=39936","subkeys":"shop_flower_1_png,shop_flower_2_png,shop_flower_3_png,shop_flower_4_png,shop_flower_5_png,shop_flower_6_png,shop_flower_7_png","name":"shop_sheet1_json"},{"type":"sheet","url":"stock/stock_sheet2.json?v=39936","subkeys":"stock_bet_btn1_png,stock_btn_return_png,stock_bubble_png,stock_img_bear_png,stock_img_bull_png,stock_menu_png,stock_pray_left_png,stock_pray_right_png,stock_radio_center1_png,stock_radio_center2_png,stock_radio_left1_png,stock_record_bg_png,stock_type_left1_png","name":"stock_sheet2_json"},{"type":"sheet","url":"stock_record/stock_record_sheet2.json?v=39936","subkeys":"stock_title_img_png","name":"stock_record_sheet2_json"},{"type":"image","url":"suggestion/sug_btn_close.png?v=39936","name":"sug_btn_close_png"},{"type":"sheet","url":"zoo/zoo_sheet4.json?v=39936","subkeys":"zoo_effect_1_2_png,zoo_effect_1_3_png,zoo_effect_1_4_png,zoo_effect_1_5_png,zoo_effect_1_6_png,zoo_head_bg1_png,zoo_head_bg2_png,zoo_head_bg3_png,zoo_ice_full_png,zoo_ice_gray_png,zoo_ice_light_png,zoo_lock_png,zoo_rage_png,zoo_self_1_png,zoo_self_2_png,zoo_task_2_png,zoo_task_5_png,zoo_task_7_png","name":"zoo_sheet4_json"},{"type":"sheet","url":"zoo_animal/zoo_animal_sheet3.json?v=39936","subkeys":"zoo_animal_10_1_png,zoo_animal_10_2_png,zoo_animal_11_4_png,zoo_animal_11_6_png,zoo_animal_11_7_png,zoo_animal_12_3_png,zoo_animal_12_6_png,zoo_animal_3_1_png,zoo_animal_3_2_png,zoo_animal_3_3_png,zoo_animal_3_4_png,zoo_animal_4_3_png,zoo_animal_4_6_png,zoo_animal_5_3_png,zoo_animal_5_5_png,zoo_animal_6_3_png,zoo_animal_7_7_png,zoo_animal_8_2_png,zoo_animal_8_3_png,zoo_animal_8_5_png,zoo_animal_9_1_png","name":"zoo_animal_sheet3_json"},{"type":"sheet","url":"zoo_effect2/zoo_effect2_sheet1.json?v=39936","subkeys":"zoo_effect_2_1_png,zoo_effect_2_2_png,zoo_effect_2_3_png,zoo_effect_2_4_png,zoo_effect_2_5_png,zoo_effect_2_6_png","name":"zoo_effect2_sheet1_json"},{"type":"sheet","url":"zoo_effect3/zoo_effect3_sheet1.json?v=39936","subkeys":"zoo_effect_3_1_png,zoo_effect_3_2_png,zoo_effect_3_3_png,zoo_effect_3_4_png,zoo_effect_3_5_png,zoo_effect_3_6_png","name":"zoo_effect3_sheet1_json"},{"type":"sheet","url":"zoo_effect4/zoo_effect4_sheet1.json?v=39936","subkeys":"zoo_effect_4_1_png,zoo_effect_4_2_png,zoo_effect_4_3_png,zoo_effect_4_4_png,zoo_effect_4_5_png,zoo_effect_4_6_png","name":"zoo_effect4_sheet1_json"},{"type":"sheet","url":"zoo_effect5/zoo_effect5_sheet1.json?v=39936","subkeys":"zoo_effect_5_1_png,zoo_effect_5_2_png,zoo_effect_5_3_png,zoo_effect_5_4_png,zoo_effect_5_5_png,zoo_effect_5_6_png","name":"zoo_effect5_sheet1_json"},{"type":"sheet","url":"zoo_num/zoo_num_sheet1.json?v=39936","subkeys":"zoo_num_pur_0_png,zoo_num_pur_10_png,zoo_num_pur_1_png,zoo_num_pur_2_png,zoo_num_pur_3_png,zoo_num_pur_4_png,zoo_num_pur_5_png,zoo_num_pur_6_png,zoo_num_pur_7_png,zoo_num_pur_8_png,zoo_num_pur_9_png,zoo_num_yel_0_png,zoo_num_yel_10_png,zoo_num_yel_1_png,zoo_num_yel_2_png,zoo_num_yel_3_png,zoo_num_yel_4_png,zoo_num_yel_5_png,zoo_num_yel_6_png,zoo_num_yel_7_png,zoo_num_yel_8_png,zoo_num_yel_9_png","name":"zoo_num_sheet1_json"},{"type":"image","url":"zz_tiantian/tiantian_logo.png?v=39936","name":"tiantian_logo_png"},{"type":"sheet","url":"zoo_record/zoo_record_sheet1.json?v=39936","subkeys":"zoo_icon_10_png,zoo_icon_11_png,zoo_icon_12_png,zoo_icon_13_png,zoo_icon_14_png,zoo_icon_15_png,zoo_icon_1_png,zoo_icon_2_png,zoo_icon_3_png,zoo_icon_4_png,zoo_icon_5_png,zoo_icon_6_png,zoo_icon_7_png,zoo_icon_8_png,zoo_icon_9_png,zoo_record_close_png,zoo_record_got_png,zoo_record_title_png","name":"zoo_record_sheet1_json"},{"type":"sheet","url":"zoo_animal/zoo_animal_sheet2.json?v=39936","subkeys":"zoo_animal_10_3_png,zoo_animal_10_5_png,zoo_animal_10_6_png,zoo_animal_11_2_png,zoo_animal_12_1_png,zoo_animal_12_2_png,zoo_animal_12_4_png,zoo_animal_4_1_png,zoo_animal_4_2_png,zoo_animal_4_4_png,zoo_animal_4_5_png,zoo_animal_5_1_png,zoo_animal_5_2_png,zoo_animal_5_4_png,zoo_animal_5_7_png,zoo_animal_6_4_png,zoo_animal_6_5_png,zoo_animal_7_3_png,zoo_animal_7_6_png,zoo_animal_7_8_png,zoo_animal_8_1_png,zoo_animal_9_2_png,zoo_animal_9_4_png,zoo_animal_9_5_png","name":"zoo_animal_sheet2_json"},{"type":"image","url":"zz_aileyouxiba/aileyouxiba_logo.png?v=39936","name":"aileyouxiba_logo_png"},{"type":"image","url":"zz_aitengyou/aitengyou_logo.png?v=39936","name":"aitengyou_logo_png"},{"type":"sheet","url":"zoo_animal/zoo_animal_sheet1.json?v=39936","subkeys":"zoo_animal_10_4_png,zoo_animal_11_1_png,zoo_animal_11_3_png,zoo_animal_11_5_png,zoo_animal_11_8_png,zoo_animal_12_5_png,zoo_animal_12_7_png,zoo_animal_12_8_png,zoo_animal_1_1_png,zoo_animal_1_2_png,zoo_animal_1_3_png,zoo_animal_1_4_png,zoo_animal_2_1_png,zoo_animal_2_2_png,zoo_animal_2_3_png,zoo_animal_2_4_png,zoo_animal_5_6_png,zoo_animal_5_8_png,zoo_animal_6_1_png,zoo_animal_6_2_png,zoo_animal_7_1_png,zoo_animal_7_2_png,zoo_animal_7_4_png,zoo_animal_7_5_png,zoo_animal_8_4_png,zoo_animal_9_3_png,zoo_animal_9_6_png","name":"zoo_animal_sheet1_json"},{"type":"sheet","url":"zoo/zoo_sheet3.json?v=39936","subkeys":"zoo_btn_menu_png,zoo_btn_return_png,zoo_effect_1_1_png,zoo_gold_bg_png,zoo_gold_text_png,zoo_head_bg4_png,zoo_hip_win_bg_png,zoo_ice_frozen_light_png,zoo_ice_frozen_png,zoo_lock_light_png,zoo_menu_png,zoo_reward_png,zoo_self_3_png,zoo_self_4_png,zoo_shadow_png,zoo_shape2_png,zoo_task_1_png,zoo_tree_png,zoo_win_light_png","name":"zoo_sheet3_json"},{"type":"sheet","url":"zoo/zoo_sheet2.json?v=39936","subkeys":"zoo_btn_focus_png,zoo_ele_win_bg_png,zoo_ele_win_title_png,zoo_glass_png,zoo_gold_cirle_png,zoo_gold_png,zoo_gold_title_png,zoo_hip_win_title_png,zoo_multi_light_png,zoo_redbag_png,zoo_redbag_s_png,zoo_score_png,zoo_shape_png,zoo_shining_png,zoo_skill_lock_aim_png,zoo_skill_lock_dot_png,zoo_star_png,zoo_task_3_png,zoo_task_4_png,zoo_task_6_png,zoo_voice_png","name":"zoo_sheet2_json"},{"type":"sheet","url":"zoo/zoo_sheet1.json?v=39936","subkeys":"zoo_mountain_png,zoo_scene_png","name":"zoo_sheet1_json"},{"type":"image","url":"suggestion/sug_icon.png?v=39936","name":"sug_icon_png"},{"type":"image","url":"zz_laiyun/laiyun_logo.png?v=39936","name":"laiyun_logo_png"},{"type":"sheet","url":"stock_record/stock_record_sheet1.json?v=39936","subkeys":"stock_arrow_png,stock_btn_close_png,stock_history_green_png,stock_history_icon3_png,stock_history_icon4_png,stock_history_icon5_png,stock_history_icon_red_png,stock_tab_1_png,stock_tab_2_png,stock_window_png","name":"stock_record_sheet1_json"},{"type":"image","url":"zz_maimaichang/maimaichang_logo.png?v=14126","name":"maimaichang_logo_png"},{"type":"sheet","url":"stock/stock_sheet1.json?v=39936","subkeys":"stock_bet_btn2_png,stock_bg_png,stock_btn_menu_png,stock_history_icon1_png,stock_history_icon2_png,stock_radio_left2_png,stock_radio_right1_png,stock_radio_right2_png,stock_trend2_bg_png,stock_trend_bg_png,stock_type_left2_png,stock_type_right1_png,stock_type_right2_png,stock_voice_png,stock_vs_png","name":"stock_sheet1_json"},{"type":"image","url":"zz_aiwantianxiayou/aiwantianxiayou_logo.png?v=39936","name":"aiwantianxiayou_logo_png"},{"type":"image","url":"share/share_bg.jpg?v=12335","name":"share_bg_jpg"},{"type":"image","url":"zz_fengkuangjingji/fengkuangjingji_logo.png?v=23183","name":"fengkuangjingji_logo_png"},{"type":"sheet","url":"rps/rps_sheet1.json?v=39936","subkeys":"rps_btn_go_png,rps_hero_p_png,rps_hero_r_png,rps_hero_s_png,rps_history_png,rps_menu_bg_png,rps_pk_bottom_black_png,rps_pk_bottom_png,rps_pk_top_black_png,rps_ready_png,rps_record_icon_png,rps_tip_png,rps_toggle_1_png,rps_toggle_4_png,rps_voice_png","name":"rps_sheet1_json"},{"type":"image","url":"rps/rps_bg.png?v=39936","name":"rps_bg_png"},{"type":"image","url":"rank/rank_wealth_ad.jpg?v=12335","name":"rank_wealth_ad_jpg"},{"type":"image","url":"zz_huanlecaifantian/huanlecaifantian_logo.png?v=39936","name":"huanlecaifantian_logo_png"},{"type":"image","url":"rank/rank_profit_ad.jpg?v=12335","name":"rank_profit_ad_jpg"},{"type":"sheet","url":"race/race_sheet1.json?v=39936","subkeys":"race_bet_type1_png,race_bet_type2_png,race_bg_bet_png,race_bg_betvalue_png,race_bg_glass_png,race_bg_menu_png,race_bg_mountain_png,race_bg_sky_png,race_bighead_3_png,race_btn_bet1_png,race_btn_bet2_png,race_btn_cancel_png,race_btn_fixed1_png,race_btn_fixed2_png,race_cry_png,race_fear_png,race_fence_png,race_flag_png,race_go_png,race_mud_png,race_ready_png,race_thumb_png,race_water_png","name":"race_sheet1_json"},{"type":"image","url":"prize_platform/prize_phone_bar.png?v=39936","name":"prize_phone_bar_png"},{"type":"sheet","url":"luck_open_record/luck_open_record_sheet2.json?v=15490","subkeys":"luck_open_bg2_png,luck_open_btn1_png,luck_open_btn2_png,luck_open_btn3_png,luck_open_btn4_png,luck_open_dot1_png,luck_open_dot2_png,luck_open_recent_png","name":"luck_open_record_sheet2_json"},{"type":"sheet","url":"luck_open_record/luck_open_record_sheet1.json?v=15490","subkeys":"luck_open_arrow_png,luck_open_bg1_png,luck_open_bottom2_png,luck_open_line_png","name":"luck_open_record_sheet1_json"},{"type":"sheet","url":"luck/luck_sheet3.json?v=39936","subkeys":"luck_arrow_png,luck_bet_bg2_png,luck_circle_png,luck_coin_bg_png,luck_dot_png,luck_god_body_png,luck_god_head_png,luck_light_png,luck_main_return_png,luck_menu_line_png,luck_menu_png,luck_pray_png,luck_sound_off_png,luck_star_1_png,luck_star_2_png,luck_task_png,luck_tip_bg2_png","name":"luck_sheet3_json"},{"type":"sheet","url":"luck/luck_sheet2.json?v=39936","subkeys":"luck_bet_bg_png,luck_bg_1_png,luck_bg_2_png,luck_bg_4_png,luck_coin_gray_png,luck_coin_png,luck_duilian_hen_png,luck_extra_bg_png,luck_miss_bubble_png,luck_name_bg_png,luck_pray_bubble_png,luck_sound_png,luck_tip_bg_png","name":"luck_sheet2_json"},{"type":"sheet","url":"treasure/treasure_sheet2.json?v=15344","subkeys":"treasure_bg_3_png,treasure_btn_3_png,treasure_btn_change_png,treasure_btn_start_1_png,treasure_btn_start_2_png,treasure_grea_6_png,treasure_object_11_png,treasure_object_4_png,treasure_object_5_png,treasure_planet_1_png,treasure_planet_2_png,treasure_planet_3_png,treasure_word_1_png","name":"treasure_sheet2_json"},{"type":"sheet","url":"zoo_rank/zoo_rank_sheet1.json?v=39936","subkeys":"zoo_rank_arrow_png,zoo_rank_icon_png,zoo_rank_no1_png,zoo_rank_no2_png,zoo_rank_no3_png,zoo_rank_prev_png,zoo_rank_title_png,zoo_rank_today_png","name":"zoo_rank_sheet1_json"},{"type":"sheet","url":"treasure/treasure_sheet1.json?v=15344","subkeys":"treasure_bg_4_png,treasure_bg_5_png,treasure_btn_2_png,treasure_btn_change_2_png,treasure_btn_menu_png,treasure_btn_png,treasure_btn_start_3_png,treasure_menu_bg_png,treasure_object_10_png,treasure_object_12_png,treasure_object_1_png,treasure_object_2_png,treasure_object_3_png,treasure_object_6_png,treasure_object_7_png,treasure_object_8_png,treasure_object_9_png,treasure_word_2_png,treasure_word_3_png","name":"treasure_sheet1_json"},{"type":"image","url":"zz_xinjiangquwan/xinjiangquwan_logo.png?v=39936","name":"xinjiangquwan_logo_png"},{"type":"image","url":"treasure/treasure_bg.png?v=39936","name":"treasure_bg_png"},{"type":"sheet","url":"luck/luck_sheet1.json?v=39936","subkeys":"luck_bg_3_png,luck_big_on_png,luck_big_png,luck_bt_bg_png,luck_plus_png,luck_small_on_png,luck_small_png","name":"luck_sheet1_json"},{"type":"image","url":"zz_aixibuyouleba/aixibuyouleba_logo.png?v=39936","name":"aixibuyouleba_logo_png"},{"type":"image","url":"luck/luck_open_right.jpg?v=9335","name":"luck_open_right_jpg"},{"type":"image","url":"zz_mayiyoule/mayiyoule_logo.png?v=39936","name":"mayiyoule_logo_png"},{"type":"sheet","url":"zoo_elep_come/zoo_elep_come_sheet1.json?v=39936","subkeys":"zoo_bomb_icon_png,zoo_bomb_name_png,zoo_ele_come_png,zoo_elep_com_bg_png,zoo_elep_come_odds_png,zoo_elep_icon_png,zoo_elep_name_png","name":"zoo_elep_come_sheet1_json"},{"type":"image","url":"zz_bocaiyouleba/bocaiyouleba_logo.png?v=39936","name":"bocaiyouleba_logo_png"},{"type":"sheet","url":"zoo_hip_effect/zoo_hip_effect_sheet1.json?v=39936","subkeys":"zoo_hip_effect1_png,zoo_hip_effect2_png,zoo_hip_effect3_png,zoo_hip_effect4_png,zoo_hip_effect5_png,zoo_hip_effect6_png,zoo_hip_effect7_png,zoo_hip_effect8_png","name":"zoo_hip_effect_sheet1_json"},{"type":"image","url":"zz_fengkuangyouleba/fengkuangyouleba_logo.png?v=39936","name":"fengkuangyouleba_logo_png"},{"type":"image","url":"luck/luck_open_left.jpg?v=9335","name":"luck_open_left_jpg"},{"type":"image","url":"zz_bbyulechang/bbyulechang_logo.png?v=39936","name":"bbyulechang_logo_png"},{"type":"image","url":"zz_tudouyule/tudouyule_logo.png?v=39936","name":"tudouyule_logo_png"},{"type":"sheet","url":"zoo_lightn_effect/zoo_lightn_effect_sheet2.json?v=39936","subkeys":"zoo_lightn_1_png,zoo_lightn_4_png,zoo_lightn_ball1_png","name":"zoo_lightn_effect_sheet2_json"},{"type":"sheet","url":"zoo_lightn_effect/zoo_lightn_effect_sheet1.json?v=39936","subkeys":"zoo_lightn_2_png,zoo_lightn_3_png,zoo_lightn_ball2_png,zoo_lightn_ball3_png,zoo_lightn_ball4_png","name":"zoo_lightn_effect_sheet1_json"},{"type":"sheet","url":"zoo_elep_effect/zoo_elep_effect_sheet1.json?v=39936","subkeys":"zoo_elep_effect1_png,zoo_elep_effect2_png,zoo_elep_effect3_png,zoo_elep_effect4_png,zoo_elep_effect5_png,zoo_elep_effect6_png,zoo_elep_effect7_png,zoo_elep_effect8_png","name":"zoo_elep_effect_sheet1_json"},{"type":"sheet","url":"zoo_ice_effect/zoo_ice_effect_sheet2.json?v=39936","subkeys":"zoo_ice_effect2_png,zoo_ice_effect3_png,zoo_ice_effect8_png","name":"zoo_ice_effect_sheet2_json"},{"type":"sheet","url":"zoo_ice_effect/zoo_ice_effect_sheet1.json?v=39936","subkeys":"zoo_ice_effect1_png,zoo_ice_effect4_png,zoo_ice_effect5_png,zoo_ice_effect6_png,zoo_ice_effect7_png,zoo_ice_word1_png,zoo_ice_word2_png,zoo_ice_word3_png,zoo_ice_word4_png,zoo_ice_word5_png,zoo_ice_word6_png,zoo_ice_word7_png,zoo_ice_word_png","name":"zoo_ice_effect_sheet1_json"},{"type":"image","url":"luck/luck_duilian_bg.jpg?v=9335","name":"luck_duilian_bg_jpg"},{"type":"image","url":"zz_fengkuangdwb/fengkuangdwb_logo.png?v=39936","name":"fengkuangdwb_logo_png"},{"type":"sheet","url":"guess_record/guess_record_sheet2.json?v=39936","subkeys":"guess_record_bg1_png,guess_record_bg_head_png,guess_record_light_png,guess_record_win_png","name":"guess_record_sheet2_json"},{"type":"sheet","url":"guess_record/guess_record_sheet1.json?v=39936","subkeys":"guess_record_bg2_png,guess_record_guess_png,guess_record_yes_png","name":"guess_record_sheet1_json"},{"type":"sheet","url":"guess_daily/guess_daily_sheet1.json?v=39936","subkeys":"guess_daily_bg2_png,guess_daily_close1_png,guess_daily_close2_png,guess_daily_close3_png,guess_daily_coin_png,guess_daily_tanhao_png,guess_daily_title_png,guess_daily_yes_png","name":"guess_daily_sheet1_json"},{"type":"image","url":"zz_fengmiyoule/fengmiyoule_logo.png?v=39936","name":"fengmiyoule_logo_png"},{"type":"sheet","url":"fish_goldbox/fish_goldbox_sheet1.json?v=39936","subkeys":"fish_goldbox_btn_bigsmall_png,fish_goldbox_btn_sure_png,fishing_box_star_0_png,fishing_box_star_1_png,fishing_btn_continue_game_png,fishing_goldbox_back_png,fishing_goldbox_bg_png,fishing_goldbox_rule_png,fishing_lbl_1_png,fishing_lbl_2_png","name":"fish_goldbox_sheet1_json"},{"type":"image","url":"fishing_great_record/fishing_great_bg.png?v=39936","name":"fishing_great_bg_png"},{"type":"sheet","url":"fishing_gift_animation/fishing_gift_animation_sheet1.json?v=39936","subkeys":"fishing_big_gold_1_png,fishing_big_gold_2_png,fishing_big_gold_3_png,fishing_big_gold_4_png,fishing_big_gold_5_png,fishing_big_gold_light_png,fishing_big_gold_title_png","name":"fishing_gift_animation_sheet1_json"},{"type":"image","url":"zz_wangzheyoule/wangzheyoule_logo.png?v=39936","name":"wangzheyoule_logo_png"},{"type":"image","url":"zz_xiaofuweng/xiaofuweng_logo.png?v=32652","name":"xiaofuweng_logo_png"},{"type":"sheet","url":"farm_record/farm_record_sheet1.json?v=39936","subkeys":"farm_arrow_right_png,farm_backtofarm_png,farm_bg_trend_png,farm_dot_2_png,farm_dot_4_png,farm_line_png,farm_record_arrow_png,farm_record_title2_png,farm_record_title_png,farm_result_bg_png,farm_trend_dot_png","name":"farm_record_sheet1_json"},{"type":"sheet","url":"favicon/favicon_sheet1.json?v=21008","subkeys":"favicon_f_png,favicon_hand_png,favicon_icon_png,favicon_s_png","name":"favicon_sheet1_json"},{"type":"sheet","url":"farm/farm_sheet3.json?v=39936","subkeys":"farm_arrow_png,farm_b_cow_png,farm_b_greens_png,farm_b_hen_png,farm_b_onion_png,farm_b_rice_png,farm_b_wheat_png,farm_bet_bg1_png,farm_bet_bg2_png,farm_bg_3_png,farm_bg_missing_png,farm_btn_add_png,farm_btn_bet2_png,farm_btn_menu_png,farm_btn_pray_png,farm_btn_reward_png,farm_coin_bet2_png,farm_coin_bg_png,farm_girl_png,farm_main_return_png,farm_menu_bg_png,farm_r_disaster_png,farm_r_food_png,farm_sign_left_png,farm_sign_right_png,farm_t_crab_png,farm_t_culture_png,farm_t_hen_png,farm_t_planting_png,farm_t_shrimp_png,farm_type_arrow_png","name":"farm_sheet3_json"},{"type":"sheet","url":"zoo_room/zoo_room_sheet2.json?v=39936","subkeys":"room_rich_png","name":"zoo_room_sheet2_json"},{"type":"sheet","url":"zoo_room/zoo_room_sheet1.json?v=39936","subkeys":"online_num_png,room_civilian_png,room_diamand_png,room_gold_png,room_petty_png,room_single_png","name":"zoo_room_sheet1_json"},{"type":"image","url":"zz_renren/renren_logo.png?v=39936","name":"renren_logo_png"},{"type":"image","url":"zoo_room/zoo_login_bg.png?v=39936","name":"zoo_login_bg_png"},{"type":"sheet","url":"farm/farm_sheet2.json?v=39936","subkeys":"farm_arrow_down_png,farm_bet_name_png,farm_btn_cancel_png,farm_btn_goon_png,farm_bubble_png,farm_menu1_png,farm_menu2_png,farm_menu3_png,farm_progress1_png,farm_progress2_png,farm_r_aquatic_png,farm_r_bg1_png,farm_r_men_png,farm_r_title_png,farm_t_wheat_png,farm_type_bg_png","name":"farm_sheet2_json"},{"type":"image","url":"zz_menghuanyouleyuan/menghuanyouleyuan_logo.png?v=39936","name":"menghuanyouleyuan_logo_png"},{"type":"image","url":"zz_huanledongwucheng/huanledongwucheng_logo.png?v=19040","name":"huanledongwucheng_logo_png"},{"type":"sheet","url":"farm/farm_sheet1.json?v=39936","subkeys":"farm_bg_1_png,farm_r_bg2_png","name":"farm_sheet1_json"},{"type":"sheet","url":"zoo_extral_ani/zoo_extral_ani_sheet1.json?v=39936","subkeys":"zoo_animal_13_1_png,zoo_animal_13_2_png,zoo_animal_13_3_png,zoo_animal_13_4_png,zoo_animal_13_5_png,zoo_animal_13_6_png,zoo_animal_13_7_png,zoo_animal_13_8_png,zoo_animal_14_1_png,zoo_animal_14_2_png,zoo_animal_14_3_png,zoo_animal_14_4_png,zoo_animal_14_5_png,zoo_animal_14_6_png,zoo_animal_14_7_png,zoo_animal_14_8_png,zoo_animal_15_1_png,zoo_animal_15_2_png,zoo_animal_15_3_png,zoo_animal_15_4_png,zoo_animal_15_5_png,zoo_animal_15_6_png,zoo_animal_15_7_png,zoo_animal_15_8_png","name":"zoo_extral_ani_sheet1_json"},{"type":"image","url":"farm/farm_bg_2.png?v=39936","name":"farm_bg_2_png"},{"type":"sheet","url":"doll/doll_sheet2.json?v=39936","subkeys":"doll_bottom_bg_1_png,doll_box_close_png,doll_btn_buy_png,doll_btn_follow_png,doll_btn_minus_2_png,doll_btn_minus_3_png,doll_btn_minus_png,doll_btn_plus_2_png,doll_btn_plus_3_png,doll_btn_plus_png,doll_gift_img_10_png,doll_gift_img_20_png,doll_gift_img_30_png,doll_gift_img_40_png,doll_gift_img_50_png,doll_gift_img_80_png,doll_h_black_hole_png,doll_h_btn_info_png,doll_h_btn_start_1_png,doll_h_btn_start_2_png,doll_h_btn_start_3_png,doll_h_cat_00_png,doll_h_cat_10_png,doll_h_cat_20_png,doll_h_cat_30_png,doll_h_cat_40_png,doll_h_cat_body_png,doll_h_cat_hand_1_png,doll_h_crown_png,doll_h_decorate_png,doll_h_gift_png,doll_h_menu_png,doll_h_paw_center_1_png,doll_h_paw_center_2_png,doll_h_paw_center_3_png,doll_h_paw_level_1_png,doll_h_paw_level_2_png,doll_h_paw_level_3_png,doll_icon_back_png,doll_img_title_png,doll_paw_center_light_png,doll_paw_light_png,doll_side_tip_png","name":"doll_sheet2_json"},{"type":"image","url":"race_miss/race_miss_bg.png?v=39936","name":"race_miss_bg_png"},{"type":"sheet","url":"doll/doll_sheet1.json?v=39936","subkeys":"doll_boom_loading_bg_png,doll_boom_loading_png,doll_bottom_bg_png,doll_box_light_png,doll_box_open_png,doll_gift_img_00_png,doll_h_cat_50_png,doll_h_cat_60_png,doll_h_cat_foot_1_png,doll_h_charge_bg_png,doll_h_charge_item_png,doll_h_gold_png,doll_h_light_png,doll_h_line_1_png,doll_h_line_2_png,doll_h_line_3_png,doll_h_little_star_png","name":"doll_sheet1_json"},{"type":"sheet","url":"xiyouji/xiyouji_sheet3.json?v=39936","subkeys":"xiyouji_btn_1_png,xiyouji_btn_2_png,xiyouji_icon_2_png,xiyouji_icon_5_png,xiyouji_menu_bg_png","name":"xiyouji_sheet3_json"},{"type":"sheet","url":"xiyouji/xiyouji_sheet2.json?v=39936","subkeys":"xiyouji_bg_2_png,xiyouji_icon_3_png,xiyouji_icon_6_png,xiyouji_role_11_png,xiyouji_role_12_png,xiyouji_role_1_png,xiyouji_role_4_png,xiyouji_role_6_png,xiyouji_role_8_png","name":"xiyouji_sheet2_json"},{"type":"image","url":"zz_changwanlefantian/changwanlefantian_logo.png?v=23912","name":"changwanlefantian_logo_png"},{"type":"sheet","url":"xiyouji/xiyouji_sheet1.json?v=39936","subkeys":"xiyouji_bg_21_png,xiyouji_bg_3_png,xiyouji_bg_4_png,xiyouji_bg_5_png,xiyouji_btn_3_png,xiyouji_icon_1_png,xiyouji_icon_4_png,xiyouji_icon_7_png,xiyouji_role_10_png,xiyouji_role_2_png,xiyouji_role_3_png,xiyouji_role_5_png,xiyouji_role_7_png,xiyouji_role_9_png,xiyouji_title_bg_png","name":"xiyouji_sheet1_json"},{"type":"sheet","url":"zoopc/zoopc_sheet8.json?v=15494","subkeys":"zoopc_1002_png","name":"zoopc_sheet8_json"},{"type":"sheet","url":"zoopc/zoopc_sheet7.json?v=15494","subkeys":"zoopc_1004_png,zoopc_1007_png,zoopc_1090_png,zoopc_1091_png,zoopc_1092_png,zoopc_1100_png,zoopc_994_png","name":"zoopc_sheet7_json"},{"type":"image","url":"zz_dongwuwangguo/dongwuwangguo_logo.png?v=36904","name":"dongwuwangguo_logo_png"},{"type":"sheet","url":"zoopc/zoopc_sheet6.json?v=15494","subkeys":"zoopc_1006_png,zoopc_1008_png,zoopc_1036_png,zoopc_1066_png,zoopc_1089_png,zoopc_1093_png,zoopc_848_png","name":"zoopc_sheet6_json"},{"type":"sheet","url":"zoopcact/zoopcact_sheet1.json?v=39936","subkeys":"zoopcact_276_png,zoopcact_277_png,zoopcact_281_png,zoopcact_286_png,zoopcact_287_png,zoopcact_288_png,zoopcact_504_png,zoopcact_624_png,zoopcact_644_png,zoopcact_646_png,zoopcact_647_png,zoopcact_648_png,zoopcact_649_png,zoopcact_689_png,zoopcact_759_png,zoopcact_760_png,zoopcact_803_png,zoopcact_806_png,zoopcact_807_png,zoopcact_808_png,zoopcact_809_png,zoopcact_810_png,zoopcact_811_png,zoopcact_812_png,zoopcact_813_png,zoopcact_814_png,zoopcact_815_png,zoopcact_ball_png,zoopcact_voice_png","name":"zoopcact_sheet1_json"},{"type":"image","url":"zoopcact/zoopcact_tree.png?v=39936","name":"zoopcact_tree_png"},{"type":"image","url":"zoopcact/zoopcact_sky.png?v=39936","name":"zoopcact_sky_png"},{"type":"image","url":"zoopcact/zoopcact_light.png?v=39936","name":"zoopcact_light_png"},{"type":"image","url":"zoopcact/zoopcact_groud.png?v=15711","name":"zoopcact_groud_png"},{"type":"image","url":"zz_aidongwuba/aidongwuba_logo.png?v=24299","name":"aidongwuba_logo_png"},{"type":"sheet","url":"zoopc/zoopc_sheet5.json?v=15494","subkeys":"zoopc_1003_png,zoopc_1037_png,zoopc_1038_png,zoopc_846_png,zoopc_847_png,zoopc_928_png,zoopc_934_png,zoopc_995_png","name":"zoopc_sheet5_json"},{"type":"sheet","url":"zoopc/zoopc_sheet4.json?v=15494","subkeys":"zoopc_1094_png,zoopc_845_png,zoopc_850_png,zoopc_998_png,zoopc_999_png","name":"zoopc_sheet4_json"},{"type":"sheet","url":"zoopc/zoopc_sheet3.json?v=15494","subkeys":"zoopc_1005_png,zoopc_1088_png,zoopc_785_png,zoopc_849_png,zoopc_993_png,zoopc_997_png","name":"zoopc_sheet3_json"},{"type":"sheet","url":"zoopc/zoopc_sheet2.json?v=15494","subkeys":"zoopc_1000_png,zoopc_1043_png,zoopc_996_png","name":"zoopc_sheet2_json"},{"type":"sheet","url":"zoopc/zoopc_sheet1.json?v=15494","subkeys":"zoopc_1001_png,zoopc_1009_png,zoopc_1010_png,zoopc_1068_png,zoopc_1095_png","name":"zoopc_sheet1_json"},{"type":"image","url":"zoopc/zoopc_912.png?v=39936","name":"zoopc_912_png"},{"type":"image","url":"zoopc/zoopc_826.png?v=39936","name":"zoopc_826_png"},{"type":"image","url":"zoopc/zoopc_825.png?v=39936","name":"zoopc_825_png"},{"type":"image","url":"zoopc/zoopc_824.png?v=39936","name":"zoopc_824_png"},{"type":"image","url":"zoopc/zoopc_823.png?v=39936","name":"zoopc_823_png"},{"type":"sheet","url":"zoo_auto/zoo_auto_sheet1.json?v=39936","subkeys":"zoo_auto_all_on_png,zoo_auto_all_png,zoo_auto_icon0_png,zoo_auto_icon1_png,zoo_auto_icon2_png,zoo_auto_icon3_png,zoo_auto_icon4_png,zoo_auto_lock_on_png,zoo_auto_lock_png","name":"zoo_auto_sheet1_json"},{"type":"image","url":"zoopc/zoopc_822.png?v=39936","name":"zoopc_822_png"},{"type":"image","url":"zoopc/zoopc_821.png?v=39936","name":"zoopc_821_png"},{"type":"sheet","url":"zoo_frenzy_effect/zoo_frenzy_effect_sheet2.json?v=39936","subkeys":"zoo_frenzy_effect2_png,zoo_frenzy_effect3_png,zoo_frenzy_effect4_png,zoo_frenzy_effect9_png","name":"zoo_frenzy_effect_sheet2_json"},{"type":"sheet","url":"zoo_frenzy_num/zoo_frenzy_num_sheet1.json?v=39936","subkeys":"zoo_frenzy_num_2_png,zoo_frenzy_num_3_png,zoo_frenzy_num_4_png,zoo_frenzy_num_lit_2_png,zoo_frenzy_num_lit_3_png,zoo_frenzy_num_lit_4_png,zoo_frenzy_num_lit_solid_2_png,zoo_frenzy_num_lit_solid_3_png,zoo_frenzy_num_lit_solid_4_png,zoo_frenzy_num_lit_solid_x_png,zoo_frenzy_num_lit_x_png,zoo_frenzy_num_x_png","name":"zoo_frenzy_num_sheet1_json"},{"type":"sheet","url":"zoo_frenzy_num_effect/zoo_frenzy_num_effect_sheet2.json?v=39936","subkeys":"zoo_frenzy_num_effect_1_png,zoo_frenzy_num_effect_2_png,zoo_frenzy_num_effect_3_png,zoo_frenzy_num_effect_8_png","name":"zoo_frenzy_num_effect_sheet2_json"},{"type":"sheet","url":"zoo_frenzy_num_effect/zoo_frenzy_num_effect_sheet1.json?v=39936","subkeys":"zoo_frenzy_num_effect_4_png,zoo_frenzy_num_effect_5_png,zoo_frenzy_num_effect_6_png,zoo_frenzy_num_effect_7_png","name":"zoo_frenzy_num_effect_sheet1_json"},{"type":"sheet","url":"zoo_frenzy_effect/zoo_frenzy_effect_sheet1.json?v=39936","subkeys":"zoo_frenzy_effect1_png,zoo_frenzy_effect5_png,zoo_frenzy_effect6_png,zoo_frenzy_effect7_png,zoo_frenzy_effect8_png,zoo_frenzy_word1_png,zoo_frenzy_word2_png,zoo_frenzy_word3_png,zoo_frenzy_word4_png,zoo_frenzy_word5_png,zoo_frenzy_word6_png,zoo_frenzy_word7_png,zoo_frenzy_word_png","name":"zoo_frenzy_effect_sheet1_json"},{"type":"image","url":"zoopc/zoopc_820.png?v=39936","name":"zoopc_820_png"},{"type":"image","url":"zoopc/zoopc_819.png?v=39936","name":"zoopc_819_png"},{"type":"image","url":"zoopc/zoopc_818.png?v=39936","name":"zoopc_818_png"},{"type":"image","url":"zoopc/zoopc_817.png?v=39936","name":"zoopc_817_png"},{"type":"image","url":"zoopc/zoopc_816.png?v=39936","name":"zoopc_816_png"},{"type":"image","url":"zoopc/zoopc_815.png?v=39936","name":"zoopc_815_png"},{"type":"image","url":"zoopc/zoopc_814.png?v=39936","name":"zoopc_814_png"},{"type":"image","url":"zoopc/zoopc_813.png?v=39936","name":"zoopc_813_png"},{"type":"image","url":"zoopc/zoopc_812.png?v=39936","name":"zoopc_812_png"},{"type":"image","url":"zoopc/zoopc_1070.png?v=39936","name":"zoopc_1070_png"},{"type":"image","url":"zoopc/zoopc_1058.png?v=39936","name":"zoopc_1058_png"},{"type":"image","url":"zoopc/zoopc_1057.png?v=39936","name":"zoopc_1057_png"},{"type":"image","url":"zoopc/zoopc_1056.png?v=39936","name":"zoopc_1056_png"},{"type":"image","url":"zoopc/zoopc_1040.png?v=39936","name":"zoopc_1040_png"},{"type":"image","url":"xiyouji/xiyouji_light_3.png?v=39936","name":"xiyouji_light_3_png"},{"type":"sheet","url":"zoobuff/zoobuff_sheet1.json?v=39936","subkeys":"zoobuff_0_png,zoobuff_10_png,zoobuff_1_png,zoobuff_2_png,zoobuff_3_png,zoobuff_4_png,zoobuff_5_png,zoobuff_6_png,zoobuff_7_png,zoobuff_8_png,zoobuff_9_png,zoobuff_effect1_png,zoobuff_effect2_png,zoobuff_effect3_png,zoobuff_effect4_png,zoobuff_effect5_png,zoobuff_effect6_png,zoobuff_lianji_png,zoobuff_progress_bg_png,zoobuff_progress_png,zoobuff_up1_png,zoobuff_up2_png","name":"zoobuff_sheet1_json"},{"type":"image","url":"xiyouji/xiyouji_light_2.png?v=39936","name":"xiyouji_light_2_png"},{"type":"image","url":"xiyouji/xiyouji_light_1.png?v=39936","name":"xiyouji_light_1_png"},{"type":"image","url":"xiyouji/xiyouji_light_0.png?v=39936","name":"xiyouji_light_0_png"},{"type":"image","url":"xiyouji/xiyouji_bg_1.png?v=39936","name":"xiyouji_bg_1_png"},{"type":"image","url":"doll/doll_h_bottom_bg.png?v=39936","name":"doll_h_bottom_bg_png"},{"type":"sheet","url":"treasure_windows/treasure_windows_sheet2.json?v=15344","subkeys":"treasure_title_11_png,treasure_title_5_png,treasure_title_7_png,treasure_title_8_png,treasure_title_9_png","name":"treasure_windows_sheet2_json"},{"type":"sheet","url":"treasure_windows/treasure_windows_sheet1.json?v=15344","subkeys":"treasure_arrow_png,treasure_bet_bg_1_png,treasure_bet_bg_2_png,treasure_bet_bg_3_png,treasure_btn_minus_png,treasure_btn_plus_png,treasure_dot_png,treasure_help_img_1_png,treasure_help_img_2_png,treasure_icon_down_png,treasure_icon_up_png,treasure_pop_win_png,treasure_record_bg_png,treasure_record_item_png,treasure_title_10_png,treasure_title_1_png,treasure_title_2_png,treasure_title_3_png,treasure_title_4_png,treasure_title_6_png","name":"treasure_windows_sheet1_json"},{"type":"image","url":"treasure_windows/treasure_bg_2.png?v=39936","name":"treasure_bg_2_png"},{"type":"image","url":"doll/doll_h_bg_1.png?v=39936","name":"doll_h_bg_1_png"},{"type":"image","url":"doll/doll_hall_light_2.png?v=39936","name":"doll_hall_light_2_png"},{"type":"image","url":"doll/doll_hall_light_1.png?v=39936","name":"doll_hall_light_1_png"},{"type":"image","url":"doll/doll_hall_light_0.png?v=39936","name":"doll_hall_light_0_png"},{"type":"sheet","url":"cat_fishing/cat_fishing_sheet3.json?v=14790","subkeys":"cat_fishing_bet_3_png,cat_fishing_bet_4_png,cat_fishing_bet_5_png,cat_fishing_blue_boat_png,cat_fishing_blue_png,cat_fishing_blue_vsbg_png,cat_fishing_fish_1_png,cat_fishing_fish_2_png,cat_fishing_head_bg_2_png,cat_fishing_icon_3_png,cat_fishing_icon_5_png,cat_fishing_record_1_png,cat_fishing_red_vsbg_png,cat_fishing_result_blue_png,cat_fishing_result_draw_png,cat_fishing_result_red_png","name":"cat_fishing_sheet3_json"},{"type":"sheet","url":"cat_fishing/cat_fishing_sheet2.json?v=14790","subkeys":"cat_fishing_VS_png,cat_fishing_bet_6_png,cat_fishing_cancel_png,cat_fishing_draw_png,cat_fishing_icon_1_png,cat_fishing_icon_2_png,cat_fishing_icon_menu_png,cat_fishing_record_2_png,cat_fishing_red_boat_png,cat_fishing_red_png,cat_fishing_water_png","name":"cat_fishing_sheet2_json"},{"type":"sheet","url":"cat_fishing/cat_fishing_sheet1.json?v=14790","subkeys":"cat_fishing_bet_bg_png,cat_fishing_bet_player_png,cat_fishing_btn_bet_png,cat_fishing_fish_3_png,cat_fishing_head_bg_png,cat_fishing_icon_4_png,cat_fishing_icon_6_png,cat_fishing_icon_gold_png,cat_fishing_panel_2_png,cat_fishing_sky_png,cat_fishing_star_png","name":"cat_fishing_sheet1_json"},{"type":"sheet","url":"guide/guide_sheet1.json?v=39936","subkeys":"guide_arrow_png,guide_btn_next_png,guide_target_rect_png","name":"guide_sheet1_json"},{"type":"sheet","url":"player/player_sheet2.json?v=24037","subkeys":"player_icon_1_png,player_qr_code_png,player_setting_png","name":"player_sheet2_json"},{"type":"sheet","url":"player/player_sheet1.json?v=24037","subkeys":"my_qrcode_bg_png,s_sound_off_png,s_sound_on_png","name":"player_sheet1_json"},{"type":"sheet","url":"lot11x5/lot11x5_sheet1.json?v=39936","subkeys":"lot11x5_check_bg_png,lot11x5_check_on_png,lot11x5_help_png,lot11x5_menu_bg_png,lot11x5_menu_png,lot11x5_miss_arrow_png,lot11x5_name_png,lot11x5_return_png,lot11x5_rule_title_png,lot11x5_title_bg_png","name":"lot11x5_sheet1_json"},{"type":"sheet","url":"lot_common/lot_common_sheet1.json?v=39936","subkeys":"lot_arrow_png,lot_bet_del_png,lot_bet_lose_png,lot_bet_succ_png,lot_bet_wait_png,lot_bet_win_png,lot_random_png,lot_voice_png","name":"lot_common_sheet1_json"},{"type":"sheet","url":"lot3d/lot3d_sheet1.json?v=39936","subkeys":"lot3d_menu_bg_png,lot3d_menu_png,lot3d_name_png,lot3d_return_png,lot3d_rule_title_png,lot3d_title_bg_png","name":"lot3d_sheet1_json"},{"type":"sheet","url":"emotion/emotion_sheet1.json?v=39936","subkeys":"emotion_101_png,emotion_102_png,emotion_103_png,emotion_104_png,emotion_1_png,emotion_2_png,emotion_3_png,emotion_4_png,emotion_bg_png","name":"emotion_sheet1_json"},{"type":"sheet","url":"emotion_ani/emotion_ani_sheet1.json?v=39936","subkeys":"emotion_ani_101_0_png,emotion_ani_101_1_png,emotion_ani_101_2_png,emotion_ani_101_3_png,emotion_ani_101_4_png,emotion_ani_101_5_png,emotion_ani_101_6_png,emotion_ani_102_0_png,emotion_ani_102_1_png,emotion_ani_102_2_png,emotion_ani_102_3_png,emotion_ani_102_4_png,emotion_ani_103_0_png,emotion_ani_103_1_png,emotion_ani_104_1_png,emotion_ani_104_2_png,emotion_ani_1_1_png,emotion_ani_1_2_png,emotion_ani_2_1_png,emotion_ani_2_2_png,emotion_ani_2_3_png,emotion_ani_2_4_png,emotion_ani_2_5_png,emotion_ani_2_6_png,emotion_ani_3_1_png,emotion_ani_3_2_png,emotion_ani_3_3_png,emotion_ani_4_1_png,emotion_ani_4_2_png,emotion_ani_4_3_png","name":"emotion_ani_sheet1_json"},{"type":"sheet","url":"rank_window/rank_window_sheet2.json?v=39936","subkeys":"zoo_rank_106_png","name":"rank_window_sheet2_json"},{"type":"sheet","url":"rank_window/rank_window_sheet1.json?v=39936","subkeys":"zoo_rank_100_png,zoo_rank_101_png,zoo_rank_102_png,zoo_rank_103_png,zoo_rank_104_png,zoo_rank_105_png","name":"rank_window_sheet1_json"},{"type":"sheet","url":"daily_gold/daily_gold_sheet1.json?v=39936","subkeys":"daily_gold_bg_png,daily_gold_btn_1_png,daily_gold_btn_2_png,daily_gold_close_png,daily_gold_gift_png,daily_gold_title_png","name":"daily_gold_sheet1_json"},{"type":"sheet","url":"fruit/fruit_sheet2.json?v=17953","subkeys":"fruit_btn_bet_10_png,fruit_btn_bet_11_png,fruit_btn_bet_12_png,fruit_btn_bet_1_png,fruit_icon_7_big_png,fruit_icon_7_small_png,fruit_icon_apple_png,fruit_icon_bar_100_png,fruit_icon_bar_25_png,fruit_icon_bar_50_png,fruit_icon_bell_big_png,fruit_icon_bell_small_png,fruit_icon_full_screen_png,fruit_icon_lemon_big_png,fruit_icon_lemon_small_png,fruit_icon_lucky_png,fruit_icon_orange_big_png,fruit_icon_orange_small_png,fruit_icon_star_big_png,fruit_icon_star_small_png,fruit_icon_watermelon_big_png,fruit_icon_watermelon_small_png,fruit_img_10_png,fruit_img_11_png,fruit_img_1_png,fruit_img_2_png,fruit_img_3_png,fruit_img_4_png,fruit_img_5_png,fruit_img_6_png,fruit_img_7_png,fruit_img_8_png,fruit_img_9_png,fruit_img_title_png,fruit_logo_0_png","name":"fruit_sheet2_json"},{"type":"sheet","url":"fruit/fruit_sheet1.json?v=17953","subkeys":"fruit_bg_2_png,fruit_btn_back_png,fruit_btn_bet_2_png,fruit_btn_bet_3_png,fruit_btn_bet_4_png,fruit_btn_bet_5_png,fruit_btn_bet_6_png,fruit_btn_bet_7_png,fruit_btn_bet_8_png,fruit_btn_bet_9_png,fruit_btn_menu_png,fruit_icon_light_png,fruit_light_1_png,fruit_light_2_png","name":"fruit_sheet1_json"},{"type":"image","url":"fruit/fruit_bg.png?v=39936","name":"fruit_bg_png"},{"type":"sheet","url":"acount/acount_sheet1.json?v=39936","subkeys":"acount_btn_return_png,acount_title_png,acount_wxicon_png","name":"acount_sheet1_json"},{"type":"sheet","url":"bottom_bar/bottom_bar_sheet1.json?v=15992","subkeys":"bb_bg_png,bb_icon_1_1_png,bb_icon_1_2_png,bb_icon_2_1_png,bb_icon_2_2_png,bb_icon_3_1_png,bb_icon_3_2_png,bb_icon_4_1_png,bb_icon_4_2_png,bb_icon_5_1_png,bb_icon_5_2_png","name":"bottom_bar_sheet1_json"},{"type":"sheet","url":"login_new/login_new_sheet1.json?v=17456","subkeys":"login_179_png,login_208_png,login_225_png,login_230_png,login_250_png,login_254_png,login_264_png,login_290_png,login_306_png,login_311_png","name":"login_new_sheet1_json"},{"type":"image","url":"login_new/login_guide.png?v=39936","name":"login_guide_png"},{"type":"sheet","url":"red_bag/red_bag_sheet1.json?v=24037","subkeys":"red_bag_icon_2_png,red_bag_icon_png,red_bag_title_png","name":"red_bag_sheet1_json"},{"type":"image","url":"login_new/login_262.jpg?v=15859","name":"login_262_jpg"},{"type":"sheet","url":"login_aileyouxiba/login_aileyouxiba_sheet2.json?v=17461","subkeys":"login_306_png,login_311_png,login_aileyouxiba_11_png,login_aileyouxiba_14_png,login_aileyouxiba_16_png,login_aileyouxiba_7_png","name":"login_aileyouxiba_sheet2_json"},{"type":"sheet","url":"login_bocaiyouleba/login_bocaiyouleba_sheet2.json?v=17461","subkeys":"login_bocaiyouleba_12_png,login_bocaiyouleba_7_png","name":"login_bocaiyouleba_sheet2_json"},{"type":"sheet","url":"login_bocaiyouleba/login_bocaiyouleba_sheet1.json?v=17461","subkeys":"login_306_png,login_311_png,login_bocaiyouleba_10_png,login_bocaiyouleba_11_png,login_bocaiyouleba_1_png,login_bocaiyouleba_4_png,login_bocaiyouleba_5_png,login_bocaiyouleba_6_png,login_bocaiyouleba_8_png,login_bocaiyouleba_9_png","name":"login_bocaiyouleba_sheet1_json"},{"type":"sheet","url":"login_mayiyoule/login_mayiyoule_sheet2.json?v=17461","subkeys":"login_mayiyoule_12_png,login_mayiyoule_4_png,login_mayiyoule_9_png","name":"login_mayiyoule_sheet2_json"},{"type":"sheet","url":"login_mayiyoule/login_mayiyoule_sheet1.json?v=17461","subkeys":"login_306_png,login_311_png,login_mayiyoule_10_png,login_mayiyoule_11_png,login_mayiyoule_13_png,login_mayiyoule_14_png,login_mayiyoule_15_png,login_mayiyoule_2_png,login_mayiyoule_3_png,login_mayiyoule_5_png,login_mayiyoule_7_png,login_mayiyoule_8_png","name":"login_mayiyoule_sheet1_json"},{"type":"image","url":"login_mayiyoule/login_mayiyoule_1.jpg?v=17356","name":"login_mayiyoule_1_jpg"},{"type":"sheet","url":"login_xinjiangquwan/login_xinjiangquwan_sheet2.json?v=39936","subkeys":"login_xinjiangquwan_10_png,login_xinjiangquwan_11_png,login_xinjiangquwan_12_png,login_xinjiangquwan_13_png,login_xinjiangquwan_3_png,login_xinjiangquwan_5_png,login_xinjiangquwan_9_png","name":"login_xinjiangquwan_sheet2_json"},{"type":"sheet","url":"login_xinjiangquwan/login_xinjiangquwan_sheet1.json?v=39936","subkeys":"login_xinjiangquwan_14_png,login_xinjiangquwan_15_png,login_xinjiangquwan_16_png,login_xinjiangquwan_17_png,login_xinjiangquwan_18_png,login_xinjiangquwan_19_png,login_xinjiangquwan_2_png,login_xinjiangquwan_4_png,login_xinjiangquwan_6_png,login_xinjiangquwan_7_png,login_xinjiangquwan_8_png","name":"login_xinjiangquwan_sheet1_json"},{"type":"image","url":"login_xinjiangquwan/login_xinjiangquwan_1.jpg?v=17478","name":"login_xinjiangquwan_1_jpg"},{"type":"image","url":"login_bocaiyouleba/login_bocaiyouleba_2.jpg?v=17356","name":"login_bocaiyouleba_2_jpg"},{"type":"sheet","url":"login_maimaichang/login_maimaichang_sheet1.json?v=17461","subkeys":"login_306_png,login_311_png,login_maimaichang_10_png,login_maimaichang_12_png,login_maimaichang_1_png,login_maimaichang_2_png,login_maimaichang_3_png,login_maimaichang_6_png,login_maimaichang_7_png,login_maimaichang_8_png,login_maimaichang_9_png","name":"login_maimaichang_sheet1_json"},{"type":"sheet","url":"login_tudouyule/login_tudouyule_sheet2.json?v=39936","subkeys":"login_tudouyule_11_png,login_tudouyule_5_png,login_tudouyule_6_png,login_tudouyule_7_png,login_tudouyule_8_png","name":"login_tudouyule_sheet2_json"},{"type":"sheet","url":"login_tudouyule/login_tudouyule_sheet1.json?v=39936","subkeys":"login_tudouyule_10_png,login_tudouyule_2_png,login_tudouyule_3_png,login_tudouyule_4_png,login_tudouyule_9_png","name":"login_tudouyule_sheet1_json"},{"type":"image","url":"login_tudouyule/login_tudouyule_1.jpg?v=17583","name":"login_tudouyule_1_jpg"},{"type":"image","url":"login_maimaichang/login_maimaichang_4.jpg?v=17356","name":"login_maimaichang_4_jpg"},{"type":"sheet","url":"login_aileyouxiba/login_aileyouxiba_sheet1.json?v=17461","subkeys":"login_aileyouxiba_10_png,login_aileyouxiba_12_png,login_aileyouxiba_13_png,login_aileyouxiba_1_png,login_aileyouxiba_2_png,login_aileyouxiba_4_png,login_aileyouxiba_6_png,login_aileyouxiba_8_png,login_aileyouxiba_9_png","name":"login_aileyouxiba_sheet1_json"},{"type":"sheet","url":"login_haoku/login_haoku_sheet2.json?v=17461","subkeys":"login_306_png,login_311_png,login_haoku_10_png,login_haoku_11_png,login_haoku_13_png,login_haoku_14_png,login_haoku_15_png,login_haoku_2_png,login_haoku_3_png,login_haoku_6_png,login_haoku_7_png,login_haoku_8_png,login_haoku_9_png","name":"login_haoku_sheet2_json"},{"type":"sheet","url":"login_haoku/login_haoku_sheet1.json?v=17461","subkeys":"login_haoku_5_png","name":"login_haoku_sheet1_json"},{"type":"image","url":"login_haoku/login_haoku_1.jpg?v=17356","name":"login_haoku_1_jpg"},{"type":"image","url":"login_aileyouxiba/login_aileyouxiba_3.jpg?v=16922","name":"login_aileyouxiba_3_jpg"},{"type":"sheet","url":"login_fengkuangyouleba/login_fengkuangyouleba_sheet1.json?v=17456","subkeys":"login_179_png,login_208_png,login_225_png,login_230_png,login_250_png,login_254_png,login_264_png,login_290_png,login_306_png,login_311_png","name":"login_fengkuangyouleba_sheet1_json"},{"type":"sheet","url":"login_laiyun/login_laiyun_sheet3.json?v=39936","subkeys":"login_laiyun_10_png,login_laiyun_13_png,login_laiyun_7_png,login_laiyun_9_png","name":"login_laiyun_sheet3_json"},{"type":"sheet","url":"login_laiyun/login_laiyun_sheet2.json?v=39936","subkeys":"login_laiyun_11_png,login_laiyun_2_png,login_laiyun_3_png,login_laiyun_4_png","name":"login_laiyun_sheet2_json"},{"type":"sheet","url":"login_laiyun/login_laiyun_sheet1.json?v=39936","subkeys":"login_laiyun_12_png,login_laiyun_5_png,login_laiyun_6_png,login_laiyun_8_png","name":"login_laiyun_sheet1_json"},{"type":"image","url":"login_laiyun/login_laiyun_1.jpg?v=17583","name":"login_laiyun_1_jpg"},{"type":"sheet","url":"login_fengkuangdwb/login_fengkuangdwb_sheet2.json?v=39936","subkeys":"login_fengkuangdwb_10_png,login_fengkuangdwb_11_png,login_fengkuangdwb_12_png,login_fengkuangdwb_14_png,login_fengkuangdwb_15_png,login_fengkuangdwb_16_png,login_fengkuangdwb_17_png,login_fengkuangdwb_18_png,login_fengkuangdwb_19_png,login_fengkuangdwb_20_png,login_fengkuangdwb_3_png,login_fengkuangdwb_4_png,login_fengkuangdwb_5_png,login_fengkuangdwb_6_png,login_fengkuangdwb_7_png,login_fengkuangdwb_8_png,login_fengkuangdwb_9_png","name":"login_fengkuangdwb_sheet2_json"},{"type":"sheet","url":"login_fengkuangjingji/login_fengkuangjingji_sheet2.json?v=39936","subkeys":"login_fengkuangjingji_19_png,login_fengkuangjingji_4_png,login_fengkuangjingji_6_png,login_fengkuangjingji_7_png","name":"login_fengkuangjingji_sheet2_json"},{"type":"sheet","url":"login_fengkuangjingji/login_fengkuangjingji_sheet1.json?v=39936","subkeys":"login_fengkuangjingji_10_png,login_fengkuangjingji_11_png,login_fengkuangjingji_12_png,login_fengkuangjingji_13_png,login_fengkuangjingji_14_png,login_fengkuangjingji_15_png,login_fengkuangjingji_16_png,login_fengkuangjingji_17_png,login_fengkuangjingji_18_png,login_fengkuangjingji_20_png,login_fengkuangjingji_21_png,login_fengkuangjingji_2_png,login_fengkuangjingji_3_png,login_fengkuangjingji_5_png,login_fengkuangjingji_8_png,login_fengkuangjingji_9_png","name":"login_fengkuangjingji_sheet1_json"},{"type":"image","url":"login_fengkuangjingji/login_fengkuangjingji_1.jpg?v=17478","name":"login_fengkuangjingji_1_jpg"},{"type":"sheet","url":"login_fengkuangdwb/login_fengkuangdwb_sheet1.json?v=39936","subkeys":"login_fengkuangdwb_13_png,login_fengkuangdwb_21_png,login_fengkuangdwb_2_png","name":"login_fengkuangdwb_sheet1_json"},{"type":"image","url":"login_fengkuangdwb/login_fengkuangdwb_1.jpg?v=17478","name":"login_fengkuangdwb_1_jpg"},{"type":"image","url":"zz_jinyuanbao/jinyuanbao_logo.png","name":"jinyuanbao_logo_png"}],"groups":[{"keys":"fishing_common_sheet1_json","name":"fishing_common"},{"keys":"fishing_sheet1_json,fishing_sheet2_json,fishing_sheet3_json","name":"fishing"},{"keys":"cat_fishing_sheet1_json,cat_fishing_sheet2_json,cat_fishing_sheet3_json,cat_fishing_sheet4_json,cat_fishing_sheet5_json","name":"cat_fishing"},{"keys":"haoku_logo_png","name":"zz_haoku"},{"keys":"common_sheet1_json","name":"common"},{"keys":"daily_sign_sheet1_json","name":"daily_sign"},{"keys":"doll_h_bg_1_png,doll_h_bottom_bg_png,doll_hall_light_0_png,doll_hall_light_1_png,doll_hall_light_2_png,doll_sheet1_json,doll_sheet2_json,doll_sheet3_json","name":"doll"},{"keys":"doll_shop_sheet1_json","name":"doll_shop"},{"keys":"farm_bg_2_png,farm_sheet1_json,farm_sheet2_json,farm_sheet3_json,farm_sheet4_json","name":"farm"},{"keys":"farm_record_sheet1_json","name":"farm_record"},{"keys":"favicon_sheet1_json","name":"favicon"},{"keys":"fishing_gift_animation_sheet1_json,fishing_gift_animation_sheet2_json","name":"fishing_gift_animation"},{"keys":"fishing_great_bg_png,fishing_great_record_sheet1_json","name":"fishing_great_record"},{"keys":"fish_goldbox_sheet1_json,fish_goldbox_sheet2_json","name":"fish_goldbox"},{"keys":"game_icon_sheet1_json","name":"game_icon"},{"keys":"guess_sheet1_json","name":"guess"},{"keys":"guess_daily_sheet1_json,guess_daily_sheet2_json","name":"guess_daily"},{"keys":"guess_record_sheet1_json,guess_record_sheet2_json,guess_record_sheet3_json","name":"guess_record"},{"keys":"home_sheet1_json","name":"home"},{"keys":"loading_sheet1_json","name":"loading"},{"keys":"luck_duilian_bg_jpg,luck_open_left_jpg,luck_open_right_jpg,luck_sheet1_json,luck_sheet2_json,luck_sheet3_json,luck_sheet4_json","name":"luck"},{"keys":"luck_bet_record_sheet1_json","name":"luck_bet_record"},{"keys":"luck_open_record_sheet1_json,luck_open_record_sheet2_json,luck_open_record_sheet3_json","name":"luck_open_record"},{"keys":"prize_icon_title_png,prize_phone_bar_png","name":"prize_platform"},{"keys":"race_sheet1_json,race_sheet2_json","name":"race"},{"keys":"race_animal_sheet1_json","name":"race_animal"},{"keys":"race_record_sheet1_json","name":"race_record"},{"keys":"rank_profit_ad_jpg,rank_sheet1_json,rank_wealth_ad_jpg","name":"rank"},{"keys":"rps_bg_png,rps_sheet1_json,rps_sheet2_json","name":"rps"},{"keys":"rps_hero3_sheet1_json","name":"rps_hero3"},{"keys":"rps_hero4_sheet1_json","name":"rps_hero4"},{"keys":"rps_record_sheet1_json","name":"rps_record"},{"keys":"rps_result_sheet1_json","name":"rps_result"},{"keys":"share_bg_jpg,share_sheet1_json","name":"share"},{"keys":"shop_sheet1_json","name":"shop"},{"keys":"stock_sheet1_json,stock_sheet2_json","name":"stock"},{"keys":"stock_record_sheet1_json,stock_record_sheet2_json","name":"stock_record"},{"keys":"sug_btn_close_png,sug_icon_png","name":"suggestion"},{"keys":"zoo_sheet1_json,zoo_sheet2_json,zoo_sheet3_json,zoo_sheet4_json","name":"zoo"},{"keys":"zoo_animal_sheet1_json,zoo_animal_sheet2_json,zoo_animal_sheet3_json","name":"zoo_animal"},{"keys":"zoo_effect2_sheet1_json","name":"zoo_effect2"},{"keys":"zoo_effect3_sheet1_json","name":"zoo_effect3"},{"keys":"zoo_effect4_sheet1_json","name":"zoo_effect4"},{"keys":"zoo_effect5_sheet1_json","name":"zoo_effect5"},{"keys":"zoo_num_sheet1_json","name":"zoo_num"},{"keys":"zoo_record_sheet1_json","name":"zoo_record"},{"keys":"tiantian_logo_png","name":"zz_tiantian"},{"keys":"aileyouxiba_logo_png","name":"zz_aileyouxiba"},{"keys":"aitengyou_logo_png","name":"zz_aitengyou"},{"keys":"race_miss_bg_png","name":"race_miss"},{"keys":"emotion_sheet1_json","name":"emotion"},{"keys":"emotion_ani_sheet1_json","name":"emotion_ani"},{"keys":"treasure_bg_png,treasure_sheet1_json,treasure_sheet2_json","name":"treasure"},{"keys":"guide_sheet1_json","name":"guide"},{"keys":"daily_gold_sheet1_json","name":"daily_gold"},{"keys":"laiyun_logo_png","name":"zz_laiyun"},{"keys":"aiwantianxiayou_logo_png","name":"zz_aiwantianxiayou"},{"keys":"maimaichang_logo_png","name":"zz_maimaichang"},{"keys":"fengkuangjingji_logo_png","name":"zz_fengkuangjingji"},{"keys":"lot11x5_sheet1_json","name":"lot11x5"},{"keys":"lot_common_sheet1_json","name":"lot_common"},{"keys":"lot3d_sheet1_json","name":"lot3d"},{"keys":"fruit_bg_png,fruit_sheet1_json,fruit_sheet2_json","name":"fruit"},{"keys":"huanlecaifantian_logo_png","name":"zz_huanlecaifantian"},{"keys":"acount_sheet1_json","name":"acount"},{"keys":"zoo_rank_sheet1_json","name":"zoo_rank"},{"keys":"bottom_bar_sheet1_json","name":"bottom_bar"},{"keys":"player_sheet1_json,player_sheet2_json","name":"player"},{"keys":"zoo_elep_come_sheet1_json","name":"zoo_elep_come"},{"keys":"zoo_hip_effect_sheet1_json","name":"zoo_hip_effect"},{"keys":"zoo_elep_effect_sheet1_json","name":"zoo_elep_effect"},{"keys":"zoo_lightn_effect_sheet1_json,zoo_lightn_effect_sheet2_json","name":"zoo_lightn_effect"},{"keys":"zoo_ice_effect_sheet1_json,zoo_ice_effect_sheet2_json","name":"zoo_ice_effect"},{"keys":"aixibuyouleba_logo_png","name":"zz_aixibuyouleba"},{"keys":"xiyouji_bg_1_png,xiyouji_light_0_png,xiyouji_light_1_png,xiyouji_light_2_png,xiyouji_light_3_png,xiyouji_sheet1_json,xiyouji_sheet2_json,xiyouji_sheet3_json","name":"xiyouji"},{"keys":"treasure_bg_2_png,treasure_windows_sheet1_json,treasure_windows_sheet2_json","name":"treasure_windows"},{"keys":"bocaiyouleba_logo_png","name":"zz_bocaiyouleba"},{"keys":"xinjiangquwan_logo_png","name":"zz_xinjiangquwan"},{"keys":"bbyulechang_logo_png","name":"zz_bbyulechang"},{"keys":"fengkuangyouleba_logo_png","name":"zz_fengkuangyouleba"},{"keys":"mayiyoule_logo_png","name":"zz_mayiyoule"},{"keys":"zoopc_1040_png,zoopc_1056_png,zoopc_1057_png,zoopc_1058_png,zoopc_1070_png,zoopc_812_png,zoopc_813_png,zoopc_814_png,zoopc_815_png,zoopc_816_png,zoopc_817_png,zoopc_818_png,zoopc_819_png,zoopc_820_png,zoopc_821_png,zoopc_822_png,zoopc_823_png,zoopc_824_png,zoopc_825_png,zoopc_826_png,zoopc_912_png,zoopc_sheet1_json,zoopc_sheet2_json,zoopc_sheet3_json,zoopc_sheet4_json,zoopc_sheet5_json,zoopc_sheet6_json,zoopc_sheet7_json,zoopc_sheet8_json","name":"zoopc"},{"keys":"zoobuff_sheet1_json","name":"zoobuff"},{"keys":"zoo_extral_ani_sheet1_json","name":"zoo_extral_ani"},{"keys":"zoopcact_groud_png,zoopcact_light_png,zoopcact_sheet1_json,zoopcact_sky_png,zoopcact_tree_png","name":"zoopcact"},{"keys":"rank_window_sheet1_json,rank_window_sheet2_json","name":"rank_window"},{"keys":"fengkuangdwb_logo_png","name":"zz_fengkuangdwb"},{"keys":"login_262_jpg,login_guide_png,login_new_sheet1_json","name":"login_new"},{"keys":"tudouyule_logo_png","name":"zz_tudouyule"},{"keys":"zoo_login_bg_png,zoo_room_sheet1_json,zoo_room_sheet2_json","name":"zoo_room"},{"keys":"login_aileyouxiba_3_jpg,login_aileyouxiba_sheet1_json,login_aileyouxiba_sheet2_json","name":"login_aileyouxiba"},{"keys":"login_bocaiyouleba_2_jpg,login_bocaiyouleba_sheet1_json,login_bocaiyouleba_sheet2_json","name":"login_bocaiyouleba"},{"keys":"fengmiyoule_logo_png","name":"zz_fengmiyoule"},{"keys":"login_mayiyoule_1_jpg,login_mayiyoule_sheet1_json,login_mayiyoule_sheet2_json","name":"login_mayiyoule"},{"keys":"login_maimaichang_4_jpg,login_maimaichang_sheet1_json","name":"login_maimaichang"},{"keys":"login_haoku_1_jpg,login_haoku_sheet1_json,login_haoku_sheet2_json","name":"login_haoku"},{"keys":"login_262_jpg,login_fengkuangyouleba_sheet1_json,login_guide_png","name":"login_fengkuangyouleba"},{"keys":"login_fengkuangdwb_1_jpg,login_fengkuangdwb_sheet1_json,login_fengkuangdwb_sheet2_json","name":"login_fengkuangdwb"},{"keys":"login_fengkuangjingji_1_jpg,login_fengkuangjingji_sheet1_json,login_fengkuangjingji_sheet2_json","name":"login_fengkuangjingji"},{"keys":"login_xinjiangquwan_1_jpg,login_xinjiangquwan_sheet1_json,login_xinjiangquwan_sheet2_json","name":"login_xinjiangquwan"},{"keys":"login_laiyun_1_jpg,login_laiyun_sheet1_json,login_laiyun_sheet2_json,login_laiyun_sheet3_json","name":"login_laiyun"},{"keys":"login_tudouyule_1_jpg,login_tudouyule_sheet1_json,login_tudouyule_sheet2_json","name":"login_tudouyule"},{"keys":"zoo_auto_sheet1_json","name":"zoo_auto"},{"keys":"wangzheyoule_logo_png","name":"zz_wangzheyoule"},{"keys":"xiaofuweng_logo_png","name":"zz_xiaofuweng"},{"keys":"huanledongwucheng_logo_png","name":"zz_huanledongwucheng"},{"keys":"renren_logo_png","name":"zz_renren"},{"keys":"changwanlefantian_logo_png","name":"zz_changwanlefantian"},{"keys":"menghuanyouleyuan_logo_png","name":"zz_menghuanyouleyuan"},{"keys":"red_bag_sheet1_json","name":"red_bag"},{"keys":"aidongwuba_logo_png","name":"zz_aidongwuba"},{"keys":"dongwuwangguo_logo_png","name":"zz_dongwuwangguo"},{"keys":"zoo_frenzy_effect_sheet1_json,zoo_frenzy_effect_sheet2_json","name":"zoo_frenzy_effect"},{"keys":"zoo_frenzy_num_sheet1_json","name":"zoo_frenzy_num"},{"keys":"zoo_frenzy_num_effect_sheet1_json,zoo_frenzy_num_effect_sheet2_json","name":"zoo_frenzy_num_effect"},{"keys":"jinyuanbao_logo_png","name":"zz_jinyuanbao"}]}