{
"file": "fish_goldbox_sheet2.png",
"frames": {
    "fish_goldbox_bg_2_png":{"x":1,"y": 490,"w": 196, "h":294,"offX":0,"offY":0,"sourceW":196,"sourceH":294}, 
    "fish_goldbox_exit_bg_png":{"x":1,"y": 1,"w": 706, "h":488,"offX":0,"offY":0,"sourceW":706,"sourceH":488}, 
    "fish_goldbox_goldbar_png":{"x":198,"y": 687,"w": 297, "h":89,"offX":0,"offY":0,"sourceW":297,"sourceH":89}, 
    "fish_goldbox_img_png":{"x":198,"y": 490,"w": 196, "h":196,"offX":0,"offY":0,"sourceW":196,"sourceH":196}, 
    "fishing_btn_duble_png":{"x":496,"y": 648,"w": 169, "h":72,"offX":0,"offY":0,"sourceW":169,"sourceH":72}, 
    "fishing_goldbox_1_png":{"x":567,"y": 490,"w": 169, "h":157,"offX":0,"offY":0,"sourceW":169,"sourceH":157}, 
    "fishing_goldbox_2_png":{"x":395,"y": 490,"w": 171, "h":157,"offX":0,"offY":0,"sourceW":171,"sourceH":157}, 
    "fishing_lbl_3_png":{"x":496,"y": 721,"w": 41, "h":40,"offX":0,"offY":0,"sourceW":41,"sourceH":40}, 
    "fishing_lbl_4_png":{"x":538,"y": 721,"w": 41, "h":39,"offX":0,"offY":0,"sourceW":41,"sourceH":39}
},
"SmartUpdateHash": "$TexturePacker:SmartUpdate:5f1b1fc2e0151f64faeb7d26ef2f7521:ee4ed49b81c18b97d91860fb8671b88b:9abedd2b5fbf6f94db30854b6be0e151$"
}