{
"file": "guide_sheet1.png",
"frames": {
    "guide_arrow_png":{"x":1,"y": 1,"w": 72, "h":111,"offX":0,"offY":0,"sourceW":72,"sourceH":111}, 
    "guide_btn_next_png":{"x":423,"y": 1,"w": 292, "h":93,"offX":0,"offY":0,"sourceW":292,"sourceH":93}, 
    "guide_target_rect_png":{"x":74,"y": 1,"w": 348, "h":104,"offX":0,"offY":0,"sourceW":348,"sourceH":104}
},
"SmartUpdateHash": "$TexturePacker:SmartUpdate:f6d412378eefa3b52f4c6a4d4b4644c4:01cecc76de3fca1baa94c2aa443be37e:ca57cc00ac37a6770b42d9476c1c0593$"
}