{
"file": "guess_record_sheet1.png",
"frames": {
    "guess_record_bg2_png":{"x":1,"y": 1,"w": 750, "h":885,"offX":0,"offY":0,"sourceW":750,"sourceH":885}, 
    "guess_record_guess_png":{"x":1,"y": 887,"w": 89, "h":92,"offX":0,"offY":0,"sourceW":89,"sourceH":92}, 
    "guess_record_yes_png":{"x":91,"y": 887,"w": 41, "h":41,"offX":0,"offY":0,"sourceW":41,"sourceH":41}
},
"SmartUpdateHash": "$TexturePacker:SmartUpdate:b975276246767e9adbb92356f0f00c12:c8c84129620abf94706d5a16818e8928:d21e162ec4115282f0556e7213905aef$"
}