{
"file": "common_sheet1.png",
"frames": {
    "btn_select1_png":{"x":303,"y": 1,"w": 60, "h":60,"offX":0,"offY":0,"sourceW":60,"sourceH":60}, 
    "btn_select2_png":{"x":201,"y": 1,"w": 101, "h":99,"offX":0,"offY":0,"sourceW":101,"sourceH":99}, 
    "checkbox_select_up_png":{"x":364,"y": 49,"w": 23, "h":23,"offX":0,"offY":0,"sourceW":23,"sourceH":23}, 
    "checkbox_unselect_png":{"x":303,"y": 73,"w": 23, "h":23,"offX":0,"offY":0,"sourceW":23,"sourceH":23}, 
    "head_default_png":{"x":302,"y": 101,"w": 93, "h":93,"offX":0,"offY":0,"sourceW":93,"sourceH":93}, 
    "icon_arrow_png":{"x":327,"y": 73,"w": 17, "h":13,"offX":0,"offY":0,"sourceW":17,"sourceH":13}, 
    "loading_png":{"x":1,"y": 1,"w": 199, "h":198,"offX":0,"offY":0,"sourceW":199,"sourceH":198}, 
    "rank_vip_1_png":{"x":364,"y": 1,"w": 30, "h":15,"offX":0,"offY":0,"sourceW":30,"sourceH":15}, 
    "rank_vip_2_png":{"x":364,"y": 17,"w": 30, "h":15,"offX":0,"offY":0,"sourceW":30,"sourceH":15}, 
    "rank_vip_3_png":{"x":364,"y": 33,"w": 30, "h":15,"offX":0,"offY":0,"sourceW":30,"sourceH":15}, 
    "sug_icon_png":{"x":201,"y": 101,"w": 100, "h":100,"offX":0,"offY":0,"sourceW":100,"sourceH":100}
},
"SmartUpdateHash": "$TexturePacker:SmartUpdate:4aefc9338450c7763e77fc97420b4dbb:212c01aef0dd8991f33eaa58dca2c992:cb243b5f0a1f1858b5d896a382b212dc$"
}