{
"file": "xiyouji_sheet1.png",
"frames": {
    "xiyouji_bg_21_png":{"x":1,"y": 1,"w": 676, "h":674,"offX":0,"offY":0,"sourceW":676,"sourceH":674}, 
    "xiyouji_bg_3_png":{"x":132,"y": 919,"w": 91, "h":56,"offX":0,"offY":0,"sourceW":91,"sourceH":56}, 
    "xiyouji_bg_4_png":{"x":196,"y": 759,"w": 261, "h":70,"offX":0,"offY":0,"sourceW":261,"sourceH":70}, 
    "xiyouji_bg_5_png":{"x":1,"y": 919,"w": 130, "h":45,"offX":0,"offY":0,"sourceW":130,"sourceH":45}, 
    "xiyouji_btn_3_png":{"x":458,"y": 759,"w": 124, "h":124,"offX":0,"offY":0,"sourceW":124,"sourceH":124}, 
    "xiyouji_icon_1_png":{"x":196,"y": 830,"w": 54, "h":54,"offX":0,"offY":0,"sourceW":54,"sourceH":54}, 
    "xiyouji_icon_4_png":{"x":1,"y": 676,"w": 194, "h":242,"offX":0,"offY":0,"sourceW":194,"sourceH":242}, 
    "xiyouji_icon_7_png":{"x":678,"y": 1,"w": 44, "h":37,"offX":0,"offY":0,"sourceW":44,"sourceH":37}, 
    "xiyouji_role_10_png":{"x":336,"y": 830,"w": 95, "h":116,"offX":0,"offY":0,"sourceW":95,"sourceH":116}, 
    "xiyouji_role_2_png":{"x":642,"y": 869,"w": 77, "h":110,"offX":0,"offY":0,"sourceW":77,"sourceH":110}, 
    "xiyouji_role_3_png":{"x":432,"y": 884,"w": 104, "h":103,"offX":0,"offY":0,"sourceW":104,"sourceH":103}, 
    "xiyouji_role_5_png":{"x":537,"y": 884,"w": 104, "h":96,"offX":0,"offY":0,"sourceW":104,"sourceH":96}, 
    "xiyouji_role_7_png":{"x":224,"y": 885,"w": 111, "h":94,"offX":0,"offY":0,"sourceW":111,"sourceH":94}, 
    "xiyouji_role_9_png":{"x":583,"y": 759,"w": 88, "h":109,"offX":0,"offY":0,"sourceW":88,"sourceH":109}, 
    "xiyouji_title_bg_png":{"x":196,"y": 676,"w": 528, "h":82,"offX":0,"offY":0,"sourceW":528,"sourceH":82}
},
"SmartUpdateHash": "$TexturePacker:SmartUpdate:f4b37a65539f72800c0e2ad8dfc51c3d:9723520e33fcac4d238898bb952393f9:e13bc2b19465c96dc2d8bad2950622aa$"
}