{
"file": "xiyouji_sheet2.png",
"frames": {
    "xiyouji_bg_2_png":{"x":1,"y": 1,"w": 676, "h":674,"offX":0,"offY":0,"sourceW":676,"sourceH":674}, 
    "xiyouji_icon_3_png":{"x":292,"y": 676,"w": 247, "h":249,"offX":0,"offY":0,"sourceW":247,"sourceH":249}, 
    "xiyouji_icon_6_png":{"x":1,"y": 676,"w": 290, "h":291,"offX":0,"offY":0,"sourceW":290,"sourceH":291}, 
    "xiyouji_role_1_png":{"x":639,"y": 774,"w": 72, "h":112,"offX":0,"offY":0,"sourceW":72,"sourceH":112}, 
    "xiyouji_role_11_png":{"x":540,"y": 676,"w": 98, "h":97,"offX":0,"offY":0,"sourceW":98,"sourceH":97}, 
    "xiyouji_role_12_png":{"x":632,"y": 887,"w": 93, "h":85,"offX":0,"offY":0,"sourceW":93,"sourceH":85}, 
    "xiyouji_role_4_png":{"x":540,"y": 774,"w": 98, "h":97,"offX":0,"offY":0,"sourceW":98,"sourceH":97}, 
    "xiyouji_role_6_png":{"x":540,"y": 872,"w": 91, "h":100,"offX":0,"offY":0,"sourceW":91,"sourceH":100}, 
    "xiyouji_role_8_png":{"x":639,"y": 676,"w": 88, "h":97,"offX":0,"offY":0,"sourceW":88,"sourceH":97}
},
"SmartUpdateHash": "$TexturePacker:SmartUpdate:f4b37a65539f72800c0e2ad8dfc51c3d:9723520e33fcac4d238898bb952393f9:e13bc2b19465c96dc2d8bad2950622aa$"
}