{
"file": "race_sheet2.png",
"frames": {
    "race_bighead_1_png":{"x":161,"y": 189,"w": 83, "h":95,"offX":4,"offY":0,"sourceW":91,"sourceH":95}, 
    "race_bighead_2_png":{"x":161,"y": 95,"w": 85, "h":93,"offX":0,"offY":2,"sourceW":91,"sourceH":95}, 
    "race_bighead_4_png":{"x":161,"y": 285,"w": 77, "h":93,"offX":2,"offY":2,"sourceW":91,"sourceH":95}, 
    "race_bighead_5_png":{"x":161,"y": 1,"w": 91, "h":93,"offX":0,"offY":2,"sourceW":91,"sourceH":95}, 
    "race_btn_menu_png":{"x":161,"y": 379,"w": 82, "h":82,"offX":0,"offY":0,"sourceW":82,"sourceH":82}, 
    "race_btn_return_png":{"x":161,"y": 462,"w": 82, "h":82,"offX":0,"offY":0,"sourceW":82,"sourceH":82}, 
    "race_bubble_png":{"x":97,"y": 585,"w": 73, "h":76,"offX":0,"offY":0,"sourceW":73,"sourceH":76}, 
    "race_lane_png":{"x":1,"y": 1,"w": 60, "h":640,"offX":0,"offY":0,"sourceW":60,"sourceH":640}, 
    "race_num_png":{"x":97,"y": 1,"w": 63, "h":583,"offX":0,"offY":0,"sourceW":63,"sourceH":583}, 
    "race_smallhead_1_png":{"x":182,"y": 673,"w": 54, "h":60,"offX":2,"offY":4,"sourceW":58,"sourceH":66}, 
    "race_smallhead_2_png":{"x":1,"y": 642,"w": 58, "h":60,"offX":0,"offY":0,"sourceW":58,"sourceH":66}, 
    "race_smallhead_3_png":{"x":131,"y": 662,"w": 50, "h":64,"offX":3,"offY":2,"sourceW":58,"sourceH":66}, 
    "race_smallhead_4_png":{"x":182,"y": 606,"w": 48, "h":66,"offX":6,"offY":0,"sourceW":58,"sourceH":66}, 
    "race_smallhead_5_png":{"x":171,"y": 545,"w": 58, "h":60,"offX":0,"offY":0,"sourceW":58,"sourceH":66}, 
    "race_smoke_png":{"x":60,"y": 662,"w": 70, "h":61,"offX":0,"offY":0,"sourceW":70,"sourceH":61}, 
    "race_startpoint_png":{"x":62,"y": 1,"w": 34, "h":660,"offX":0,"offY":0,"sourceW":34,"sourceH":660}
},
"SmartUpdateHash": "$TexturePacker:SmartUpdate:800f077a529bdc6b25bf8fa8fd159272:8e4e0e78b59e224bcdb5e8430f8bbc66:ce12c371fa7416e89de5dd4d1da305cb$"
}