{
"file": "rank_window_sheet1.png",
"frames": {
    "zoo_rank_100_png":{"x":642,"y": 1,"w": 90, "h":90,"offX":0,"offY":0,"sourceW":90,"sourceH":90}, 
    "zoo_rank_101_png":{"x":1,"y": 1,"w": 640, "h":481,"offX":0,"offY":0,"sourceW":640,"sourceH":481}, 
    "zoo_rank_102_png":{"x":1,"y": 813,"w": 430, "h":77,"offX":0,"offY":0,"sourceW":430,"sourceH":77}, 
    "zoo_rank_103_png":{"x":1,"y": 483,"w": 329, "h":329,"offX":0,"offY":0,"sourceW":329,"sourceH":329}, 
    "zoo_rank_104_png":{"x":331,"y": 483,"w": 425, "h":140,"offX":0,"offY":0,"sourceW":425,"sourceH":140}, 
    "zoo_rank_105_png":{"x":432,"y": 624,"w": 253, "h":228,"offX":0,"offY":0,"sourceW":253,"sourceH":228}
},
"SmartUpdateHash": "$TexturePacker:SmartUpdate:fff1d9ab8d7cc2fbdbc20c6243585924:54ee76611166d56caadbeae6f21e89b9:d6199321d8e48efe10d4c99c18b04908$"
}