{
"file": "login_xinjiangquwan_sheet1.png",
"frames": {
    "login_xinjiangquwan_14_png":{"x":631,"y": 674,"w": 125, "h":43,"offX":0,"offY":0,"sourceW":125,"sourceH":43}, 
    "login_xinjiangquwan_15_png":{"x":631,"y": 762,"w": 121, "h":43,"offX":0,"offY":0,"sourceW":121,"sourceH":43}, 
    "login_xinjiangquwan_16_png":{"x":631,"y": 718,"w": 124, "h":43,"offX":0,"offY":0,"sourceW":124,"sourceH":43}, 
    "login_xinjiangquwan_17_png":{"x":631,"y": 616,"w": 127, "h":57,"offX":0,"offY":0,"sourceW":127,"sourceH":57}, 
    "login_xinjiangquwan_18_png":{"x":446,"y": 916,"w": 249, "h":55,"offX":0,"offY":0,"sourceW":249,"sourceH":55}, 
    "login_xinjiangquwan_19_png":{"x":1,"y": 1,"w": 679, "h":614,"offX":0,"offY":0,"sourceW":679,"sourceH":614}, 
    "login_xinjiangquwan_2_png":{"x":1,"y": 827,"w": 444, "h":150,"offX":0,"offY":0,"sourceW":444,"sourceH":150}, 
    "login_xinjiangquwan_4_png":{"x":446,"y": 827,"w": 197, "h":88,"offX":0,"offY":0,"sourceW":197,"sourceH":88}, 
    "login_xinjiangquwan_6_png":{"x":1,"y": 616,"w": 209, "h":210,"offX":0,"offY":0,"sourceW":209,"sourceH":210}, 
    "login_xinjiangquwan_7_png":{"x":211,"y": 616,"w": 209, "h":210,"offX":0,"offY":0,"sourceW":209,"sourceH":210}, 
    "login_xinjiangquwan_8_png":{"x":421,"y": 616,"w": 209, "h":210,"offX":0,"offY":0,"sourceW":209,"sourceH":210}
},
"SmartUpdateHash": "$TexturePacker:SmartUpdate:823d8debe990586fcbc53d0cf5c4a02a:35ccebf44dd6fd8f22751d6933f4f80f:8d579b6ac5914bee0b33ae4a629a7f0b$"
}