{
"file": "login_xinjiangquwan_sheet2.png",
"frames": {
    "login_xinjiangquwan_10_png":{"x":542,"y": 59,"w": 179, "h":46,"offX":0,"offY":0,"sourceW":179,"sourceH":46}, 
    "login_xinjiangquwan_11_png":{"x":1,"y": 80,"w": 179, "h":45,"offX":0,"offY":0,"sourceW":179,"sourceH":45}, 
    "login_xinjiangquwan_12_png":{"x":1,"y": 1,"w": 179, "h":78,"offX":0,"offY":0,"sourceW":179,"sourceH":78}, 
    "login_xinjiangquwan_13_png":{"x":361,"y": 1,"w": 380, "h":57,"offX":0,"offY":0,"sourceW":380,"sourceH":57}, 
    "login_xinjiangquwan_3_png":{"x":181,"y": 1,"w": 179, "h":78,"offX":0,"offY":0,"sourceW":179,"sourceH":78}, 
    "login_xinjiangquwan_5_png":{"x":361,"y": 1,"w": 380, "h":57,"offX":0,"offY":0,"sourceW":380,"sourceH":57}, 
    "login_xinjiangquwan_9_png":{"x":361,"y": 59,"w": 180, "h":46,"offX":0,"offY":0,"sourceW":180,"sourceH":46}
},
"SmartUpdateHash": "$TexturePacker:SmartUpdate:823d8debe990586fcbc53d0cf5c4a02a:35ccebf44dd6fd8f22751d6933f4f80f:8d579b6ac5914bee0b33ae4a629a7f0b$"
}