{"groups":[{"keys":"selected_png,border_png,header_png,radiobutton_select_disabled_png,radiobutton_select_down_png,radiobutton_select_up_png,radiobutton_unselect_png,roundthumb_png,thumb_png,track_png,tracklight_png,handle_png,off_png,on_png,button_down_png,button_up_png,thumb_pb_png,track_pb_png,track_sb_png","name":"preload"},{"keys":"protobuf_proto","name":"preload_core"}],"resources":[{"type":"image","url":"eui_assets/ItemRenderer/selected.png?v=9298","name":"selected_png"},{"type":"image","url":"eui_assets/Panel/border.png?v=9298","name":"border_png"},{"type":"image","url":"eui_assets/Panel/header.png?v=9298","name":"header_png"},{"type":"image","url":"eui_assets/RadioButton/radiobutton_select_disabled.png?v=9298","name":"radiobutton_select_disabled_png"},{"type":"image","url":"eui_assets/RadioButton/radiobutton_select_down.png?v=9298","name":"radiobutton_select_down_png"},{"type":"image","url":"eui_assets/RadioButton/radiobutton_select_up.png?v=9298","name":"radiobutton_select_up_png"},{"type":"image","url":"eui_assets/RadioButton/radiobutton_unselect.png?v=9298","name":"radiobutton_unselect_png"},{"type":"image","url":"eui_assets/ScrollBar/roundthumb.png?v=9298","name":"roundthumb_png"},{"type":"image","url":"eui_assets/Slider/thumb.png?v=9298","name":"thumb_png"},{"type":"image","url":"eui_assets/Slider/track.png?v=9298","name":"track_png"},{"type":"image","url":"eui_assets/Slider/tracklight.png?v=9298","name":"tracklight_png"},{"type":"image","url":"eui_assets/ToggleSwitch/handle.png?v=9298","name":"handle_png"},{"type":"image","url":"eui_assets/ToggleSwitch/off.png?v=9298","name":"off_png"},{"type":"image","url":"eui_assets/ToggleSwitch/on.png?v=9298","name":"on_png"},{"type":"image","url":"eui_assets/Button/button_down.png?v=9298","name":"button_down_png"},{"type":"image","url":"eui_assets/Button/button_up.png?v=9298","name":"button_up_png"},{"type":"image","url":"eui_assets/ProgressBar/thumb_pb.png?v=9298","name":"thumb_pb_png"},{"type":"image","url":"eui_assets/ProgressBar/track_pb.png?v=9298","name":"track_pb_png"},{"type":"image","url":"eui_assets/ScrollBar/track_sb.png?v=9298","name":"track_sb_png"},{"type":"json","url":"config/global.json?v=19831","name":"global"},{"type":"text","url":"proto/protobuf.proto?v=36906","name":"protobuf_proto"}]}