{"groups":[{"keys":"common_sheet1_json","name":"common"},{"keys":"guess_sheet1_json","name":"guess"},{"keys":"playercount_sheet1_json","name":"playercount"},{"keys":"Goods_sheet1_json","name":"Goods"}],"resources":[{"type":"sheet","subkeys":"btn_select1_png,btn_select2_png,checkbox_select_up_png,checkbox_unselect_png,head_default_png,icon_arrow_png,loading_png,rank_vip_1_png,rank_vip_2_png,rank_vip_3_png,sug_icon_png","url":"common/common_sheet1.json?v=16240","name":"common_sheet1_json"},{"type":"sheet","subkeys":"guess_btn_return_png,guess_img_default_png,guess_main_return_png,share_icon_add_png","url":"guess/guess_sheet1.json?v=13356","name":"guess_sheet1_json"},{"type":"sheet","subkeys":"bg_trend_png","url":"playercount/playercount_sheet1.json?v=13356","name":"playercount_sheet1_json"},{"type":"sheet","subkeys":"prize_chip_png,prize_gold_png,prize_gprs_png,prize_jd_card_png,prize_phone_card_png,prize_red_bag_png,prizep_phone_bg_png","url":"Goods/Goods_sheet1.json?v=13356","name":"Goods_sheet1_json"}]}