{
"file": "home_sheet1.png",
"frames": {
    "home_gift_icon_png":{"x":105,"y": 889,"w": 73, "h":80,"offX":0,"offY":0,"sourceW":73,"sourceH":80}, 
    "home_icon_1_png":{"x":179,"y": 930,"w": 145, "h":40,"offX":0,"offY":0,"sourceW":145,"sourceH":40}, 
    "home_icon_2_png":{"x":370,"y": 930,"w": 144, "h":36,"offX":0,"offY":0,"sourceW":144,"sourceH":36}, 
    "home_icon_3_png":{"x":179,"y": 889,"w": 146, "h":40,"offX":0,"offY":0,"sourceW":146,"sourceH":40}, 
    "home_icon_4_png":{"x":367,"y": 889,"w": 2, "h":40,"offX":0,"offY":0,"sourceW":2,"sourceH":40}, 
    "home_icon_5_png":{"x":370,"y": 889,"w": 2, "h":40,"offX":0,"offY":0,"sourceW":2,"sourceH":40}, 
    "home_icon_6_png":{"x":1,"y": 463,"w": 750, "h":58,"offX":0,"offY":0,"sourceW":750,"sourceH":58}, 
    "home_icon_7_png":{"x":1,"y": 889,"w": 103, "h":103,"offX":0,"offY":0,"sourceW":103,"sourceH":103}, 
    "home_icon_8_png":{"x":325,"y": 930,"w": 44, "h":40,"offX":0,"offY":0,"sourceW":44,"sourceH":40}, 
    "home_icon_charge_png":{"x":1,"y": 753,"w": 375, "h":135,"offX":0,"offY":0,"sourceW":375,"sourceH":135}, 
    "home_icon_complain_png":{"x":373,"y": 889,"w": 35, "h":35,"offX":0,"offY":0,"sourceW":35,"sourceH":35}, 
    "home_icon_doll_png":{"x":377,"y": 753,"w": 375, "h":135,"offX":0,"offY":0,"sourceW":375,"sourceH":135}, 
    "home_icon_focus_png":{"x":409,"y": 889,"w": 32, "h":31,"offX":0,"offY":0,"sourceW":32,"sourceH":31}, 
    "home_icon_plus_png":{"x":326,"y": 889,"w": 40, "h":40,"offX":0,"offY":0,"sourceW":40,"sourceH":40}, 
    "home_icon_share_png":{"x":515,"y": 918,"w": 29, "h":26,"offX":0,"offY":0,"sourceW":29,"sourceH":26}, 
    "home_icon_task_png":{"x":442,"y": 889,"w": 29, "h":31,"offX":0,"offY":0,"sourceW":29,"sourceH":31}, 
    "home_img_gg_png":{"x":1,"y": 522,"w": 749, "h":230,"offX":0,"offY":0,"sourceW":749,"sourceH":230}, 
    "home_img_gg2_png":{"x":1,"y": 1,"w": 750, "h":230,"offX":0,"offY":0,"sourceW":750,"sourceH":230}, 
    "home_img_gg3_png":{"x":1,"y": 232,"w": 750, "h":230,"offX":0,"offY":0,"sourceW":750,"sourceH":230}, 
    "home_title_color_png":{"x":472,"y": 889,"w": 59, "h":28,"offX":0,"offY":0,"sourceW":59,"sourceH":28}
},
"SmartUpdateHash": "$TexturePacker:SmartUpdate:89e7534f5cda28582ed583c7ff2e8960:aa04f8d3bd099f277f1f416b5eb0441c:66263d15f62f6f5f8c53a1ac811f7335$"
}