{
"file": "luck_open_record_sheet1.png",
"frames": {
    "luck_open_arrow_png":{"x":1,"y": 967,"w": 56, "h":28,"offX":0,"offY":0,"sourceW":56,"sourceH":28}, 
    "luck_open_bg1_png":{"x":1,"y": 1,"w": 750, "h":917,"offX":0,"offY":0,"sourceW":750,"sourceH":917}, 
    "luck_open_bottom2_png":{"x":1,"y": 919,"w": 750, "h":47,"offX":0,"offY":0,"sourceW":750,"sourceH":47}, 
    "luck_open_line_png":{"x":752,"y": 1,"w": 2, "h":439,"offX":0,"offY":0,"sourceW":2,"sourceH":439}
},
"SmartUpdateHash": "$TexturePacker:SmartUpdate:f8f1e9861a781daa162ddcbb2c74f6e0:57363a4aad19fee3dc0a0b89f8e39b9f:54f033f919b85cff9051df0eda7e198a$"
}