{
"file": "cat_fishing_sheet2.png",
"frames": {
    "cat_fishing_VS_png":{"x":601,"y": 781,"w": 146, "h":96,"offX":0,"offY":0,"sourceW":146,"sourceH":96}, 
    "cat_fishing_bet_6_png":{"x":691,"y": 878,"w": 66, "h":69,"offX":0,"offY":0,"sourceW":66,"sourceH":69}, 
    "cat_fishing_cancel_png":{"x":698,"y": 948,"w": 38, "h":38,"offX":0,"offY":0,"sourceW":38,"sourceH":38}, 
    "cat_fishing_draw_png":{"x":601,"y": 666,"w": 157, "h":114,"offX":0,"offY":0,"sourceW":157,"sourceH":114}, 
    "cat_fishing_icon_1_png":{"x":601,"y": 968,"w": 29, "h":31,"offX":0,"offY":0,"sourceW":29,"sourceH":31}, 
    "cat_fishing_icon_2_png":{"x":631,"y": 968,"w": 29, "h":31,"offX":0,"offY":0,"sourceW":29,"sourceH":31}, 
    "cat_fishing_icon_menu_png":{"x":601,"y": 878,"w": 89, "h":89,"offX":0,"offY":0,"sourceW":89,"sourceH":89}, 
    "cat_fishing_record_2_png":{"x":661,"y": 968,"w": 36, "h":30,"offX":0,"offY":0,"sourceW":36,"sourceH":30}, 
    "cat_fishing_red_png":{"x":1,"y": 666,"w": 311, "h":328,"offX":0,"offY":0,"sourceW":311,"sourceH":328}, 
    "cat_fishing_red_boat_png":{"x":313,"y": 666,"w": 287, "h":326,"offX":0,"offY":0,"sourceW":287,"sourceH":326}, 
    "cat_fishing_water_png":{"x":1,"y": 1,"w": 750, "h":664,"offX":0,"offY":0,"sourceW":750,"sourceH":664}
},
"SmartUpdateHash": "$TexturePacker:SmartUpdate:f74b15e16d4441a814d48f269fecc189:f7a90e8e216a0099c921b05aef32f28e:dae4029391fc70eea67f4a810404c48a$"
}