{
"file": "zoobuff_sheet1.png",
"frames": {
    "zoobuff_0_png":{"x":238,"y": 650,"w": 43, "h":35,"offX":0,"offY":0,"sourceW":43,"sourceH":35}, 
    "zoobuff_1_png":{"x":667,"y": 390,"w": 19, "h":35,"offX":12,"offY":0,"sourceW":43,"sourceH":35}, 
    "zoobuff_10_png":{"x":667,"y": 362,"w": 34, "h":27,"offX":0,"offY":0,"sourceW":34,"sourceH":27}, 
    "zoobuff_2_png":{"x":667,"y": 218,"w": 41, "h":35,"offX":1,"offY":0,"sourceW":43,"sourceH":35}, 
    "zoobuff_3_png":{"x":667,"y": 254,"w": 41, "h":35,"offX":1,"offY":0,"sourceW":43,"sourceH":35}, 
    "zoobuff_4_png":{"x":282,"y": 650,"w": 43, "h":35,"offX":0,"offY":0,"sourceW":43,"sourceH":35}, 
    "zoobuff_5_png":{"x":667,"y": 290,"w": 41, "h":35,"offX":1,"offY":0,"sourceW":43,"sourceH":35}, 
    "zoobuff_6_png":{"x":663,"y": 433,"w": 43, "h":35,"offX":0,"offY":0,"sourceW":43,"sourceH":35}, 
    "zoobuff_7_png":{"x":663,"y": 469,"w": 43, "h":35,"offX":0,"offY":0,"sourceW":43,"sourceH":35}, 
    "zoobuff_8_png":{"x":667,"y": 326,"w": 41, "h":35,"offX":1,"offY":0,"sourceW":43,"sourceH":35}, 
    "zoobuff_9_png":{"x":663,"y": 505,"w": 43, "h":35,"offX":0,"offY":0,"sourceW":43,"sourceH":35}, 
    "zoobuff_effect1_png":{"x":1,"y": 1,"w": 353, "h":216,"offX":0,"offY":0,"sourceW":355,"sourceH":216}, 
    "zoobuff_effect2_png":{"x":343,"y": 433,"w": 319, "h":212,"offX":10,"offY":1,"sourceW":355,"sourceH":216}, 
    "zoobuff_effect3_png":{"x":343,"y": 218,"w": 323, "h":214,"offX":8,"offY":0,"sourceW":355,"sourceH":216}, 
    "zoobuff_effect4_png":{"x":355,"y": 1,"w": 337, "h":216,"offX":4,"offY":0,"sourceW":355,"sourceH":216}, 
    "zoobuff_effect5_png":{"x":1,"y": 218,"w": 341, "h":216,"offX":7,"offY":0,"sourceW":355,"sourceH":216}, 
    "zoobuff_effect6_png":{"x":1,"y": 435,"w": 335, "h":214,"offX":4,"offY":0,"sourceW":355,"sourceH":216}, 
    "zoobuff_lianji_png":{"x":566,"y": 646,"w": 101, "h":47,"offX":0,"offY":0,"sourceW":101,"sourceH":47}, 
    "zoobuff_progress_png":{"x":454,"y": 696,"w": 209, "h":13,"offX":3,"offY":3,"sourceW":215,"sourceH":19}, 
    "zoobuff_progress_bg_png":{"x":238,"y": 696,"w": 215, "h":19,"offX":0,"offY":0,"sourceW":215,"sourceH":19}, 
    "zoobuff_up1_png":{"x":1,"y": 650,"w": 236, "h":57,"offX":0,"offY":0,"sourceW":236,"sourceH":57}, 
    "zoobuff_up2_png":{"x":337,"y": 646,"w": 228, "h":49,"offX":2,"offY":3,"sourceW":236,"sourceH":57}
},
"SmartUpdateHash": "$TexturePacker:SmartUpdate:52a6861bff5af02dbb8753c30fdba6a3:0c418b6e5135710230fcc421094b9ba9:25d8ea5e5aa3f2be8a67b807bd5bb852$"
}