{
"file": "farm_record_sheet1.png",
"frames": {
    "farm_arrow_right_png":{"x":715,"y": 100,"w": 18, "h":34,"offX":0,"offY":0,"sourceW":18,"sourceH":34}, 
    "farm_backtofarm_png":{"x":360,"y": 570,"w": 271, "h":71,"offX":0,"offY":0,"sourceW":271,"sourceH":71}, 
    "farm_bg_trend_png":{"x":1,"y": 58,"w": 616, "h":511,"offX":0,"offY":0,"sourceW":616,"sourceH":511}, 
    "farm_dot_2_png":{"x":715,"y": 58,"w": 20, "h":20,"offX":0,"offY":0,"sourceW":20,"sourceH":20}, 
    "farm_dot_4_png":{"x":715,"y": 79,"w": 20, "h":20,"offX":0,"offY":0,"sourceW":20,"sourceH":20}, 
    "farm_line_png":{"x":736,"y": 58,"w": 2, "h":155,"offX":0,"offY":0,"sourceW":2,"sourceH":155}, 
    "farm_record_arrow_png":{"x":618,"y": 58,"w": 96, "h":51,"offX":0,"offY":0,"sourceW":96,"sourceH":51}, 
    "farm_record_title_png":{"x":1,"y": 1,"w": 750, "h":56,"offX":0,"offY":0,"sourceW":750,"sourceH":56}, 
    "farm_record_title2_png":{"x":1,"y": 887,"w": 561, "h":89,"offX":0,"offY":0,"sourceW":561,"sourceH":89}, 
    "farm_result_bg_png":{"x":1,"y": 570,"w": 358, "h":316,"offX":0,"offY":0,"sourceW":358,"sourceH":316}, 
    "farm_trend_dot_png":{"x":618,"y": 110,"w": 18, "h":18,"offX":0,"offY":0,"sourceW":18,"sourceH":18}
},
"SmartUpdateHash": "$TexturePacker:SmartUpdate:2d4a940b02e32057b18e2d96475e1098:3ba94a56a73d56eae5a0f8e767529a09:b6c46cf01cd19d2e24f575f2fea26430$"
}