{
"file": "stock_record_sheet1.png",
"frames": {
    "stock_arrow_png":{"x":436,"y": 897,"w": 18, "h":31,"offX":0,"offY":0,"sourceW":18,"sourceH":31}, 
    "stock_btn_close_png":{"x":1,"y": 897,"w": 90, "h":90,"offX":0,"offY":0,"sourceW":90,"sourceH":90}, 
    "stock_history_green_png":{"x":436,"y": 929,"w": 28, "h":28,"offX":0,"offY":0,"sourceW":28,"sourceH":28}, 
    "stock_history_icon3_png":{"x":465,"y": 925,"w": 27, "h":27,"offX":0,"offY":0,"sourceW":27,"sourceH":27}, 
    "stock_history_icon4_png":{"x":455,"y": 897,"w": 31, "h":27,"offX":0,"offY":0,"sourceW":31,"sourceH":27}, 
    "stock_history_icon5_png":{"x":487,"y": 897,"w": 27, "h":27,"offX":0,"offY":0,"sourceW":27,"sourceH":27}, 
    "stock_history_icon_red_png":{"x":436,"y": 958,"w": 28, "h":28,"offX":0,"offY":0,"sourceW":28,"sourceH":28}, 
    "stock_tab_1_png":{"x":92,"y": 897,"w": 171, "h":79,"offX":0,"offY":0,"sourceW":171,"sourceH":79}, 
    "stock_tab_2_png":{"x":264,"y": 897,"w": 171, "h":79,"offX":0,"offY":0,"sourceW":171,"sourceH":79}, 
    "stock_window_png":{"x":1,"y": 1,"w": 632, "h":895,"offX":0,"offY":0,"sourceW":632,"sourceH":895}
},
"SmartUpdateHash": "$TexturePacker:SmartUpdate:e1799f9d4f44eff04e009eec030c6d9d:c9989c2042a80fb7e56b2cd204661a7a:60b82284f28d7e3fae61245fc5e7b745$"
}