{
"file": "zoo_hip_effect_sheet1.png",
"frames": {
    "zoo_hip_effect1_png":{"x":517,"y": 1,"w": 99, "h":102,"offX":40,"offY":28,"sourceW":179,"sourceH":170}, 
    "zoo_hip_effect2_png":{"x":495,"y": 172,"w": 127, "h":122,"offX":27,"offY":19,"sourceW":179,"sourceH":170}, 
    "zoo_hip_effect3_png":{"x":353,"y": 172,"w": 141, "h":152,"offX":19,"offY":5,"sourceW":179,"sourceH":170}, 
    "zoo_hip_effect4_png":{"x":353,"y": 1,"w": 163, "h":170,"offX":8,"offY":0,"sourceW":179,"sourceH":170}, 
    "zoo_hip_effect5_png":{"x":1,"y": 1,"w": 177, "h":170,"offX":1,"offY":0,"sourceW":179,"sourceH":170}, 
    "zoo_hip_effect6_png":{"x":179,"y": 1,"w": 173, "h":170,"offX":1,"offY":0,"sourceW":179,"sourceH":170}, 
    "zoo_hip_effect7_png":{"x":1,"y": 172,"w": 175, "h":170,"offX":0,"offY":0,"sourceW":179,"sourceH":170}, 
    "zoo_hip_effect8_png":{"x":177,"y": 172,"w": 175, "h":170,"offX":0,"offY":0,"sourceW":179,"sourceH":170}
},
"SmartUpdateHash": "$TexturePacker:SmartUpdate:ec168c3891ae5ca5468f24c5c0230e9a:7d67f3eb68be7f379ae5756cec74d4ff:1e4f66c69dd48a95184732f4f157b8ef$"
}