{
"file": "login_fengkuangdwb_sheet1.png",
"frames": {
    "login_fengkuangdwb_13_png":{"x":519,"y": 719,"w": 207, "h":203,"offX":0,"offY":0,"sourceW":207,"sourceH":203}, 
    "login_fengkuangdwb_2_png":{"x":1,"y": 1,"w": 750, "h":717,"offX":0,"offY":0,"sourceW":750,"sourceH":717}, 
    "login_fengkuangdwb_21_png":{"x":1,"y": 719,"w": 517, "h":228,"offX":0,"offY":0,"sourceW":517,"sourceH":228}
},
"SmartUpdateHash": "$TexturePacker:SmartUpdate:7ad67256f1aed71b17bb6971a9c4b3f0:df28f08b6c6ed0f9c9cb3f258054b67c:adb3c57630c11f0eb35244b3d7736fae$"
}