{
"file": "login_fengkuangdwb_sheet2.png",
"frames": {
    "login_fengkuangdwb_10_png":{"x":317,"y": 423,"w": 181, "h":60,"offX":0,"offY":0,"sourceW":181,"sourceH":60}, 
    "login_fengkuangdwb_11_png":{"x":1,"y": 171,"w": 315, "h":283,"offX":0,"offY":0,"sourceW":315,"sourceH":283}, 
    "login_fengkuangdwb_12_png":{"x":1,"y": 171,"w": 315, "h":283,"offX":0,"offY":0,"sourceW":315,"sourceH":283}, 
    "login_fengkuangdwb_14_png":{"x":317,"y": 171,"w": 191, "h":190,"offX":0,"offY":0,"sourceW":191,"sourceH":190}, 
    "login_fengkuangdwb_15_png":{"x":1,"y": 582,"w": 197, "h":205,"offX":0,"offY":0,"sourceW":197,"sourceH":205}, 
    "login_fengkuangdwb_16_png":{"x":1,"y": 915,"w": 232, "h":59,"offX":0,"offY":0,"sourceW":232,"sourceH":59}, 
    "login_fengkuangdwb_17_png":{"x":234,"y": 873,"w": 233, "h":58,"offX":0,"offY":0,"sourceW":233,"sourceH":58}, 
    "login_fengkuangdwb_18_png":{"x":234,"y": 932,"w": 233, "h":57,"offX":0,"offY":0,"sourceW":233,"sourceH":57}, 
    "login_fengkuangdwb_19_png":{"x":199,"y": 582,"w": 258, "h":101,"offX":0,"offY":0,"sourceW":258,"sourceH":101}, 
    "login_fengkuangdwb_20_png":{"x":199,"y": 684,"w": 256, "h":103,"offX":0,"offY":0,"sourceW":256,"sourceH":103}, 
    "login_fengkuangdwb_3_png":{"x":1,"y": 1,"w": 461, "h":84,"offX":0,"offY":0,"sourceW":461,"sourceH":84}, 
    "login_fengkuangdwb_4_png":{"x":1,"y": 86,"w": 461, "h":84,"offX":0,"offY":0,"sourceW":461,"sourceH":84}, 
    "login_fengkuangdwb_5_png":{"x":234,"y": 788,"w": 249, "h":84,"offX":0,"offY":0,"sourceW":249,"sourceH":84}, 
    "login_fengkuangdwb_6_png":{"x":1,"y": 455,"w": 315, "h":126,"offX":0,"offY":0,"sourceW":315,"sourceH":126}, 
    "login_fengkuangdwb_7_png":{"x":1,"y": 788,"w": 231, "h":126,"offX":0,"offY":0,"sourceW":231,"sourceH":126}, 
    "login_fengkuangdwb_8_png":{"x":317,"y": 362,"w": 182, "h":60,"offX":0,"offY":0,"sourceW":182,"sourceH":60}, 
    "login_fengkuangdwb_9_png":{"x":317,"y": 484,"w": 181, "h":60,"offX":0,"offY":0,"sourceW":181,"sourceH":60}
},
"SmartUpdateHash": "$TexturePacker:SmartUpdate:7ad67256f1aed71b17bb6971a9c4b3f0:df28f08b6c6ed0f9c9cb3f258054b67c:adb3c57630c11f0eb35244b3d7736fae$"
}